snapshot_date,account_id,customer_id,account_type,product_name,opened_date,status,balance,credit_limit,interest_rate,daily_net_amount,daily_txn_count
2025-08-01,ACC0000000046,CUST0000025,LOAN,KPR Rumah,2024-07-01,ACTIVE,0.00,,0.0893,0.00,0
2025-08-01,ACC0000000075,CUST0000039,CREDIT_CARD,Kartu Classic,2022-12-06,ACTIVE,0.00,32112556.50,0.023,-1069658.04,2
2025-08-01,ACC0000000539,CUST0000271,INVESTMENT,Reksa Dana,2024-11-05,ACTIVE,0.00,,0.0678,-1989366.87,3
2025-08-01,ACC0000000845,CUST0000420,CREDIT_CARD,Kartu Platinum,2023-03-07,SUSPENDED,0.00,27992962.13,0.0958,0.00,0
2025-08-01,ACC0000001335,CUST0000671,LOAN,KTA Personal,2023-08-11,ACTIVE,0.00,,0.0232,-1209210.11,2
2025-08-01,ACC0000001344,CUST0000675,LOAN,Kredit Kendaraan,2024-11-04,ACTIVE,0.00,,0.1319,0.00,0
2025-08-01,ACC0000001628,CUST0000820,SAVINGS,Tabungan Berjangka,2024-10-16,ACTIVE,10888603.30,,0.0301,0.00,0
2025-08-01,ACC0000001719,CUST0000867,LOAN,KTA Personal,2023-11-20,ACTIVE,0.00,,0.0358,3716735.53,1
2025-08-01,ACC0000002141,CUST0001077,LOAN,KPR Rumah,2021-10-14,ACTIVE,0.00,,0.1424,0.00,0
2025-08-01,ACC0000002252,CUST0001130,SAVINGS,Tabungan Negara Plus,2021-02-20,ACTIVE,30317870.66,,0.1065,2125440.79,1
2025-08-01,ACC0000002262,CUST0001134,SAVINGS,Tabungan Haji,2024-03-24,ACTIVE,48931421.39,,0.1368,8745837.59,3
2025-08-01,ACC0000002666,CUST0001343,LOAN,KPR Rumah,2021-12-26,ACTIVE,0.00,,0.0239,-7684710.25,2
2025-08-01,ACC0000002706,CUST0001366,SAVINGS,Tabungan Negara Plus,2022-06-16,ACTIVE,44497474.40,,0.0932,0.00,0
2025-08-01,ACC0000002798,CUST0001412,SAVINGS,Tabungan Negara Plus,2024-11-04,DORMANT,17638012.50,,0.0279,0.00,0
2025-08-01,ACC0000002808,CUST0001418,SAVINGS,Tabungan Haji,2024-06-04,ACTIVE,44816334.38,,0.0366,0.00,0
2025-08-01,ACC0000002989,CUST0001507,LOAN,Kredit Kendaraan,2024-01-20,ACTIVE,0.00,,0.0851,4806317.45,2
2025-08-01,ACC0000003008,CUST0001516,CREDIT_CARD,Kartu Classic,2022-01-14,ACTIVE,0.00,21071222.92,0.0888,-373270.32,3
2025-08-01,ACC0000003343,CUST0001681,SAVINGS,Tabungan Haji,2021-12-11,DORMANT,24050624.89,,0.1089,0.00,0
2025-08-01,ACC0000003483,CUST0001751,CREDIT_CARD,Kartu Classic,2022-10-05,CLOSED,0.00,18716826.54,0.0428,0.00,0
2025-08-01,ACC0000003571,CUST0001799,SAVINGS,Tabungan Berjangka,2024-11-28,ACTIVE,10360037.47,,0.05,2457258.41,1
2025-08-01,ACC0000003578,CUST0001803,INVESTMENT,Deposito,2024-10-09,ACTIVE,0.00,,0.1089,1971894.82,1
2025-08-01,ACC0000003727,CUST0001877,SAVINGS,Tabungan Haji,2023-09-18,ACTIVE,15992595.74,,0.0817,0.00,0
2025-08-01,ACC0000003975,CUST0002005,SAVINGS,Tabungan Haji,2023-07-03,ACTIVE,41618074.12,,0.0802,0.00,0
2025-08-01,ACC0000004145,CUST0002086,CREDIT_CARD,Kartu Classic,2023-04-04,ACTIVE,0.00,44248273.24,0.024,-170693.17,3
2025-08-01,ACC0000004290,CUST0002157,CREDIT_CARD,Kartu Platinum,2023-09-25,ACTIVE,0.00,38461230.30,0.0357,-5997682.22,2
2025-08-01,ACC0000004450,CUST0002235,INVESTMENT,Reksa Dana,2024-01-31,ACTIVE,0.00,,0.0589,0.00,0
2025-08-01,ACC0000004623,CUST0002320,CREDIT_CARD,Kartu Classic,2025-02-26,ACTIVE,0.00,5840176.91,0.0854,30551.03,3
2025-08-01,ACC0000004794,CUST0002405,LOAN,Kredit Kendaraan,2022-12-09,ACTIVE,0.00,,0.0518,-1006316.43,5
2025-08-01,ACC0000005027,CUST0002521,SAVINGS,Tabungan Berjangka,2021-11-06,ACTIVE,49864218.01,,0.0102,2591678.52,2
2025-08-01,ACC0000005031,CUST0002523,LOAN,Kredit Usaha,2023-04-02,ACTIVE,0.00,,0.0129,7983689.66,2
2025-08-01,ACC0000005344,CUST0002682,LOAN,KPR Rumah,2021-08-20,ACTIVE,0.00,,0.0653,-1947001.34,1
2025-08-01,ACC0000005345,CUST0002682,LOAN,KPR Rumah,2021-07-10,DORMANT,0.00,,0.1177,0.00,0
2025-08-01,ACC0000005663,CUST0002841,LOAN,Kredit Kendaraan,2022-11-08,ACTIVE,0.00,,0.0947,0.00,0
2025-08-01,ACC0000005969,CUST0002998,INVESTMENT,Obligasi,2023-01-14,DORMANT,0.00,,0.1187,0.00,0
2025-08-01,ACC0000006184,CUST0003106,LOAN,Kredit Usaha,2023-08-16,ACTIVE,0.00,,0.0809,-1128292.74,1
2025-08-01,ACC0000006392,CUST0003212,SAVINGS,Tabungan Haji,2024-06-27,ACTIVE,34039198.58,,0.0183,-2552945.10,2
2025-08-01,ACC0000006673,CUST0003353,CREDIT_CARD,Kartu Gold,2022-10-02,ACTIVE,0.00,44089161.87,0.0136,1567057.55,2
2025-08-01,ACC0000006681,CUST0003356,INVESTMENT,Reksa Dana,2024-10-19,ACTIVE,0.00,,0.145,-3199637.78,1
2025-08-01,ACC0000006982,CUST0003512,LOAN,Kredit Kendaraan,2024-05-29,ACTIVE,0.00,,0.1265,-935946.70,1
2025-08-01,ACC0000007410,CUST0003724,CREDIT_CARD,Kartu Virtual,2024-06-27,ACTIVE,0.00,11980205.94,0.0307,-928673.92,3
2025-08-01,ACC0000007453,CUST0003745,SAVINGS,Tabungan Rencana,2025-01-07,ACTIVE,6517362.45,,0.0823,2703290.18,3
2025-08-01,ACC0000007605,CUST0003819,SAVINGS,Tabungan Berjangka,2022-02-09,ACTIVE,23366875.24,,0.0336,158231.59,1
2025-08-01,ACC0000007631,CUST0003834,SAVINGS,Tabungan Rencana,2024-01-06,ACTIVE,40587389.88,,0.0253,34339.50,2
2025-08-01,ACC0000007754,CUST0003898,INVESTMENT,Obligasi,2024-05-20,ACTIVE,0.00,,0.0536,3366566.14,3
2025-08-01,ACC0000000233,CUST0000118,LOAN,Kredit Kendaraan,2024-12-23,ACTIVE,0.00,,0.0384,91731.49,1
2025-08-01,ACC0000000284,CUST0000142,CREDIT_CARD,Kartu Classic,2023-06-03,ACTIVE,0.00,28363319.45,0.0632,1227406.01,1
2025-08-01,ACC0000000408,CUST0000206,LOAN,KTA Personal,2024-08-21,DORMANT,0.00,,0.1046,0.00,0
2025-08-01,ACC0000000427,CUST0000215,SAVINGS,Tabungan Haji,2024-11-07,ACTIVE,21432625.48,,0.0372,1845242.89,3
2025-08-01,ACC0000000549,CUST0000277,SAVINGS,Tabungan Haji,2024-02-03,ACTIVE,6681787.13,,0.1082,-4153199.76,1
2025-08-01,ACC0000000568,CUST0000287,SAVINGS,Tabungan Haji,2022-08-22,ACTIVE,3781591.10,,0.1489,1856378.84,4
2025-08-01,ACC0000000663,CUST0000328,CREDIT_CARD,Kartu Platinum,2024-03-08,ACTIVE,0.00,33697917.59,0.0141,-7021881.60,3
2025-08-01,ACC0000001051,CUST0000525,LOAN,KPR Rumah,2023-10-05,ACTIVE,0.00,,0.0469,-1703024.62,1
2025-08-01,ACC0000001059,CUST0000529,CREDIT_CARD,Kartu Platinum,2022-10-05,ACTIVE,0.00,27277310.29,0.0774,823820.43,1
2025-08-01,ACC0000001406,CUST0000708,SAVINGS,Tabungan Haji,2024-03-11,ACTIVE,25083747.82,,0.0606,0.00,0
2025-08-01,ACC0000001536,CUST0000771,SAVINGS,Tabungan Haji,2023-08-04,ACTIVE,21417391.75,,0.1497,252782.66,4
2025-08-01,ACC0000001620,CUST0000816,LOAN,Kredit Kendaraan,2022-08-18,ACTIVE,0.00,,0.1083,1475514.88,2
2025-08-01,ACC0000002237,CUST0001121,CREDIT_CARD,Kartu Gold,2022-05-17,CLOSED,0.00,34523538.35,0.0997,0.00,0
2025-08-01,ACC0000002244,CUST0001125,CREDIT_CARD,Kartu Classic,2022-05-06,ACTIVE,0.00,28491334.84,0.0848,3672024.29,3
2025-08-01,ACC0000002408,CUST0001207,CREDIT_CARD,Kartu Gold,2023-08-16,ACTIVE,0.00,14600888.61,0.1359,569989.61,2
2025-08-01,ACC0000002680,CUST0001353,INVESTMENT,Reksa Dana,2023-06-11,ACTIVE,0.00,,0.0925,-2576488.35,2
2025-08-01,ACC0000002736,CUST0001382,SAVINGS,Tabungan Berjangka,2024-04-22,ACTIVE,17297760.78,,0.1231,7969712.28,3
2025-08-01,ACC0000002768,CUST0001399,CREDIT_CARD,Kartu Virtual,2022-01-27,ACTIVE,0.00,24108708.80,0.1332,-2278266.45,2
2025-08-01,ACC0000002925,CUST0001476,LOAN,Kredit Kendaraan,2023-09-03,ACTIVE,0.00,,0.0982,14356638.89,4
2025-08-01,ACC0000003671,CUST0001852,CREDIT_CARD,Kartu Platinum,2021-12-01,ACTIVE,0.00,21131879.46,0.1102,-5864662.69,4
2025-08-01,ACC0000003837,CUST0001936,LOAN,Kredit Kendaraan,2025-06-24,ACTIVE,0.00,,0.1362,0.00,0
2025-08-01,ACC0000004437,CUST0002228,SAVINGS,Tabungan Haji,2022-10-09,ACTIVE,21383204.20,,0.0176,-5105277.41,2
2025-08-01,ACC0000004493,CUST0002256,LOAN,KTA Personal,2023-08-21,ACTIVE,0.00,,0.0494,570208.09,2
2025-08-01,ACC0000004582,CUST0002299,CREDIT_CARD,Kartu Platinum,2021-08-28,ACTIVE,0.00,15065361.03,0.0656,-1475961.16,3
2025-08-01,ACC0000004626,CUST0002323,LOAN,KPR Rumah,2023-11-16,ACTIVE,0.00,,0.0903,6769831.72,3
2025-08-01,ACC0000004710,CUST0002366,INVESTMENT,SBN Retail,2023-04-29,ACTIVE,0.00,,0.0884,-1728976.72,1
2025-08-01,ACC0000004864,CUST0002439,CREDIT_CARD,Kartu Platinum,2021-12-02,ACTIVE,0.00,28604910.56,0.0898,-7093748.98,3
2025-08-01,ACC0000004886,CUST0002452,INVESTMENT,SBN Retail,2023-06-11,DORMANT,0.00,,0.1482,0.00,0
2025-08-01,ACC0000005098,CUST0002559,INVESTMENT,Reksa Dana,2023-10-23,ACTIVE,0.00,,0.1443,2961969.77,2
2025-08-01,ACC0000005631,CUST0002827,SAVINGS,Tabungan Berjangka,2023-12-12,SUSPENDED,39698511.61,,0.0773,0.00,0
2025-08-01,ACC0000005811,CUST0002921,INVESTMENT,Reksa Dana,2025-02-17,CLOSED,0.00,,0.0474,0.00,0
2025-08-01,ACC0000006073,CUST0003052,LOAN,Kredit Kendaraan,2022-10-06,ACTIVE,0.00,,0.0352,0.00,0
2025-08-01,ACC0000006091,CUST0003061,INVESTMENT,Reksa Dana,2023-05-17,ACTIVE,0.00,,0.0558,2203256.26,2
2025-08-01,ACC0000006404,CUST0003218,CREDIT_CARD,Kartu Platinum,2022-07-20,ACTIVE,0.00,45280453.24,0.1431,-1883831.69,1
2025-08-01,ACC0000006414,CUST0003223,SAVINGS,Tabungan Haji,2024-08-20,ACTIVE,40909020.36,,0.0211,3460867.95,1
2025-08-01,ACC0000007297,CUST0003669,SAVINGS,Tabungan Rencana,2024-04-06,ACTIVE,16330322.42,,0.1462,-219272.42,2
2025-08-01,ACC0000007856,CUST0003948,CREDIT_CARD,Kartu Virtual,2023-05-13,ACTIVE,0.00,43583796.98,0.1207,-3717994.76,1
2025-08-01,ACC0000007867,CUST0003954,SAVINGS,Tabungan Berjangka,2021-04-05,DORMANT,33871260.55,,0.0193,0.00,0
2025-08-01,ACC0000000053,CUST0000028,CREDIT_CARD,Kartu Gold,2024-04-14,ACTIVE,0.00,27588048.14,0.0782,0.00,0
2025-08-01,ACC0000000125,CUST0000065,INVESTMENT,SBN Retail,2024-05-21,ACTIVE,0.00,,0.1025,-1429665.76,6
2025-08-01,ACC0000000153,CUST0000076,SAVINGS,Tabungan Haji,2024-03-19,ACTIVE,14159978.23,,0.0518,3914715.64,1
2025-08-01,ACC0000000505,CUST0000254,INVESTMENT,Reksa Dana,2023-03-01,ACTIVE,0.00,,0.028,10167186.27,6
2025-08-01,ACC0000000565,CUST0000286,CREDIT_CARD,Kartu Platinum,2023-08-20,DORMANT,0.00,36449579.09,0.1311,0.00,0
2025-08-01,ACC0000000675,CUST0000333,CREDIT_CARD,Kartu Gold,2022-08-05,ACTIVE,0.00,37234046.00,0.014,-9436044.12,7
2025-08-01,ACC0000000736,CUST0000366,SAVINGS,Tabungan Berjangka,2023-02-08,ACTIVE,48679985.58,,0.0814,-1091733.49,1
2025-08-01,ACC0000000932,CUST0000465,LOAN,KPR Rumah,2022-12-02,ACTIVE,0.00,,0.0666,-2696519.24,2
2025-08-01,ACC0000001342,CUST0000674,CREDIT_CARD,Kartu Gold,2023-07-25,ACTIVE,0.00,48366781.18,0.1333,5654190.30,2
2025-08-01,ACC0000002102,CUST0001059,SAVINGS,Tabungan Rencana,2022-12-12,ACTIVE,37190388.98,,0.08,-5673938.51,2
2025-08-01,ACC0000002418,CUST0001212,CREDIT_CARD,Kartu Platinum,2022-11-10,ACTIVE,0.00,15606553.19,0.0414,1145090.73,1
2025-08-01,ACC0000002756,CUST0001393,CREDIT_CARD,Kartu Gold,2022-03-24,SUSPENDED,0.00,13603664.61,0.0118,0.00,0
2025-08-01,ACC0000002901,CUST0001464,LOAN,Kredit Kendaraan,2024-03-26,ACTIVE,0.00,,0.0551,-3733873.38,3
2025-08-01,ACC0000003023,CUST0001523,LOAN,KPR Rumah,2024-11-25,ACTIVE,0.00,,0.0612,-2497805.25,3
2025-08-01,ACC0000003059,CUST0001539,SAVINGS,Tabungan Rencana,2021-06-05,ACTIVE,9539270.62,,0.094,465554.20,1
2025-08-01,ACC0000003140,CUST0001581,CREDIT_CARD,Kartu Gold,2023-08-27,ACTIVE,0.00,42934791.13,0.1021,3949595.90,2
2025-08-01,ACC0000003433,CUST0001725,LOAN,Kredit Kendaraan,2023-04-10,ACTIVE,0.00,,0.0914,-2531144.41,1
2025-08-01,ACC0000003443,CUST0001730,SAVINGS,Tabungan Haji,2024-12-19,ACTIVE,3052560.37,,0.0191,-4912142.14,2
2025-08-01,ACC0000003801,CUST0001917,INVESTMENT,Reksa Dana,2022-12-16,ACTIVE,0.00,,0.0214,1718929.57,1
2025-08-01,ACC0000003816,CUST0001925,LOAN,KPR Rumah,2022-06-11,ACTIVE,0.00,,0.1053,-6917521.63,2
2025-08-01,ACC0000003949,CUST0001990,INVESTMENT,Reksa Dana,2023-03-23,ACTIVE,0.00,,0.0185,-3362778.17,1
2025-08-01,ACC0000004172,CUST0002102,LOAN,KPR Rumah,2023-01-19,ACTIVE,0.00,,0.0723,0.00,0
2025-08-01,ACC0000004200,CUST0002116,LOAN,KTA Personal,2022-05-22,ACTIVE,0.00,,0.0152,0.00,0
2025-08-01,ACC0000004718,CUST0002368,CREDIT_CARD,Kartu Classic,2022-04-09,ACTIVE,0.00,8049136.03,0.1384,4004416.88,5
2025-08-01,ACC0000004788,CUST0002401,LOAN,Kredit Usaha,2023-10-22,ACTIVE,0.00,,0.0999,9428360.53,2
2025-08-01,ACC0000004842,CUST0002429,LOAN,Kredit Usaha,2021-05-15,ACTIVE,0.00,,0.1334,2261301.54,1
2025-08-01,ACC0000004920,CUST0002468,LOAN,KPR Rumah,2021-03-13,ACTIVE,0.00,,0.0132,2688057.34,1
2025-08-01,ACC0000005028,CUST0002522,SAVINGS,Tabungan Negara Plus,2023-03-02,ACTIVE,23964704.81,,0.0339,2309416.79,1
2025-08-01,ACC0000005049,CUST0002530,INVESTMENT,Deposito,2022-12-29,ACTIVE,0.00,,0.126,-6551284.01,2
2025-08-01,ACC0000005119,CUST0002570,CREDIT_CARD,Kartu Virtual,2025-01-07,ACTIVE,0.00,21974434.18,0.1157,1228322.67,1
2025-08-01,ACC0000005646,CUST0002834,LOAN,KTA Personal,2023-08-07,ACTIVE,0.00,,0.0531,-5108501.20,2
2025-08-01,ACC0000006087,CUST0003059,CREDIT_CARD,Kartu Gold,2021-11-18,ACTIVE,0.00,9590846.55,0.1013,-3829545.97,4
2025-08-01,ACC0000006126,CUST0003078,LOAN,KPR Rumah,2023-03-16,ACTIVE,0.00,,0.0572,4971873.16,1
2025-08-01,ACC0000006475,CUST0003252,LOAN,Kredit Kendaraan,2024-08-11,ACTIVE,0.00,,0.0416,-6568351.75,2
2025-08-01,ACC0000006560,CUST0003294,CREDIT_CARD,Kartu Gold,2024-11-17,ACTIVE,0.00,9406124.38,0.0882,923276.61,1
2025-08-01,ACC0000006605,CUST0003317,CREDIT_CARD,Kartu Gold,2022-03-09,DORMANT,0.00,17647465.69,0.0746,0.00,0
2025-08-01,ACC0000006806,CUST0003416,CREDIT_CARD,Kartu Classic,2024-08-30,ACTIVE,0.00,28833443.08,0.1279,0.00,0
2025-08-01,ACC0000007391,CUST0003717,INVESTMENT,Obligasi,2021-05-31,ACTIVE,0.00,,0.1293,-2467596.64,2
2025-08-01,ACC0000000099,CUST0000051,CREDIT_CARD,Kartu Virtual,2023-12-04,ACTIVE,0.00,38890515.06,0.1015,6362499.85,5
2025-08-01,ACC0000000279,CUST0000139,SAVINGS,Tabungan Haji,2023-03-30,ACTIVE,30097719.87,,0.084,2442471.14,4
2025-08-01,ACC0000000300,CUST0000149,LOAN,Kredit Usaha,2023-05-26,ACTIVE,0.00,,0.1361,0.00,0
2025-08-01,ACC0000000346,CUST0000173,CREDIT_CARD,Kartu Platinum,2022-08-04,ACTIVE,0.00,23361863.55,0.1466,0.00,0
2025-08-01,ACC0000000634,CUST0000316,INVESTMENT,Obligasi,2025-01-14,ACTIVE,0.00,,0.1374,-219378.98,4
2025-08-01,ACC0000000694,CUST0000345,SAVINGS,Tabungan Rencana,2022-04-26,ACTIVE,38799043.27,,0.052,2142610.66,1
2025-08-01,ACC0000000769,CUST0000381,SAVINGS,Tabungan Negara Plus,2024-06-23,ACTIVE,28764178.83,,0.021,-1863675.88,4
2025-08-01,ACC0000000817,CUST0000407,INVESTMENT,SBN Retail,2025-04-11,ACTIVE,0.00,,0.1081,0.00,0
2025-08-01,ACC0000001099,CUST0000550,INVESTMENT,Reksa Dana,2024-01-31,ACTIVE,0.00,,0.0157,-2438496.51,2
2025-08-01,ACC0000001223,CUST0000615,CREDIT_CARD,Kartu Virtual,2024-06-20,ACTIVE,0.00,28159728.59,0.0971,-8401058.20,5
2025-08-01,ACC0000001361,CUST0000683,SAVINGS,Tabungan Rencana,2022-07-25,ACTIVE,2044390.79,,0.0965,-7978897.01,2
2025-08-01,ACC0000002118,CUST0001066,CREDIT_CARD,Kartu Gold,2022-07-17,ACTIVE,0.00,35926017.04,0.0552,6280375.20,2
2025-08-01,ACC0000002174,CUST0001093,LOAN,Kredit Kendaraan,2021-10-07,ACTIVE,0.00,,0.0634,0.00,0
2025-08-01,ACC0000002199,CUST0001104,CREDIT_CARD,Kartu Gold,2023-10-21,ACTIVE,0.00,25775602.49,0.0261,-278509.82,2
2025-08-01,ACC0000002360,CUST0001181,INVESTMENT,Obligasi,2023-12-08,ACTIVE,0.00,,0.1012,2470798.05,3
2025-08-01,ACC0000002370,CUST0001187,SAVINGS,Tabungan Haji,2024-05-12,ACTIVE,33764676.96,,0.132,398562.40,4
2025-08-01,ACC0000002826,CUST0001426,LOAN,KTA Personal,2023-05-14,ACTIVE,0.00,,0.1054,4994957.07,3
2025-08-01,ACC0000002932,CUST0001479,INVESTMENT,Deposito,2021-06-03,ACTIVE,0.00,,0.1019,-547429.37,4
2025-08-01,ACC0000003046,CUST0001533,CREDIT_CARD,Kartu Gold,2021-08-28,ACTIVE,0.00,17932732.19,0.1024,-2764676.14,1
2025-08-01,ACC0000003334,CUST0001678,INVESTMENT,Reksa Dana,2022-08-09,ACTIVE,0.00,,0.0965,4104655.51,2
2025-08-01,ACC0000003449,CUST0001732,LOAN,KPR Rumah,2022-05-31,ACTIVE,0.00,,0.0574,1067025.26,3
2025-08-01,ACC0000003834,CUST0001933,INVESTMENT,Deposito,2024-01-28,ACTIVE,0.00,,0.0443,0.00,0
2025-08-01,ACC0000004040,CUST0002039,LOAN,Kredit Kendaraan,2023-05-17,ACTIVE,0.00,,0.0215,-2904827.12,1
2025-08-01,ACC0000004973,CUST0002493,INVESTMENT,Deposito,2022-12-07,ACTIVE,0.00,,0.0413,3276302.12,1
2025-08-01,ACC0000005362,CUST0002692,LOAN,Kredit Kendaraan,2024-07-10,ACTIVE,0.00,,0.1055,0.00,0
2025-08-01,ACC0000005566,CUST0002792,CREDIT_CARD,Kartu Gold,2021-10-21,CLOSED,0.00,32531843.18,0.1374,0.00,0
2025-08-01,ACC0000006044,CUST0003038,CREDIT_CARD,Kartu Classic,2022-06-05,SUSPENDED,0.00,32857922.25,0.1236,0.00,0
2025-08-01,ACC0000006313,CUST0003169,SAVINGS,Tabungan Haji,2023-02-06,ACTIVE,25153498.72,,0.0689,-1171309.61,1
2025-08-01,ACC0000006795,CUST0003410,CREDIT_CARD,Kartu Classic,2022-09-04,ACTIVE,0.00,22164137.15,0.0858,-3469832.62,1
2025-08-01,ACC0000007782,CUST0003912,INVESTMENT,Obligasi,2024-06-11,ACTIVE,0.00,,0.091,-625923.10,3
2025-08-01,ACC0000007840,CUST0003939,SAVINGS,Tabungan Negara Plus,2021-04-11,ACTIVE,30416724.79,,0.1188,0.00,0
2025-08-01,ACC0000007912,CUST0003978,SAVINGS,Tabungan Rencana,2024-10-22,ACTIVE,34420615.69,,0.0669,0.00,0
2025-08-01,ACC0000000170,CUST0000084,SAVINGS,Tabungan Haji,2025-06-14,ACTIVE,9905813.26,,0.1198,2390912.28,1
2025-08-01,ACC0000000249,CUST0000125,SAVINGS,Tabungan Rencana,2023-10-14,ACTIVE,28243589.32,,0.1162,-4242385.37,1
2025-08-01,ACC0000000400,CUST0000202,LOAN,KTA Personal,2022-02-10,ACTIVE,0.00,,0.0178,-768437.97,2
2025-08-01,ACC0000000600,CUST0000301,SAVINGS,Tabungan Haji,2022-05-09,ACTIVE,2266753.05,,0.0689,-1696507.31,1
2025-08-01,ACC0000000667,CUST0000329,LOAN,Kredit Usaha,2022-11-21,ACTIVE,0.00,,0.07,389913.01,3
2025-08-01,ACC0000000728,CUST0000362,SAVINGS,Tabungan Haji,2022-11-14,ACTIVE,44602025.22,,0.0835,-8592481.00,2
2025-08-01,ACC0000000873,CUST0000432,INVESTMENT,SBN Retail,2023-08-11,ACTIVE,0.00,,0.0287,-565670.70,1
2025-08-01,ACC0000001254,CUST0000630,INVESTMENT,Obligasi,2021-05-22,ACTIVE,0.00,,0.048,0.00,0
2025-08-01,ACC0000001818,CUST0000915,SAVINGS,Tabungan Rencana,2021-05-14,ACTIVE,28654702.74,,0.1474,0.00,0
2025-08-01,ACC0000002066,CUST0001040,LOAN,Kredit Kendaraan,2022-05-08,ACTIVE,0.00,,0.0221,0.00,0
2025-08-01,ACC0000002163,CUST0001089,SAVINGS,Tabungan Haji,2023-05-17,ACTIVE,48910499.68,,0.0875,11859083.43,3
2025-08-01,ACC0000002256,CUST0001131,INVESTMENT,Deposito,2022-10-01,ACTIVE,0.00,,0.0928,0.00,0
2025-08-01,ACC0000002276,CUST0001141,LOAN,KPR Rumah,2024-05-23,CLOSED,0.00,,0.054,0.00,0
2025-08-01,ACC0000002365,CUST0001184,CREDIT_CARD,Kartu Virtual,2024-03-31,ACTIVE,0.00,10197650.15,0.109,354275.29,1
2025-08-01,ACC0000002924,CUST0001476,INVESTMENT,Deposito,2023-07-09,DORMANT,0.00,,0.0682,0.00,0
2025-08-01,ACC0000003025,CUST0001524,INVESTMENT,Deposito,2022-03-09,ACTIVE,0.00,,0.0695,2396266.67,2
2025-08-01,ACC0000003087,CUST0001554,INVESTMENT,Reksa Dana,2022-03-16,ACTIVE,0.00,,0.0612,-4329477.64,3
2025-08-01,ACC0000003102,CUST0001562,SAVINGS,Tabungan Haji,2022-04-30,ACTIVE,46775263.84,,0.0927,0.00,0
2025-08-01,ACC0000003346,CUST0001683,INVESTMENT,Reksa Dana,2024-02-29,ACTIVE,0.00,,0.0577,-4417555.23,1
2025-08-01,ACC0000003439,CUST0001728,SAVINGS,Tabungan Negara Plus,2021-11-27,ACTIVE,38711296.70,,0.1075,-6320529.04,3
2025-08-01,ACC0000003503,CUST0001762,LOAN,Kredit Kendaraan,2021-05-30,ACTIVE,0.00,,0.038,-7325156.82,6
2025-08-01,ACC0000003731,CUST0001879,SAVINGS,Tabungan Berjangka,2025-02-10,SUSPENDED,29673865.40,,0.0231,0.00,0
2025-08-01,ACC0000003736,CUST0001880,CREDIT_CARD,Kartu Virtual,2024-10-12,ACTIVE,0.00,34364047.12,0.0921,-2579732.65,1
2025-08-01,ACC0000003927,CUST0001980,SAVINGS,Tabungan Haji,2024-07-06,ACTIVE,30892844.66,,0.0587,532618.37,1
2025-08-01,ACC0000004031,CUST0002033,LOAN,KPR Rumah,2025-01-02,ACTIVE,0.00,,0.1004,3359060.42,1
2025-08-01,ACC0000004679,CUST0002347,CREDIT_CARD,Kartu Classic,2022-07-30,ACTIVE,0.00,41004581.76,0.1218,0.00,0
2025-08-01,ACC0000004717,CUST0002368,SAVINGS,Tabungan Rencana,2022-05-01,ACTIVE,43037842.72,,0.0314,4030545.52,1
2025-08-01,ACC0000005438,CUST0002729,SAVINGS,Tabungan Negara Plus,2023-05-16,ACTIVE,8541087.15,,0.1368,3496359.97,1
2025-08-01,ACC0000005637,CUST0002829,CREDIT_CARD,Kartu Gold,2024-09-16,DORMANT,0.00,35603843.40,0.0205,0.00,0
2025-08-01,ACC0000007194,CUST0003620,LOAN,Kredit Usaha,2024-05-21,ACTIVE,0.00,,0.0897,574753.00,1
2025-08-01,ACC0000007477,CUST0003756,SAVINGS,Tabungan Berjangka,2023-05-02,ACTIVE,32985033.19,,0.1415,-8403362.47,3
2025-08-01,ACC0000007595,CUST0003814,CREDIT_CARD,Kartu Gold,2025-01-05,DORMANT,0.00,43976427.70,0.0783,0.00,0
2025-08-01,ACC0000007607,CUST0003820,CREDIT_CARD,Kartu Platinum,2024-11-30,DORMANT,0.00,44906364.88,0.0679,0.00,0
2025-08-01,ACC0000007736,CUST0003889,SAVINGS,Tabungan Negara Plus,2025-01-01,ACTIVE,41517309.12,,0.0141,510467.94,1
2025-08-01,ACC0000000078,CUST0000041,SAVINGS,Tabungan Berjangka,2021-06-02,ACTIVE,5003589.70,,0.078,-4426189.35,1
2025-08-01,ACC0000000097,CUST0000050,INVESTMENT,SBN Retail,2021-06-07,ACTIVE,0.00,,0.0109,-4210257.63,1
2025-08-01,ACC0000000580,CUST0000293,LOAN,Kredit Kendaraan,2024-01-21,ACTIVE,0.00,,0.1185,0.00,0
2025-08-01,ACC0000000595,CUST0000300,CREDIT_CARD,Kartu Classic,2025-01-18,ACTIVE,0.00,33037427.06,0.0828,0.00,0
2025-08-01,ACC0000000648,CUST0000322,INVESTMENT,SBN Retail,2023-06-17,DORMANT,0.00,,0.0879,0.00,0
2025-08-01,ACC0000000788,CUST0000391,LOAN,Kredit Kendaraan,2022-02-25,DORMANT,0.00,,0.1302,0.00,0
2025-08-01,ACC0000001495,CUST0000749,SAVINGS,Tabungan Berjangka,2021-06-19,ACTIVE,3742684.03,,0.1271,-3775034.86,1
2025-08-01,ACC0000001517,CUST0000759,LOAN,KPR Rumah,2022-08-03,ACTIVE,0.00,,0.0385,0.00,0
2025-08-01,ACC0000002028,CUST0001021,LOAN,KTA Personal,2021-03-30,ACTIVE,0.00,,0.0387,-2645085.79,3
2025-08-01,ACC0000002147,CUST0001080,CREDIT_CARD,Kartu Gold,2021-08-12,SUSPENDED,0.00,28999466.08,0.1119,0.00,0
2025-08-01,ACC0000002452,CUST0001231,CREDIT_CARD,Kartu Platinum,2025-02-08,ACTIVE,0.00,15572370.43,0.1017,-1322899.93,3
2025-08-01,ACC0000002560,CUST0001286,INVESTMENT,Reksa Dana,2021-09-23,DORMANT,0.00,,0.1458,0.00,0
2025-08-01,ACC0000002583,CUST0001297,LOAN,Kredit Usaha,2022-05-07,ACTIVE,0.00,,0.0997,-151431.73,1
2025-08-01,ACC0000002753,CUST0001391,CREDIT_CARD,Kartu Gold,2023-04-03,ACTIVE,0.00,23866259.00,0.0347,2065927.69,4
2025-08-01,ACC0000002913,CUST0001471,SAVINGS,Tabungan Negara Plus,2023-10-17,ACTIVE,33527871.33,,0.0464,3837860.65,2
2025-08-01,ACC0000002973,CUST0001497,INVESTMENT,Deposito,2024-09-30,DORMANT,0.00,,0.1254,0.00,0
2025-08-01,ACC0000003559,CUST0001792,LOAN,KTA Personal,2021-10-23,DORMANT,0.00,,0.1482,0.00,0
2025-08-01,ACC0000003818,CUST0001926,SAVINGS,Tabungan Negara Plus,2024-05-16,ACTIVE,7070177.42,,0.0726,1618432.34,1
2025-08-01,ACC0000004079,CUST0002057,INVESTMENT,Reksa Dana,2023-05-09,ACTIVE,0.00,,0.0865,-3122535.83,1
2025-08-01,ACC0000004146,CUST0002086,CREDIT_CARD,Kartu Classic,2022-12-04,ACTIVE,0.00,8826852.55,0.1162,0.00,0
2025-08-01,ACC0000004254,CUST0002140,INVESTMENT,Reksa Dana,2022-10-09,ACTIVE,0.00,,0.1322,-1136868.70,2
2025-08-01,ACC0000004401,CUST0002210,SAVINGS,Tabungan Berjangka,2022-06-03,CLOSED,4416972.61,,0.0709,0.00,0
2025-08-01,ACC0000004503,CUST0002263,CREDIT_CARD,Kartu Classic,2022-12-04,ACTIVE,0.00,5701646.24,0.1169,4288655.74,1
2025-08-01,ACC0000004615,CUST0002315,INVESTMENT,Reksa Dana,2023-10-28,ACTIVE,0.00,,0.0747,470129.48,1
2025-08-01,ACC0000004691,CUST0002355,SAVINGS,Tabungan Haji,2023-12-08,ACTIVE,29262186.26,,0.074,0.00,0
2025-08-01,ACC0000004851,CUST0002433,CREDIT_CARD,Kartu Gold,2023-01-16,ACTIVE,0.00,18604183.78,0.0767,12064918.15,3
2025-08-01,ACC0000005220,CUST0002618,SAVINGS,Tabungan Haji,2023-02-16,ACTIVE,31354704.11,,0.0403,0.00,0
2025-08-01,ACC0000005618,CUST0002821,INVESTMENT,Reksa Dana,2024-09-16,ACTIVE,0.00,,0.1302,0.00,0
2025-08-01,ACC0000005749,CUST0002885,LOAN,Kredit Kendaraan,2023-05-11,ACTIVE,0.00,,0.0921,-2188636.13,1
2025-08-01,ACC0000006341,CUST0003184,CREDIT_CARD,Kartu Classic,2022-12-29,ACTIVE,0.00,11002535.51,0.1424,-5592470.84,4
2025-08-01,ACC0000006505,CUST0003268,CREDIT_CARD,Kartu Virtual,2023-09-06,ACTIVE,0.00,39968692.76,0.053,-6848524.09,3
2025-08-01,ACC0000006835,CUST0003433,SAVINGS,Tabungan Rencana,2023-02-21,ACTIVE,6436326.21,,0.0527,2485805.43,1
2025-08-01,ACC0000006841,CUST0003436,LOAN,Kredit Kendaraan,2021-10-19,ACTIVE,0.00,,0.0385,0.00,0
2025-08-01,ACC0000006992,CUST0003518,INVESTMENT,SBN Retail,2022-07-12,ACTIVE,0.00,,0.0564,2955825.19,1
2025-08-01,ACC0000007024,CUST0003532,INVESTMENT,Obligasi,2023-11-20,ACTIVE,0.00,,0.0542,2818344.22,2
2025-08-01,ACC0000007074,CUST0003558,SAVINGS,Tabungan Haji,2025-02-03,ACTIVE,45241452.69,,0.054,-2598772.51,1
2025-08-01,ACC0000007207,CUST0003626,INVESTMENT,SBN Retail,2021-08-11,ACTIVE,0.00,,0.0148,3790375.08,2
2025-08-01,ACC0000007470,CUST0003754,SAVINGS,Tabungan Rencana,2022-08-21,ACTIVE,2994711.45,,0.0423,0.00,0
2025-08-01,ACC0000007553,CUST0003793,SAVINGS,Tabungan Haji,2021-11-30,ACTIVE,5180842.75,,0.0753,3347663.25,2
2025-08-01,ACC0000007579,CUST0003808,SAVINGS,Tabungan Negara Plus,2025-01-15,ACTIVE,14604373.51,,0.1301,-17475.41,1
2025-08-01,ACC0000007591,CUST0003813,LOAN,Kredit Kendaraan,2022-06-21,DORMANT,0.00,,0.0213,0.00,0
2025-08-01,ACC0000007857,CUST0003948,INVESTMENT,Deposito,2023-04-27,ACTIVE,0.00,,0.0818,0.00,0
2025-08-01,ACC0000007865,CUST0003953,CREDIT_CARD,Kartu Platinum,2021-09-01,ACTIVE,0.00,16204266.11,0.0329,-3232195.69,3
2025-08-01,ACC0000000231,CUST0000117,SAVINGS,Tabungan Haji,2024-02-09,ACTIVE,43244173.28,,0.1334,-1568024.74,3
2025-08-01,ACC0000000303,CUST0000150,SAVINGS,Tabungan Berjangka,2024-10-01,ACTIVE,42521392.46,,0.0433,2046334.36,4
2025-08-01,ACC0000000366,CUST0000183,INVESTMENT,SBN Retail,2022-03-28,ACTIVE,0.00,,0.0706,-3661293.31,1
2025-08-01,ACC0000000499,CUST0000252,SAVINGS,Tabungan Negara Plus,2021-05-06,ACTIVE,3533979.18,,0.0801,-2376097.92,3
2025-08-01,ACC0000000656,CUST0000325,CREDIT_CARD,Kartu Classic,2022-01-08,SUSPENDED,0.00,7800135.17,0.041,0.00,0
2025-08-01,ACC0000000841,CUST0000418,LOAN,Kredit Kendaraan,2023-01-07,ACTIVE,0.00,,0.0859,-2629458.25,5
2025-08-01,ACC0000000965,CUST0000484,LOAN,KTA Personal,2023-02-04,ACTIVE,0.00,,0.04,-2745333.13,4
2025-08-01,ACC0000000976,CUST0000490,SAVINGS,Tabungan Berjangka,2021-05-24,ACTIVE,28921021.50,,0.0988,1883537.29,1
2025-08-01,ACC0000001534,CUST0000769,INVESTMENT,Deposito,2024-10-04,ACTIVE,0.00,,0.0499,0.00,0
2025-08-01,ACC0000001558,CUST0000782,CREDIT_CARD,Kartu Platinum,2021-07-26,DORMANT,0.00,6820869.38,0.039,0.00,0
2025-08-01,ACC0000001827,CUST0000920,CREDIT_CARD,Kartu Virtual,2023-12-20,ACTIVE,0.00,21893688.39,0.0582,-4761447.81,2
2025-08-01,ACC0000001972,CUST0000991,CREDIT_CARD,Kartu Gold,2022-04-29,ACTIVE,0.00,35127737.06,0.1494,-4343382.16,2
2025-08-01,ACC0000002107,CUST0001061,INVESTMENT,Obligasi,2024-11-21,ACTIVE,0.00,,0.1239,1147441.90,2
2025-08-01,ACC0000002399,CUST0001201,INVESTMENT,Deposito,2024-04-04,ACTIVE,0.00,,0.0977,3946240.68,1
2025-08-01,ACC0000002670,CUST0001346,INVESTMENT,Obligasi,2022-08-05,ACTIVE,0.00,,0.0699,2975448.90,2
2025-08-01,ACC0000002707,CUST0001366,LOAN,KTA Personal,2022-07-26,ACTIVE,0.00,,0.0141,7139575.45,4
2025-08-01,ACC0000002801,CUST0001414,SAVINGS,Tabungan Negara Plus,2024-11-09,ACTIVE,45966812.02,,0.1335,1911050.21,2
2025-08-01,ACC0000003036,CUST0001529,LOAN,Kredit Usaha,2022-09-02,DORMANT,0.00,,0.0329,0.00,0
2025-08-01,ACC0000003573,CUST0001800,INVESTMENT,Obligasi,2021-08-15,ACTIVE,0.00,,0.0279,0.00,0
2025-08-01,ACC0000003945,CUST0001989,CREDIT_CARD,Kartu Gold,2022-07-17,CLOSED,0.00,32878955.92,0.0136,0.00,0
2025-08-01,ACC0000004038,CUST0002037,INVESTMENT,Deposito,2024-08-10,ACTIVE,0.00,,0.0508,3528742.74,4
2025-08-01,ACC0000004889,CUST0002453,CREDIT_CARD,Kartu Platinum,2023-09-02,ACTIVE,0.00,16206439.09,0.1022,-2418501.40,1
2025-08-01,ACC0000004895,CUST0002457,INVESTMENT,Deposito,2021-02-12,ACTIVE,0.00,,0.1374,-3409165.04,2
2025-08-01,ACC0000006109,CUST0003069,INVESTMENT,SBN Retail,2024-01-20,ACTIVE,0.00,,0.0609,-3526043.72,1
2025-08-01,ACC0000006312,CUST0003168,LOAN,KPR Rumah,2022-10-02,ACTIVE,0.00,,0.0396,1367650.36,1
2025-08-01,ACC0000006385,CUST0003208,INVESTMENT,Reksa Dana,2023-07-30,ACTIVE,0.00,,0.0459,4591268.97,2
2025-08-01,ACC0000006460,CUST0003247,SAVINGS,Tabungan Berjangka,2024-04-01,ACTIVE,10387485.32,,0.0146,-980947.77,1
2025-08-01,ACC0000006790,CUST0003408,LOAN,KPR Rumah,2021-09-18,ACTIVE,0.00,,0.1398,-9202597.34,2
2025-08-01,ACC0000006827,CUST0003428,INVESTMENT,Reksa Dana,2021-07-10,ACTIVE,0.00,,0.1143,4835050.67,2
2025-08-01,ACC0000006987,CUST0003515,INVESTMENT,Deposito,2024-03-22,ACTIVE,0.00,,0.0673,-1652311.64,1
2025-08-01,ACC0000007065,CUST0003553,LOAN,KPR Rumah,2025-05-26,ACTIVE,0.00,,0.0181,-3343260.50,3
2025-08-01,ACC0000007071,CUST0003557,CREDIT_CARD,Kartu Platinum,2023-05-18,ACTIVE,0.00,32408422.78,0.1449,0.00,0
2025-08-01,ACC0000007392,CUST0003718,LOAN,KTA Personal,2021-12-16,ACTIVE,0.00,,0.0188,2997649.16,2
2025-08-01,ACC0000007422,CUST0003730,CREDIT_CARD,Kartu Gold,2022-04-04,ACTIVE,0.00,31274871.10,0.0499,132777.19,2
2025-08-01,ACC0000007661,CUST0003849,LOAN,KTA Personal,2024-11-06,ACTIVE,0.00,,0.1064,2691857.47,1
2025-08-01,ACC0000007721,CUST0003881,SAVINGS,Tabungan Rencana,2022-06-21,DORMANT,10201879.80,,0.1075,0.00,0
2025-08-01,ACC0000007837,CUST0003938,LOAN,KTA Personal,2025-02-11,SUSPENDED,0.00,,0.048,0.00,0
2025-08-01,ACC0000000402,CUST0000204,CREDIT_CARD,Kartu Platinum,2023-12-18,ACTIVE,0.00,27107956.63,0.0654,-4578397.63,2
2025-08-01,ACC0000000862,CUST0000427,INVESTMENT,SBN Retail,2025-05-12,ACTIVE,0.00,,0.1101,7281610.69,4
2025-08-01,ACC0000000919,CUST0000459,CREDIT_CARD,Kartu Gold,2023-09-07,SUSPENDED,0.00,44242325.03,0.1169,0.00,0
2025-08-01,ACC0000001083,CUST0000541,CREDIT_CARD,Kartu Virtual,2022-06-05,ACTIVE,0.00,11322393.33,0.1077,6485960.62,2
2025-08-01,ACC0000001349,CUST0000678,LOAN,Kredit Kendaraan,2024-03-11,ACTIVE,0.00,,0.0553,0.00,0
2025-08-01,ACC0000001359,CUST0000682,INVESTMENT,SBN Retail,2021-07-09,ACTIVE,0.00,,0.0664,1388932.60,2
2025-08-01,ACC0000001730,CUST0000873,INVESTMENT,Reksa Dana,2024-06-19,ACTIVE,0.00,,0.1258,-2915724.59,2
2025-08-01,ACC0000001873,CUST0000943,CREDIT_CARD,Kartu Platinum,2024-06-04,ACTIVE,0.00,22800888.87,0.0297,-2226566.60,1
2025-08-01,ACC0000001898,CUST0000956,LOAN,KPR Rumah,2021-06-06,ACTIVE,0.00,,0.1081,0.00,0
2025-08-01,ACC0000003322,CUST0001670,CREDIT_CARD,Kartu Virtual,2022-01-22,ACTIVE,0.00,30727601.18,0.0312,-4743467.07,1
2025-08-01,ACC0000003359,CUST0001691,CREDIT_CARD,Kartu Classic,2023-06-03,ACTIVE,0.00,46110032.91,0.1184,3648918.70,1
2025-08-01,ACC0000003465,CUST0001742,SAVINGS,Tabungan Berjangka,2022-07-19,ACTIVE,37082914.87,,0.1071,0.00,0
2025-08-01,ACC0000003536,CUST0001778,INVESTMENT,SBN Retail,2022-06-23,ACTIVE,0.00,,0.1106,-2929905.40,1
2025-08-01,ACC0000003557,CUST0001792,INVESTMENT,Reksa Dana,2021-09-24,SUSPENDED,0.00,,0.0263,0.00,0
2025-08-01,ACC0000003725,CUST0001876,CREDIT_CARD,Kartu Virtual,2022-01-31,ACTIVE,0.00,49624442.43,0.0128,-5570253.43,2
2025-08-01,ACC0000003942,CUST0001987,SAVINGS,Tabungan Berjangka,2024-09-27,ACTIVE,15045590.07,,0.1453,8291293.54,3
2025-08-01,ACC0000004451,CUST0002235,INVESTMENT,Deposito,2024-01-25,ACTIVE,0.00,,0.0633,-1291345.60,2
2025-08-01,ACC0000004580,CUST0002298,CREDIT_CARD,Kartu Classic,2023-10-08,ACTIVE,0.00,13913138.23,0.0806,-615827.39,2
2025-08-01,ACC0000004840,CUST0002428,SAVINGS,Tabungan Haji,2022-02-08,ACTIVE,7967736.94,,0.0179,-1303881.15,1
2025-08-01,ACC0000004885,CUST0002451,LOAN,KTA Personal,2022-06-12,ACTIVE,0.00,,0.1398,-1090900.57,3
2025-08-01,ACC0000005112,CUST0002566,CREDIT_CARD,Kartu Gold,2024-05-31,ACTIVE,0.00,5738846.08,0.0532,-5321348.41,2
2025-08-01,ACC0000005266,CUST0002646,LOAN,Kredit Usaha,2023-06-10,CLOSED,0.00,,0.1075,0.00,0
2025-08-01,ACC0000005364,CUST0002693,LOAN,Kredit Usaha,2022-10-16,ACTIVE,0.00,,0.1287,-5456809.92,2
2025-08-01,ACC0000005473,CUST0002746,SAVINGS,Tabungan Rencana,2023-08-19,ACTIVE,24163630.52,,0.0161,-7166723.07,3
2025-08-01,ACC0000006011,CUST0003021,LOAN,KPR Rumah,2022-12-19,ACTIVE,0.00,,0.1067,4666138.24,3
2025-08-01,ACC0000006194,CUST0003112,LOAN,Kredit Usaha,2023-10-26,ACTIVE,0.00,,0.0428,1392386.78,1
2025-08-01,ACC0000006226,CUST0003128,INVESTMENT,Reksa Dana,2024-10-19,DORMANT,0.00,,0.1362,0.00,0
2025-08-01,ACC0000006417,CUST0003225,INVESTMENT,SBN Retail,2025-04-09,ACTIVE,0.00,,0.1459,-4843128.85,1
2025-08-01,ACC0000006663,CUST0003347,LOAN,KPR Rumah,2021-05-19,ACTIVE,0.00,,0.0813,-1030204.96,4
2025-08-01,ACC0000006692,CUST0003362,INVESTMENT,Deposito,2023-11-16,ACTIVE,0.00,,0.1067,231015.13,3
2025-08-01,ACC0000006765,CUST0003398,INVESTMENT,Obligasi,2024-07-15,ACTIVE,0.00,,0.0721,3081216.63,2
2025-08-01,ACC0000006805,CUST0003416,LOAN,Kredit Kendaraan,2024-08-17,ACTIVE,0.00,,0.0635,-12491580.68,3
2025-08-01,ACC0000006840,CUST0003435,LOAN,KTA Personal,2023-06-02,DORMANT,0.00,,0.0783,0.00,0
2025-08-01,ACC0000006871,CUST0003451,SAVINGS,Tabungan Negara Plus,2021-11-01,ACTIVE,32040330.92,,0.1438,3210521.05,4
2025-08-01,ACC0000006947,CUST0003493,CREDIT_CARD,Kartu Platinum,2023-09-24,CLOSED,0.00,43294854.87,0.0649,0.00,0
2025-08-01,ACC0000007193,CUST0003619,CREDIT_CARD,Kartu Gold,2025-05-19,ACTIVE,0.00,18237191.83,0.1231,0.00,0
2025-08-01,ACC0000007396,CUST0003719,CREDIT_CARD,Kartu Virtual,2023-12-18,ACTIVE,0.00,46783406.72,0.0904,-5406768.66,2
2025-08-01,ACC0000007564,CUST0003798,CREDIT_CARD,Kartu Gold,2021-12-24,ACTIVE,0.00,17858975.30,0.0131,-2854989.40,2
2025-08-01,ACC0000007780,CUST0003911,CREDIT_CARD,Kartu Virtual,2022-02-10,ACTIVE,0.00,38078140.63,0.1035,7016268.82,3
2025-08-01,ACC0000000348,CUST0000174,LOAN,KTA Personal,2024-02-11,ACTIVE,0.00,,0.1499,2768138.11,1
2025-08-01,ACC0000001425,CUST0000718,LOAN,KTA Personal,2021-04-21,ACTIVE,0.00,,0.0326,3570231.56,2
2025-08-01,ACC0000001571,CUST0000789,LOAN,Kredit Usaha,2022-04-22,ACTIVE,0.00,,0.1122,2008474.16,1
2025-08-01,ACC0000001608,CUST0000810,LOAN,KPR Rumah,2021-07-29,ACTIVE,0.00,,0.069,1357281.50,1
2025-08-01,ACC0000001706,CUST0000861,SAVINGS,Tabungan Berjangka,2023-07-01,ACTIVE,11954646.79,,0.075,36733.97,1
2025-08-01,ACC0000002060,CUST0001037,LOAN,KPR Rumah,2024-11-19,ACTIVE,0.00,,0.1488,0.00,0
2025-08-01,ACC0000002212,CUST0001110,LOAN,Kredit Usaha,2023-09-19,ACTIVE,0.00,,0.0934,0.00,0
2025-08-01,ACC0000002235,CUST0001120,CREDIT_CARD,Kartu Platinum,2024-01-26,ACTIVE,0.00,42090588.97,0.0965,6001375.95,4
2025-08-01,ACC0000002396,CUST0001200,LOAN,KTA Personal,2021-10-16,ACTIVE,0.00,,0.0868,4392487.26,1
2025-08-01,ACC0000002949,CUST0001486,CREDIT_CARD,Kartu Virtual,2023-04-30,ACTIVE,0.00,19230327.71,0.1453,-3783171.02,1
2025-08-01,ACC0000003531,CUST0001776,SAVINGS,Tabungan Berjangka,2023-10-07,ACTIVE,20461207.24,,0.0767,1114721.33,1
2025-08-01,ACC0000003589,CUST0001810,SAVINGS,Tabungan Berjangka,2022-10-19,DORMANT,29137208.72,,0.073,0.00,0
2025-08-01,ACC0000003863,CUST0001948,INVESTMENT,Deposito,2022-05-24,ACTIVE,0.00,,0.0799,6759685.38,2
2025-08-01,ACC0000004265,CUST0002145,LOAN,KPR Rumah,2022-03-26,ACTIVE,0.00,,0.0966,-2307800.96,3
2025-08-01,ACC0000004393,CUST0002206,CREDIT_CARD,Kartu Platinum,2024-05-17,ACTIVE,0.00,21555990.43,0.0211,2488908.12,2
2025-08-01,ACC0000004562,CUST0002291,SAVINGS,Tabungan Rencana,2023-03-02,ACTIVE,1612168.60,,0.0109,0.00,0
2025-08-01,ACC0000005265,CUST0002646,LOAN,Kredit Kendaraan,2023-08-11,SUSPENDED,0.00,,0.0884,0.00,0
2025-08-01,ACC0000005317,CUST0002668,INVESTMENT,SBN Retail,2023-03-23,DORMANT,0.00,,0.0256,0.00,0
2025-08-01,ACC0000005351,CUST0002686,INVESTMENT,SBN Retail,2024-07-19,DORMANT,0.00,,0.131,0.00,0
2025-08-01,ACC0000005819,CUST0002924,INVESTMENT,Reksa Dana,2023-06-10,ACTIVE,0.00,,0.1345,0.00,0
2025-08-01,ACC0000005881,CUST0002958,CREDIT_CARD,Kartu Virtual,2022-01-13,ACTIVE,0.00,23476196.69,0.0529,-5133459.32,2
2025-08-01,ACC0000006004,CUST0003018,SAVINGS,Tabungan Berjangka,2024-01-25,SUSPENDED,8032899.52,,0.0687,0.00,0
2025-08-01,ACC0000006127,CUST0003078,CREDIT_CARD,Kartu Classic,2023-02-22,ACTIVE,0.00,29036509.62,0.0629,4155633.29,1
2025-08-01,ACC0000006169,CUST0003100,INVESTMENT,Deposito,2022-11-08,ACTIVE,0.00,,0.0743,-2860026.30,1
2025-08-01,ACC0000006212,CUST0003121,CREDIT_CARD,Kartu Platinum,2021-05-21,ACTIVE,0.00,6604503.28,0.0739,7757937.38,2
2025-08-01,ACC0000006410,CUST0003221,INVESTMENT,Obligasi,2022-07-18,ACTIVE,0.00,,0.0459,0.00,0
2025-08-01,ACC0000006465,CUST0003248,LOAN,Kredit Usaha,2024-11-01,ACTIVE,0.00,,0.0794,0.00,0
2025-08-01,ACC0000006737,CUST0003384,CREDIT_CARD,Kartu Classic,2025-03-27,ACTIVE,0.00,7513271.13,0.0322,0.00,0
2025-08-01,ACC0000007099,CUST0003572,LOAN,KTA Personal,2022-12-01,ACTIVE,0.00,,0.0375,-4800855.62,1
2025-08-01,ACC0000007282,CUST0003662,CREDIT_CARD,Kartu Gold,2025-01-12,ACTIVE,0.00,35222499.99,0.0798,-211301.85,1
2025-08-01,ACC0000007330,CUST0003684,SAVINGS,Tabungan Rencana,2021-09-30,ACTIVE,1963405.30,,0.0496,-1104138.73,1
2025-08-01,ACC0000007404,CUST0003722,LOAN,KTA Personal,2025-02-28,ACTIVE,0.00,,0.0734,0.00,0
2025-08-01,ACC0000007838,CUST0003938,INVESTMENT,Reksa Dana,2025-04-13,ACTIVE,0.00,,0.0925,-644759.38,1
2025-08-01,ACC0000007915,CUST0003979,INVESTMENT,Deposito,2021-09-16,ACTIVE,0.00,,0.0959,-3237900.43,3
2025-08-01,ACC0000000883,CUST0000438,CREDIT_CARD,Kartu Classic,2023-05-01,ACTIVE,0.00,38460514.45,0.0561,908168.18,1
2025-08-01,ACC0000000945,CUST0000472,SAVINGS,Tabungan Haji,2023-09-25,CLOSED,3210808.96,,0.1409,0.00,0
2025-08-01,ACC0000001065,CUST0000532,INVESTMENT,Deposito,2024-01-13,ACTIVE,0.00,,0.1096,-5309377.97,6
2025-08-01,ACC0000001297,CUST0000655,LOAN,KTA Personal,2024-04-04,ACTIVE,0.00,,0.0509,5436246.32,3
2025-08-01,ACC0000001304,CUST0000657,LOAN,Kredit Kendaraan,2021-05-14,ACTIVE,0.00,,0.0708,-1634776.71,1
2025-08-01,ACC0000001596,CUST0000803,INVESTMENT,SBN Retail,2023-02-12,ACTIVE,0.00,,0.1242,0.00,0
2025-08-01,ACC0000001744,CUST0000880,SAVINGS,Tabungan Haji,2024-11-03,ACTIVE,13030897.60,,0.0705,-2057990.71,1
2025-08-01,ACC0000001749,CUST0000883,INVESTMENT,Obligasi,2021-08-18,DORMANT,0.00,,0.0655,0.00,0
2025-08-01,ACC0000001813,CUST0000911,SAVINGS,Tabungan Haji,2024-05-01,ACTIVE,47581174.57,,0.057,-4249630.59,2
2025-08-01,ACC0000001850,CUST0000931,CREDIT_CARD,Kartu Gold,2021-07-27,CLOSED,0.00,24616974.48,0.0995,0.00,0
2025-08-01,ACC0000001853,CUST0000932,SAVINGS,Tabungan Berjangka,2022-10-15,ACTIVE,10260248.80,,0.0465,6420702.27,3
2025-08-01,ACC0000001958,CUST0000984,INVESTMENT,SBN Retail,2023-06-09,ACTIVE,0.00,,0.0169,-8835055.85,2
2025-08-01,ACC0000002003,CUST0001008,SAVINGS,Tabungan Rencana,2021-06-07,ACTIVE,24090955.73,,0.0255,9830793.12,3
2025-08-01,ACC0000002166,CUST0001090,INVESTMENT,Obligasi,2024-09-29,ACTIVE,0.00,,0.0215,-4417387.45,3
2025-08-01,ACC0000002169,CUST0001091,INVESTMENT,Deposito,2024-11-10,ACTIVE,0.00,,0.0818,-3644581.46,3
2025-08-01,ACC0000002217,CUST0001112,LOAN,KPR Rumah,2024-11-29,ACTIVE,0.00,,0.1126,-4376798.40,1
2025-08-01,ACC0000002486,CUST0001248,INVESTMENT,Deposito,2021-06-23,ACTIVE,0.00,,0.1389,-1423057.66,3
2025-08-01,ACC0000002955,CUST0001489,LOAN,Kredit Kendaraan,2023-12-24,ACTIVE,0.00,,0.1493,0.00,0
2025-08-01,ACC0000003083,CUST0001551,LOAN,Kredit Usaha,2024-12-22,ACTIVE,0.00,,0.1256,-215587.71,3
2025-08-01,ACC0000003155,CUST0001589,CREDIT_CARD,Kartu Gold,2024-02-03,ACTIVE,0.00,48289648.81,0.0884,-3738305.87,2
2025-08-01,ACC0000003257,CUST0001642,LOAN,Kredit Kendaraan,2023-05-15,ACTIVE,0.00,,0.1105,-119639.74,2
2025-08-01,ACC0000003441,CUST0001729,CREDIT_CARD,Kartu Classic,2022-04-24,ACTIVE,0.00,32584937.71,0.1262,918625.26,1
2025-08-01,ACC0000003911,CUST0001973,LOAN,KPR Rumah,2024-10-21,ACTIVE,0.00,,0.0118,1196808.87,3
2025-08-01,ACC0000003946,CUST0001989,INVESTMENT,SBN Retail,2022-06-20,ACTIVE,0.00,,0.0377,-2277097.18,4
2025-08-01,ACC0000004179,CUST0002106,INVESTMENT,Obligasi,2022-08-14,DORMANT,0.00,,0.1297,0.00,0
2025-08-01,ACC0000004409,CUST0002214,LOAN,Kredit Usaha,2023-02-08,ACTIVE,0.00,,0.0786,873506.02,2
2025-08-01,ACC0000004802,CUST0002410,SAVINGS,Tabungan Negara Plus,2022-05-30,ACTIVE,29108152.13,,0.1365,-3017844.58,2
2025-08-01,ACC0000004961,CUST0002488,INVESTMENT,SBN Retail,2025-01-20,ACTIVE,0.00,,0.0405,4184476.63,3
2025-08-01,ACC0000005132,CUST0002576,CREDIT_CARD,Kartu Classic,2022-08-13,ACTIVE,0.00,30199230.35,0.059,1991332.97,1
2025-08-01,ACC0000005417,CUST0002718,LOAN,Kredit Kendaraan,2024-12-02,ACTIVE,0.00,,0.0236,0.00,0
2025-08-01,ACC0000005439,CUST0002730,CREDIT_CARD,Kartu Classic,2022-03-25,DORMANT,0.00,43821954.08,0.119,0.00,0
2025-08-01,ACC0000005586,CUST0002803,LOAN,Kredit Kendaraan,2022-07-07,DORMANT,0.00,,0.0907,0.00,0
2025-08-01,ACC0000005806,CUST0002918,INVESTMENT,Deposito,2024-07-04,ACTIVE,0.00,,0.0418,2945162.31,1
2025-08-01,ACC0000005942,CUST0002986,CREDIT_CARD,Kartu Virtual,2024-01-27,ACTIVE,0.00,9091215.78,0.0184,0.00,0
2025-08-01,ACC0000006147,CUST0003089,CREDIT_CARD,Kartu Platinum,2021-09-10,ACTIVE,0.00,9346313.06,0.0601,-211139.54,1
2025-08-01,ACC0000006496,CUST0003262,SAVINGS,Tabungan Berjangka,2021-05-26,ACTIVE,31403150.26,,0.1026,2173745.60,2
2025-08-01,ACC0000006525,CUST0003276,INVESTMENT,SBN Retail,2022-01-17,SUSPENDED,0.00,,0.0115,0.00,0
2025-08-01,ACC0000006786,CUST0003407,INVESTMENT,Obligasi,2025-03-12,DORMANT,0.00,,0.133,0.00,0
2025-08-01,ACC0000006937,CUST0003488,LOAN,Kredit Usaha,2022-12-08,CLOSED,0.00,,0.1301,0.00,0
2025-08-01,ACC0000006972,CUST0003508,INVESTMENT,Obligasi,2022-03-25,ACTIVE,0.00,,0.0878,-1788640.70,1
2025-08-01,ACC0000007262,CUST0003652,INVESTMENT,Deposito,2023-12-26,ACTIVE,0.00,,0.0726,4942904.50,4
2025-08-01,ACC0000007311,CUST0003674,CREDIT_CARD,Kartu Virtual,2023-05-27,ACTIVE,0.00,24261945.85,0.1027,3201000.31,1
2025-08-01,ACC0000007397,CUST0003720,INVESTMENT,Reksa Dana,2021-11-20,ACTIVE,0.00,,0.0985,1282600.47,3
2025-08-01,ACC0000007875,CUST0003958,INVESTMENT,Reksa Dana,2024-04-23,ACTIVE,0.00,,0.1394,-2736162.53,4
2025-08-01,ACC0000000343,CUST0000172,CREDIT_CARD,Kartu Platinum,2022-06-20,ACTIVE,0.00,5699158.19,0.1356,0.00,0
2025-08-01,ACC0000000482,CUST0000243,LOAN,KTA Personal,2021-07-14,CLOSED,0.00,,0.0482,0.00,0
2025-08-01,ACC0000000955,CUST0000478,INVESTMENT,Deposito,2022-08-09,ACTIVE,0.00,,0.1162,1636216.22,2
2025-08-01,ACC0000000964,CUST0000484,LOAN,Kredit Usaha,2022-11-16,ACTIVE,0.00,,0.0106,-3812356.20,4
2025-08-01,ACC0000001013,CUST0000507,INVESTMENT,Deposito,2025-05-16,CLOSED,0.00,,0.1001,0.00,0
2025-08-01,ACC0000001263,CUST0000635,SAVINGS,Tabungan Berjangka,2022-05-28,ACTIVE,21955703.11,,0.0337,-2667020.91,3
2025-08-01,ACC0000001282,CUST0000646,INVESTMENT,SBN Retail,2025-01-07,ACTIVE,0.00,,0.0765,-4265444.77,3
2025-08-01,ACC0000001466,CUST0000735,INVESTMENT,Reksa Dana,2024-03-02,ACTIVE,0.00,,0.069,612158.05,2
2025-08-01,ACC0000001516,CUST0000759,LOAN,Kredit Kendaraan,2023-01-01,ACTIVE,0.00,,0.0905,-2111798.45,1
2025-08-01,ACC0000001738,CUST0000877,INVESTMENT,SBN Retail,2023-10-07,ACTIVE,0.00,,0.1313,2790947.36,1
2025-08-01,ACC0000001794,CUST0000902,INVESTMENT,Deposito,2025-05-29,ACTIVE,0.00,,0.0582,1157058.73,2
2025-08-01,ACC0000002022,CUST0001018,INVESTMENT,Reksa Dana,2023-12-24,ACTIVE,0.00,,0.091,1153760.82,2
2025-08-01,ACC0000002063,CUST0001039,SAVINGS,Tabungan Negara Plus,2021-12-06,ACTIVE,33783089.22,,0.0154,0.00,0
2025-08-01,ACC0000002287,CUST0001146,CREDIT_CARD,Kartu Classic,2022-03-27,ACTIVE,0.00,32878355.86,0.111,-1209732.87,4
2025-08-01,ACC0000002720,CUST0001375,LOAN,Kredit Kendaraan,2022-01-25,ACTIVE,0.00,,0.0449,-5003468.39,2
2025-08-01,ACC0000002894,CUST0001461,CREDIT_CARD,Kartu Virtual,2022-06-09,ACTIVE,0.00,34294449.14,0.1337,-5970194.11,3
2025-08-01,ACC0000002937,CUST0001481,SAVINGS,Tabungan Rencana,2024-12-28,ACTIVE,7876792.64,,0.0532,1933811.10,2
2025-08-01,ACC0000002957,CUST0001489,CREDIT_CARD,Kartu Gold,2023-08-15,ACTIVE,0.00,13410539.66,0.0972,0.00,0
2025-08-01,ACC0000003071,CUST0001546,SAVINGS,Tabungan Rencana,2023-03-08,ACTIVE,16034350.25,,0.1334,-4671135.20,1
2025-08-01,ACC0000003639,CUST0001836,INVESTMENT,SBN Retail,2021-03-15,ACTIVE,0.00,,0.0958,-6290626.94,2
2025-08-01,ACC0000004123,CUST0002076,LOAN,KTA Personal,2023-12-04,ACTIVE,0.00,,0.0291,0.00,0
2025-08-01,ACC0000004347,CUST0002185,SAVINGS,Tabungan Negara Plus,2022-08-05,ACTIVE,12997883.40,,0.0922,9081961.53,3
2025-08-01,ACC0000004650,CUST0002335,LOAN,KTA Personal,2022-06-27,CLOSED,0.00,,0.0947,0.00,0
2025-08-01,ACC0000005228,CUST0002624,LOAN,KPR Rumah,2021-12-28,ACTIVE,0.00,,0.013,-3436441.48,1
2025-08-01,ACC0000005580,CUST0002799,LOAN,KPR Rumah,2021-10-11,ACTIVE,0.00,,0.0783,0.00,0
2025-08-01,ACC0000005592,CUST0002806,SAVINGS,Tabungan Negara Plus,2022-06-25,ACTIVE,26052985.51,,0.0828,0.00,0
2025-08-01,ACC0000005655,CUST0002837,CREDIT_CARD,Kartu Gold,2022-08-12,CLOSED,0.00,31043387.14,0.1437,0.00,0
2025-08-01,ACC0000006058,CUST0003046,SAVINGS,Tabungan Rencana,2022-04-09,CLOSED,5549172.41,,0.1193,0.00,0
2025-08-01,ACC0000006310,CUST0003167,SAVINGS,Tabungan Haji,2023-12-16,ACTIVE,3759719.55,,0.0896,0.00,0
2025-08-01,ACC0000006311,CUST0003168,CREDIT_CARD,Kartu Virtual,2022-09-09,ACTIVE,0.00,33231456.24,0.0284,-995946.37,3
2025-08-01,ACC0000006573,CUST0003300,INVESTMENT,Reksa Dana,2024-04-02,ACTIVE,0.00,,0.0178,-2804685.77,1
2025-08-01,ACC0000006756,CUST0003394,SAVINGS,Tabungan Haji,2024-06-28,SUSPENDED,20544959.35,,0.074,0.00,0
2025-08-01,ACC0000007027,CUST0003534,CREDIT_CARD,Kartu Virtual,2025-05-09,ACTIVE,0.00,9650077.02,0.124,0.00,0
2025-08-01,ACC0000007549,CUST0003791,INVESTMENT,Obligasi,2022-09-04,ACTIVE,0.00,,0.1389,2114181.55,3
2025-08-01,ACC0000007846,CUST0003941,CREDIT_CARD,Kartu Classic,2023-12-05,ACTIVE,0.00,26287299.92,0.0795,1172511.27,1
2025-08-01,ACC0000007883,CUST0003963,INVESTMENT,Reksa Dana,2021-07-09,ACTIVE,0.00,,0.1153,0.00,0
2025-08-01,ACC0000000051,CUST0000027,LOAN,KTA Personal,2021-02-27,ACTIVE,0.00,,0.1133,0.00,0
2025-08-01,ACC0000000356,CUST0000179,CREDIT_CARD,Kartu Virtual,2023-01-22,ACTIVE,0.00,18291296.47,0.0505,2844469.38,1
2025-08-01,ACC0000000617,CUST0000309,LOAN,KPR Rumah,2021-10-08,CLOSED,0.00,,0.1095,0.00,0
2025-08-01,ACC0000000948,CUST0000474,LOAN,Kredit Kendaraan,2022-12-08,ACTIVE,0.00,,0.1424,-1551089.23,2
2025-08-01,ACC0000001112,CUST0000555,CREDIT_CARD,Kartu Virtual,2023-03-30,ACTIVE,0.00,35940319.66,0.0301,1356009.07,2
2025-08-01,ACC0000001222,CUST0000614,SAVINGS,Tabungan Berjangka,2024-10-06,ACTIVE,5188443.38,,0.118,-383704.88,2
2025-08-01,ACC0000001901,CUST0000957,CREDIT_CARD,Kartu Classic,2021-08-28,ACTIVE,0.00,6220171.46,0.0425,-200730.93,1
2025-08-01,ACC0000001908,CUST0000959,SAVINGS,Tabungan Berjangka,2024-05-22,ACTIVE,5273731.15,,0.0938,-7174181.89,3
2025-08-01,ACC0000001910,CUST0000960,CREDIT_CARD,Kartu Gold,2021-05-25,ACTIVE,0.00,21823716.13,0.07,3947856.93,1
2025-08-01,ACC0000002054,CUST0001035,SAVINGS,Tabungan Berjangka,2022-11-10,CLOSED,6860570.15,,0.0325,0.00,0
2025-08-01,ACC0000002226,CUST0001115,SAVINGS,Tabungan Haji,2022-01-22,ACTIVE,25062211.42,,0.094,-3540447.90,2
2025-08-01,ACC0000002559,CUST0001286,SAVINGS,Tabungan Rencana,2022-03-03,DORMANT,27094807.80,,0.06,0.00,0
2025-08-01,ACC0000002795,CUST0001410,CREDIT_CARD,Kartu Classic,2023-08-09,ACTIVE,0.00,18608363.15,0.1289,-683809.08,1
2025-08-01,ACC0000002874,CUST0001453,LOAN,KTA Personal,2021-07-01,ACTIVE,0.00,,0.0458,4202084.43,2
2025-08-01,ACC0000003248,CUST0001638,SAVINGS,Tabungan Rencana,2021-06-24,ACTIVE,8980761.96,,0.0177,-8451525.36,3
2025-08-01,ACC0000003453,CUST0001735,LOAN,Kredit Usaha,2024-10-28,ACTIVE,0.00,,0.1457,113807.02,1
2025-08-01,ACC0000003469,CUST0001743,CREDIT_CARD,Kartu Virtual,2021-08-06,ACTIVE,0.00,13787233.48,0.036,2407273.07,1
2025-08-01,ACC0000003583,CUST0001807,LOAN,Kredit Usaha,2022-02-05,ACTIVE,0.00,,0.0902,0.00,0
2025-08-01,ACC0000003858,CUST0001946,INVESTMENT,Reksa Dana,2024-03-07,ACTIVE,0.00,,0.0526,-1898596.73,2
2025-08-01,ACC0000005271,CUST0002649,INVESTMENT,Reksa Dana,2022-11-16,DORMANT,0.00,,0.0867,0.00,0
2025-08-01,ACC0000005466,CUST0002741,SAVINGS,Tabungan Haji,2024-07-20,ACTIVE,24027046.07,,0.0431,6895554.86,4
2025-08-01,ACC0000005532,CUST0002775,INVESTMENT,Obligasi,2023-06-12,ACTIVE,0.00,,0.1059,3899043.62,4
2025-08-01,ACC0000005677,CUST0002847,INVESTMENT,Obligasi,2023-06-02,ACTIVE,0.00,,0.123,-4629203.88,2
2025-08-01,ACC0000005773,CUST0002899,SAVINGS,Tabungan Negara Plus,2022-12-01,ACTIVE,8675988.14,,0.1175,1752195.56,2
2025-08-01,ACC0000005901,CUST0002966,CREDIT_CARD,Kartu Platinum,2023-08-10,CLOSED,0.00,34202503.32,0.0172,0.00,0
2025-08-01,ACC0000006218,CUST0003124,INVESTMENT,Reksa Dana,2023-09-02,ACTIVE,0.00,,0.1283,1992583.21,3
2025-08-01,ACC0000006361,CUST0003196,INVESTMENT,SBN Retail,2023-03-19,ACTIVE,0.00,,0.0323,54415.51,1
2025-08-01,ACC0000006602,CUST0003315,CREDIT_CARD,Kartu Virtual,2024-12-07,ACTIVE,0.00,21385547.49,0.0677,0.00,0
2025-08-01,ACC0000007682,CUST0003859,CREDIT_CARD,Kartu Gold,2021-07-06,ACTIVE,0.00,10862740.09,0.1335,890919.02,2
2025-08-01,ACC0000007756,CUST0003899,CREDIT_CARD,Kartu Gold,2022-09-18,ACTIVE,0.00,46271148.63,0.0569,7525126.29,4
2025-08-01,ACC0000007951,CUST0003998,LOAN,KPR Rumah,2024-01-14,ACTIVE,0.00,,0.1375,-3877304.81,3
2025-08-01,ACC0000000096,CUST0000050,LOAN,KPR Rumah,2021-03-29,CLOSED,0.00,,0.014,0.00,0
2025-08-01,ACC0000000140,CUST0000071,INVESTMENT,Reksa Dana,2024-08-11,CLOSED,0.00,,0.0254,0.00,0
2025-08-01,ACC0000000146,CUST0000073,LOAN,KTA Personal,2023-06-09,ACTIVE,0.00,,0.1386,-17378018.93,4
2025-08-01,ACC0000000161,CUST0000080,INVESTMENT,Deposito,2021-09-16,ACTIVE,0.00,,0.0583,-2869984.35,1
2025-08-01,ACC0000000445,CUST0000224,CREDIT_CARD,Kartu Gold,2023-08-22,ACTIVE,0.00,49545945.06,0.1074,-1058016.58,2
2025-08-01,ACC0000000979,CUST0000491,LOAN,KTA Personal,2023-06-02,ACTIVE,0.00,,0.0158,9352286.30,3
2025-08-01,ACC0000001000,CUST0000499,CREDIT_CARD,Kartu Classic,2024-01-28,ACTIVE,0.00,19346891.20,0.0177,-4177437.66,1
2025-08-01,ACC0000001140,CUST0000573,CREDIT_CARD,Kartu Gold,2022-01-16,ACTIVE,0.00,26390161.98,0.0754,0.00,0
2025-08-01,ACC0000001743,CUST0000880,LOAN,KPR Rumah,2024-12-30,ACTIVE,0.00,,0.1072,-3621051.54,1
2025-08-01,ACC0000001854,CUST0000933,CREDIT_CARD,Kartu Gold,2022-10-07,ACTIVE,0.00,41258740.17,0.1099,-3337862.91,1
2025-08-01,ACC0000001889,CUST0000952,SAVINGS,Tabungan Negara Plus,2023-07-17,ACTIVE,44492793.70,,0.0546,0.00,0
2025-08-01,ACC0000001934,CUST0000972,SAVINGS,Tabungan Haji,2023-11-29,ACTIVE,27457830.66,,0.1465,-1052750.86,1
2025-08-01,ACC0000002213,CUST0001110,LOAN,KPR Rumah,2023-07-31,ACTIVE,0.00,,0.0229,0.00,0
2025-08-01,ACC0000003067,CUST0001544,SAVINGS,Tabungan Haji,2024-07-03,CLOSED,49144691.87,,0.1117,0.00,0
2025-08-01,ACC0000003187,CUST0001605,SAVINGS,Tabungan Negara Plus,2022-11-11,CLOSED,19480464.34,,0.1464,0.00,0
2025-08-01,ACC0000003249,CUST0001639,LOAN,Kredit Kendaraan,2024-01-12,ACTIVE,0.00,,0.1465,0.00,0
2025-08-01,ACC0000003302,CUST0001662,SAVINGS,Tabungan Berjangka,2021-05-12,ACTIVE,36508404.51,,0.0506,810293.01,2
2025-08-01,ACC0000003458,CUST0001739,LOAN,KPR Rumah,2024-12-28,DORMANT,0.00,,0.0749,0.00,0
2025-08-01,ACC0000003494,CUST0001757,INVESTMENT,SBN Retail,2024-08-31,ACTIVE,0.00,,0.0714,-3147363.73,1
2025-08-01,ACC0000003779,CUST0001905,INVESTMENT,Deposito,2024-12-26,ACTIVE,0.00,,0.1324,3161585.27,3
2025-08-01,ACC0000004389,CUST0002205,LOAN,Kredit Usaha,2024-02-19,ACTIVE,0.00,,0.0128,4235910.67,3
2025-08-01,ACC0000004441,CUST0002229,LOAN,Kredit Kendaraan,2021-10-06,ACTIVE,0.00,,0.1047,-2163362.39,2
2025-08-01,ACC0000004590,CUST0002303,LOAN,KTA Personal,2024-02-17,ACTIVE,0.00,,0.0504,-4792307.41,4
2025-08-01,ACC0000004614,CUST0002315,INVESTMENT,Reksa Dana,2023-10-28,CLOSED,0.00,,0.0725,0.00,0
2025-08-01,ACC0000004984,CUST0002498,INVESTMENT,Reksa Dana,2023-03-20,ACTIVE,0.00,,0.047,0.00,0
2025-08-01,ACC0000005081,CUST0002550,INVESTMENT,SBN Retail,2022-12-31,ACTIVE,0.00,,0.0211,3862012.87,1
2025-08-01,ACC0000005395,CUST0002708,LOAN,Kredit Kendaraan,2022-05-22,ACTIVE,0.00,,0.0538,-4739668.50,1
2025-08-01,ACC0000005411,CUST0002714,LOAN,KPR Rumah,2022-07-29,ACTIVE,0.00,,0.0785,0.00,0
2025-08-01,ACC0000006434,CUST0003234,SAVINGS,Tabungan Negara Plus,2022-07-26,ACTIVE,36146403.56,,0.017,-3675010.73,1
2025-08-01,ACC0000006758,CUST0003395,LOAN,KPR Rumah,2024-04-03,ACTIVE,0.00,,0.0459,0.00,0
2025-08-01,ACC0000006774,CUST0003402,INVESTMENT,Obligasi,2023-06-09,ACTIVE,0.00,,0.0556,0.00,0
2025-08-01,ACC0000006777,CUST0003404,LOAN,KTA Personal,2024-06-04,ACTIVE,0.00,,0.0387,1476040.67,3
2025-08-01,ACC0000007007,CUST0003524,LOAN,KTA Personal,2024-07-02,ACTIVE,0.00,,0.1184,-2118195.46,1
2025-08-01,ACC0000007076,CUST0003559,LOAN,Kredit Kendaraan,2023-03-10,SUSPENDED,0.00,,0.0706,0.00,0
2025-08-01,ACC0000007380,CUST0003711,SAVINGS,Tabungan Haji,2021-11-19,ACTIVE,1962256.28,,0.0955,4100708.94,1
2025-08-01,ACC0000007383,CUST0003712,SAVINGS,Tabungan Berjangka,2021-02-26,ACTIVE,2896521.14,,0.0916,3379748.04,3
2025-08-01,ACC0000007896,CUST0003971,CREDIT_CARD,Kartu Platinum,2023-12-02,ACTIVE,0.00,16080343.70,0.0697,255767.30,1
2025-08-01,ACC0000000023,CUST0000012,INVESTMENT,Reksa Dana,2022-10-03,ACTIVE,0.00,,0.0416,2635449.47,2
2025-08-01,ACC0000000110,CUST0000057,SAVINGS,Tabungan Berjangka,2023-09-10,CLOSED,24143648.68,,0.0569,0.00,0
2025-08-01,ACC0000000816,CUST0000406,CREDIT_CARD,Kartu Classic,2025-01-07,ACTIVE,0.00,43430328.43,0.0935,8722193.96,2
2025-08-01,ACC0000000937,CUST0000466,LOAN,KPR Rumah,2024-08-03,ACTIVE,0.00,,0.058,-3012642.50,3
2025-08-01,ACC0000000969,CUST0000487,CREDIT_CARD,Kartu Classic,2023-03-25,ACTIVE,0.00,31747494.17,0.1422,-449227.37,3
2025-08-01,ACC0000000992,CUST0000496,SAVINGS,Tabungan Berjangka,2024-07-11,ACTIVE,44135714.95,,0.0805,1465822.90,1
2025-08-01,ACC0000001048,CUST0000524,LOAN,Kredit Kendaraan,2022-08-10,ACTIVE,0.00,,0.1044,3095443.73,1
2025-08-01,ACC0000001699,CUST0000858,LOAN,KPR Rumah,2022-10-21,ACTIVE,0.00,,0.137,1408751.57,3
2025-08-01,ACC0000002220,CUST0001113,CREDIT_CARD,Kartu Virtual,2023-12-29,ACTIVE,0.00,22279609.59,0.1248,-3164183.80,2
2025-08-01,ACC0000002362,CUST0001182,CREDIT_CARD,Kartu Gold,2021-05-13,ACTIVE,0.00,26954920.94,0.0596,1731412.74,3
2025-08-01,ACC0000002422,CUST0001214,SAVINGS,Tabungan Rencana,2022-05-31,ACTIVE,9372316.19,,0.0471,-78204.74,2
2025-08-01,ACC0000002497,CUST0001254,SAVINGS,Tabungan Haji,2023-05-20,ACTIVE,16312541.18,,0.069,-8783498.08,3
2025-08-01,ACC0000002935,CUST0001480,INVESTMENT,Deposito,2021-11-08,DORMANT,0.00,,0.0851,0.00,0
2025-08-01,ACC0000002975,CUST0001499,CREDIT_CARD,Kartu Classic,2021-07-08,DORMANT,0.00,38407778.28,0.0877,0.00,0
2025-08-01,ACC0000003011,CUST0001517,CREDIT_CARD,Kartu Gold,2024-07-04,ACTIVE,0.00,41519969.91,0.0571,-1545585.10,3
2025-08-01,ACC0000003154,CUST0001588,CREDIT_CARD,Kartu Platinum,2021-11-05,ACTIVE,0.00,31673432.08,0.1153,-5429512.31,3
2025-08-01,ACC0000003217,CUST0001624,INVESTMENT,Deposito,2024-10-07,ACTIVE,0.00,,0.0532,-6610741.69,2
2025-08-01,ACC0000003224,CUST0001627,LOAN,KPR Rumah,2024-12-21,DORMANT,0.00,,0.0598,0.00,0
2025-08-01,ACC0000003266,CUST0001646,CREDIT_CARD,Kartu Virtual,2024-08-04,ACTIVE,0.00,12890596.59,0.0647,-4402833.41,1
2025-08-01,ACC0000003382,CUST0001701,CREDIT_CARD,Kartu Gold,2023-07-06,ACTIVE,0.00,18784074.64,0.0865,3192759.23,2
2025-08-01,ACC0000003570,CUST0001798,SAVINGS,Tabungan Negara Plus,2024-01-26,ACTIVE,43191581.10,,0.1191,-2704650.28,3
2025-08-01,ACC0000003992,CUST0002014,INVESTMENT,Obligasi,2024-01-07,DORMANT,0.00,,0.1264,0.00,0
2025-08-01,ACC0000004011,CUST0002024,CREDIT_CARD,Kartu Platinum,2022-11-20,ACTIVE,0.00,31890757.60,0.0967,2536666.69,1
2025-08-01,ACC0000004352,CUST0002187,SAVINGS,Tabungan Berjangka,2025-04-30,ACTIVE,22323449.93,,0.1121,1315963.55,1
2025-08-01,ACC0000004630,CUST0002325,LOAN,Kredit Usaha,2025-03-31,ACTIVE,0.00,,0.1327,-2672381.80,1
2025-08-01,ACC0000005015,CUST0002515,LOAN,KTA Personal,2024-12-24,ACTIVE,0.00,,0.0775,-4338078.20,3
2025-08-01,ACC0000005016,CUST0002515,INVESTMENT,Obligasi,2024-12-14,ACTIVE,0.00,,0.0766,-2139552.03,3
2025-08-01,ACC0000005257,CUST0002641,CREDIT_CARD,Kartu Platinum,2025-02-11,CLOSED,0.00,37425777.90,0.0911,0.00,0
2025-08-01,ACC0000005270,CUST0002648,INVESTMENT,SBN Retail,2024-11-04,ACTIVE,0.00,,0.0353,-946913.54,1
2025-08-01,ACC0000005301,CUST0002662,LOAN,KPR Rumah,2021-12-10,ACTIVE,0.00,,0.1364,4644133.76,3
2025-08-01,ACC0000005765,CUST0002896,CREDIT_CARD,Kartu Classic,2023-03-12,ACTIVE,0.00,7763981.48,0.054,-2143550.89,2
2025-08-01,ACC0000005927,CUST0002979,LOAN,Kredit Kendaraan,2021-10-18,ACTIVE,0.00,,0.0351,4933607.18,1
2025-08-01,ACC0000006048,CUST0003041,INVESTMENT,Reksa Dana,2023-08-07,ACTIVE,0.00,,0.0399,3228110.62,2
2025-08-01,ACC0000006185,CUST0003107,SAVINGS,Tabungan Rencana,2021-08-03,ACTIVE,36548436.58,,0.0745,593969.80,4
2025-08-01,ACC0000006327,CUST0003176,LOAN,KPR Rumah,2024-01-19,ACTIVE,0.00,,0.1296,3534074.50,1
2025-08-01,ACC0000006697,CUST0003364,CREDIT_CARD,Kartu Gold,2022-06-29,ACTIVE,0.00,20435370.63,0.1129,9870420.76,4
2025-08-01,ACC0000006743,CUST0003388,CREDIT_CARD,Kartu Virtual,2024-04-21,ACTIVE,0.00,46797238.28,0.0242,822915.93,2
2025-08-01,ACC0000007175,CUST0003612,LOAN,KPR Rumah,2024-09-07,ACTIVE,0.00,,0.0341,5299984.74,2
2025-08-01,ACC0000007512,CUST0003773,CREDIT_CARD,Kartu Gold,2024-12-10,ACTIVE,0.00,27548193.79,0.0312,3276731.80,1
2025-08-01,ACC0000007732,CUST0003887,SAVINGS,Tabungan Rencana,2023-03-25,DORMANT,42447234.09,,0.044,0.00,0
2025-08-01,ACC0000007907,CUST0003976,LOAN,KTA Personal,2024-06-25,ACTIVE,0.00,,0.1316,-1265541.38,1
2025-08-01,ACC0000000055,CUST0000029,CREDIT_CARD,Kartu Classic,2023-11-02,DORMANT,0.00,47789263.99,0.1462,0.00,0
2025-08-01,ACC0000000205,CUST0000103,INVESTMENT,Reksa Dana,2024-01-03,DORMANT,0.00,,0.071,0.00,0
2025-08-01,ACC0000000432,CUST0000217,INVESTMENT,Reksa Dana,2021-11-23,ACTIVE,0.00,,0.0838,0.00,0
2025-08-01,ACC0000000538,CUST0000270,SAVINGS,Tabungan Berjangka,2021-08-08,ACTIVE,255273.58,,0.0185,181652.23,1
2025-08-01,ACC0000000587,CUST0000296,LOAN,Kredit Kendaraan,2023-11-25,ACTIVE,0.00,,0.0452,-3272962.08,1
2025-08-01,ACC0000000777,CUST0000386,CREDIT_CARD,Kartu Gold,2021-09-29,SUSPENDED,0.00,32931807.06,0.0659,0.00,0
2025-08-01,ACC0000001143,CUST0000574,INVESTMENT,Deposito,2022-08-26,DORMANT,0.00,,0.1424,0.00,0
2025-08-01,ACC0000001159,CUST0000581,CREDIT_CARD,Kartu Virtual,2021-12-05,ACTIVE,0.00,36153821.49,0.1196,-3310765.67,1
2025-08-01,ACC0000001193,CUST0000598,CREDIT_CARD,Kartu Gold,2025-02-08,ACTIVE,0.00,13342668.41,0.0409,2030694.32,1
2025-08-01,ACC0000001368,CUST0000686,INVESTMENT,Reksa Dana,2024-03-15,ACTIVE,0.00,,0.1039,3232424.73,3
2025-08-01,ACC0000001543,CUST0000776,CREDIT_CARD,Kartu Gold,2021-10-24,SUSPENDED,0.00,5632747.93,0.1099,0.00,0
2025-08-01,ACC0000001809,CUST0000908,SAVINGS,Tabungan Rencana,2021-10-27,ACTIVE,5228772.77,,0.014,-1281361.66,1
2025-08-01,ACC0000002131,CUST0001071,INVESTMENT,SBN Retail,2023-12-14,ACTIVE,0.00,,0.0979,2308899.73,1
2025-08-01,ACC0000002288,CUST0001146,SAVINGS,Tabungan Rencana,2022-04-21,DORMANT,26400032.42,,0.1079,0.00,0
2025-08-01,ACC0000002709,CUST0001367,LOAN,Kredit Kendaraan,2024-04-14,ACTIVE,0.00,,0.072,-4953294.27,1
2025-08-01,ACC0000002842,CUST0001435,SAVINGS,Tabungan Negara Plus,2023-02-20,ACTIVE,35242794.40,,0.043,-6160367.75,5
2025-08-01,ACC0000003228,CUST0001628,CREDIT_CARD,Kartu Gold,2022-08-02,ACTIVE,0.00,36168222.75,0.0448,-4702086.30,1
2025-08-01,ACC0000003610,CUST0001820,INVESTMENT,Obligasi,2025-01-07,DORMANT,0.00,,0.0873,0.00,0
2025-08-01,ACC0000003698,CUST0001863,CREDIT_CARD,Kartu Gold,2023-04-18,ACTIVE,0.00,34300731.53,0.0863,-2343258.40,1
2025-08-01,ACC0000003938,CUST0001985,SAVINGS,Tabungan Negara Plus,2025-05-21,CLOSED,1217728.64,,0.0472,0.00,0
2025-08-01,ACC0000004102,CUST0002068,SAVINGS,Tabungan Haji,2021-03-01,DORMANT,47939863.46,,0.1452,0.00,0
2025-08-01,ACC0000004453,CUST0002236,SAVINGS,Tabungan Rencana,2025-04-27,CLOSED,14025556.85,,0.0646,0.00,0
2025-08-01,ACC0000004535,CUST0002279,INVESTMENT,Deposito,2023-04-01,ACTIVE,0.00,,0.0236,4163944.40,2
2025-08-01,ACC0000004594,CUST0002305,INVESTMENT,Obligasi,2021-07-09,DORMANT,0.00,,0.0885,0.00,0
2025-08-01,ACC0000004676,CUST0002346,LOAN,KPR Rumah,2023-12-06,CLOSED,0.00,,0.1488,0.00,0
2025-08-01,ACC0000004879,CUST0002448,CREDIT_CARD,Kartu Gold,2024-06-02,ACTIVE,0.00,48409222.44,0.1299,-4427541.61,1
2025-08-01,ACC0000004909,CUST0002462,INVESTMENT,Deposito,2024-01-24,ACTIVE,0.00,,0.0396,1593480.65,2
2025-08-01,ACC0000004995,CUST0002505,LOAN,Kredit Kendaraan,2023-05-08,ACTIVE,0.00,,0.1172,-1987540.54,3
2025-08-01,ACC0000005488,CUST0002753,SAVINGS,Tabungan Haji,2021-11-02,ACTIVE,12522831.44,,0.0378,359756.92,2
2025-08-01,ACC0000005613,CUST0002820,CREDIT_CARD,Kartu Classic,2022-12-14,ACTIVE,0.00,38777690.89,0.0927,-2551660.58,1
2025-08-01,ACC0000005983,CUST0003006,CREDIT_CARD,Kartu Virtual,2022-04-22,ACTIVE,0.00,21336552.67,0.0961,1713956.61,3
2025-08-01,ACC0000006039,CUST0003036,LOAN,Kredit Usaha,2024-06-22,DORMANT,0.00,,0.0738,0.00,0
2025-08-01,ACC0000006179,CUST0003104,CREDIT_CARD,Kartu Classic,2021-11-11,ACTIVE,0.00,5419604.06,0.0603,0.00,0
2025-08-01,ACC0000006305,CUST0003165,LOAN,KPR Rumah,2023-08-25,ACTIVE,0.00,,0.1352,-1439845.34,3
2025-08-01,ACC0000006322,CUST0003174,INVESTMENT,Deposito,2024-01-28,CLOSED,0.00,,0.1072,0.00,0
2025-08-01,ACC0000006375,CUST0003203,INVESTMENT,Obligasi,2023-04-05,ACTIVE,0.00,,0.1157,-406752.10,1
2025-08-01,ACC0000006719,CUST0003375,LOAN,KTA Personal,2022-06-28,ACTIVE,0.00,,0.1051,-3686682.45,2
2025-08-01,ACC0000007124,CUST0003586,CREDIT_CARD,Kartu Gold,2023-04-03,ACTIVE,0.00,37805768.16,0.0713,1687331.67,1
2025-08-01,ACC0000007139,CUST0003594,SAVINGS,Tabungan Haji,2021-06-19,ACTIVE,37251075.03,,0.0673,0.00,0
2025-08-01,ACC0000007460,CUST0003749,SAVINGS,Tabungan Berjangka,2022-11-19,ACTIVE,34517696.54,,0.129,-2869983.96,1
2025-08-01,ACC0000007712,CUST0003876,LOAN,Kredit Usaha,2024-09-02,CLOSED,0.00,,0.0214,0.00,0
2025-08-01,ACC0000000089,CUST0000046,LOAN,KPR Rumah,2023-10-16,ACTIVE,0.00,,0.1488,-804832.82,2
2025-08-01,ACC0000000370,CUST0000185,LOAN,KPR Rumah,2021-07-28,ACTIVE,0.00,,0.0714,3450217.17,1
2025-08-01,ACC0000000558,CUST0000282,SAVINGS,Tabungan Haji,2021-05-17,ACTIVE,37555517.52,,0.0743,0.00,0
2025-08-01,ACC0000000597,CUST0000300,INVESTMENT,Obligasi,2024-10-26,ACTIVE,0.00,,0.0491,5211544.93,3
2025-08-01,ACC0000000609,CUST0000306,LOAN,KTA Personal,2021-12-25,CLOSED,0.00,,0.086,0.00,0
2025-08-01,ACC0000000632,CUST0000315,SAVINGS,Tabungan Haji,2024-04-04,DORMANT,22752697.57,,0.0372,0.00,0
2025-08-01,ACC0000000725,CUST0000360,INVESTMENT,SBN Retail,2024-02-03,ACTIVE,0.00,,0.1101,-4745483.31,1
2025-08-01,ACC0000001008,CUST0000504,INVESTMENT,SBN Retail,2023-01-07,ACTIVE,0.00,,0.1467,0.00,0
2025-08-01,ACC0000001101,CUST0000551,SAVINGS,Tabungan Haji,2021-09-28,ACTIVE,39013578.27,,0.1484,-3581596.29,1
2025-08-01,ACC0000001249,CUST0000627,SAVINGS,Tabungan Rencana,2024-05-27,ACTIVE,9445760.11,,0.0212,4054962.38,1
2025-08-01,ACC0000001462,CUST0000733,SAVINGS,Tabungan Rencana,2023-09-22,ACTIVE,14470041.68,,0.1255,-2845406.59,3
2025-08-01,ACC0000001737,CUST0000877,CREDIT_CARD,Kartu Platinum,2023-08-23,ACTIVE,0.00,22234137.43,0.0687,-180418.94,3
2025-08-01,ACC0000001780,CUST0000897,SAVINGS,Tabungan Berjangka,2024-02-20,ACTIVE,8060685.46,,0.0244,-1965109.54,3
2025-08-01,ACC0000001976,CUST0000994,LOAN,KTA Personal,2022-09-16,CLOSED,0.00,,0.1318,0.00,0
2025-08-01,ACC0000002228,CUST0001115,INVESTMENT,Deposito,2021-12-07,DORMANT,0.00,,0.1091,0.00,0
2025-08-01,ACC0000002248,CUST0001127,CREDIT_CARD,Kartu Classic,2023-07-06,DORMANT,0.00,22165110.25,0.0143,0.00,0
2025-08-01,ACC0000002398,CUST0001201,SAVINGS,Tabungan Berjangka,2024-02-29,ACTIVE,49484125.08,,0.0714,-61070.12,1
2025-08-01,ACC0000002493,CUST0001252,SAVINGS,Tabungan Negara Plus,2024-03-08,ACTIVE,3376425.97,,0.1124,10150133.78,3
2025-08-01,ACC0000002638,CUST0001329,LOAN,Kredit Kendaraan,2022-08-23,DORMANT,0.00,,0.1127,0.00,0
2025-08-01,ACC0000002655,CUST0001337,INVESTMENT,Deposito,2021-06-30,CLOSED,0.00,,0.1197,0.00,0
2025-08-01,ACC0000003259,CUST0001643,SAVINGS,Tabungan Haji,2023-07-02,ACTIVE,40227046.50,,0.0593,-3571316.42,4
2025-08-01,ACC0000003445,CUST0001731,SAVINGS,Tabungan Negara Plus,2023-09-07,ACTIVE,23861261.29,,0.0424,0.00,0
2025-08-01,ACC0000003729,CUST0001877,CREDIT_CARD,Kartu Gold,2023-11-11,ACTIVE,0.00,15338878.72,0.0665,-2653139.77,3
2025-08-01,ACC0000003912,CUST0001973,LOAN,Kredit Kendaraan,2024-06-18,ACTIVE,0.00,,0.1023,3062160.45,2
2025-08-01,ACC0000004151,CUST0002089,INVESTMENT,Obligasi,2023-12-30,SUSPENDED,0.00,,0.0845,0.00,0
2025-08-01,ACC0000004348,CUST0002185,SAVINGS,Tabungan Negara Plus,2022-09-18,ACTIVE,28433164.58,,0.014,-924109.25,1
2025-08-01,ACC0000004443,CUST0002231,SAVINGS,Tabungan Negara Plus,2021-08-09,CLOSED,9799005.37,,0.1424,0.00,0
2025-08-01,ACC0000004700,CUST0002361,CREDIT_CARD,Kartu Platinum,2022-05-12,ACTIVE,0.00,27405227.40,0.0316,385872.78,2
2025-08-01,ACC0000004818,CUST0002417,SAVINGS,Tabungan Berjangka,2023-02-12,ACTIVE,44111453.26,,0.1146,-1546766.11,1
2025-08-01,ACC0000004930,CUST0002473,INVESTMENT,SBN Retail,2022-05-28,ACTIVE,0.00,,0.1279,5699370.17,3
2025-08-01,ACC0000005043,CUST0002527,LOAN,Kredit Usaha,2021-09-29,ACTIVE,0.00,,0.0207,0.00,0
2025-08-01,ACC0000005062,CUST0002538,CREDIT_CARD,Kartu Virtual,2023-10-10,ACTIVE,0.00,34609041.08,0.1444,3605696.41,2
2025-08-01,ACC0000005258,CUST0002642,SAVINGS,Tabungan Negara Plus,2022-08-09,ACTIVE,8302858.06,,0.1307,-2859707.45,4
2025-08-01,ACC0000005356,CUST0002689,CREDIT_CARD,Kartu Virtual,2023-04-29,ACTIVE,0.00,15066522.18,0.0971,2022045.80,2
2025-08-01,ACC0000005381,CUST0002701,SAVINGS,Tabungan Haji,2022-02-02,ACTIVE,27397150.20,,0.1415,0.00,0
2025-08-01,ACC0000005675,CUST0002846,SAVINGS,Tabungan Rencana,2021-03-21,CLOSED,1546442.26,,0.1364,0.00,0
2025-08-01,ACC0000005720,CUST0002869,SAVINGS,Tabungan Rencana,2025-07-05,ACTIVE,21516777.42,,0.1034,-1915749.71,3
2025-08-01,ACC0000005762,CUST0002894,SAVINGS,Tabungan Negara Plus,2021-06-05,ACTIVE,27282044.28,,0.1262,784873.96,2
2025-08-01,ACC0000005872,CUST0002953,LOAN,Kredit Usaha,2021-12-06,ACTIVE,0.00,,0.1072,0.00,0
2025-08-01,ACC0000006052,CUST0003043,INVESTMENT,Obligasi,2022-03-02,ACTIVE,0.00,,0.0352,70569.95,1
2025-08-01,ACC0000006116,CUST0003073,LOAN,KPR Rumah,2024-09-14,ACTIVE,0.00,,0.1399,1662515.22,1
2025-08-01,ACC0000006157,CUST0003094,INVESTMENT,Deposito,2023-12-21,ACTIVE,0.00,,0.0999,-4166798.20,2
2025-08-01,ACC0000006217,CUST0003123,CREDIT_CARD,Kartu Gold,2023-07-28,ACTIVE,0.00,6560032.00,0.1471,2041196.94,2
2025-08-01,ACC0000006253,CUST0003140,CREDIT_CARD,Kartu Classic,2021-07-10,DORMANT,0.00,41022571.36,0.1044,0.00,0
2025-08-01,ACC0000006337,CUST0003182,INVESTMENT,SBN Retail,2024-02-07,CLOSED,0.00,,0.112,0.00,0
2025-08-01,ACC0000006383,CUST0003207,LOAN,KTA Personal,2022-12-12,ACTIVE,0.00,,0.0498,-858390.33,1
2025-08-01,ACC0000006775,CUST0003402,SAVINGS,Tabungan Haji,2023-04-10,ACTIVE,29991382.72,,0.0773,0.00,0
2025-08-01,ACC0000006905,CUST0003470,CREDIT_CARD,Kartu Virtual,2023-01-07,ACTIVE,0.00,19172733.11,0.0996,2574797.47,1
2025-08-01,ACC0000007170,CUST0003609,SAVINGS,Tabungan Berjangka,2023-07-21,ACTIVE,5591331.56,,0.0774,1418748.90,3
2025-08-01,ACC0000007702,CUST0003870,INVESTMENT,SBN Retail,2025-06-08,ACTIVE,0.00,,0.0883,4581038.05,1
2025-08-01,ACC0000007794,CUST0003918,CREDIT_CARD,Kartu Platinum,2021-10-25,ACTIVE,0.00,43275417.25,0.1119,-2662867.37,1
2025-08-01,ACC0000007795,CUST0003919,LOAN,Kredit Kendaraan,2023-03-26,SUSPENDED,0.00,,0.1343,0.00,0
2025-08-01,ACC0000007811,CUST0003926,LOAN,KPR Rumah,2021-08-27,ACTIVE,0.00,,0.0115,2004445.23,1
2025-08-01,ACC0000007863,CUST0003951,LOAN,KPR Rumah,2024-07-07,ACTIVE,0.00,,0.0115,3299449.76,2
2025-08-01,ACC0000007903,CUST0003974,CREDIT_CARD,Kartu Virtual,2025-04-12,CLOSED,0.00,14206397.28,0.1095,0.00,0
2025-08-01,ACC0000000391,CUST0000197,CREDIT_CARD,Kartu Virtual,2023-09-24,CLOSED,0.00,17112792.84,0.0357,0.00,0
2025-08-01,ACC0000000478,CUST0000241,INVESTMENT,Reksa Dana,2024-05-06,ACTIVE,0.00,,0.1419,-1238999.49,2
2025-08-01,ACC0000000929,CUST0000464,CREDIT_CARD,Kartu Platinum,2024-06-21,ACTIVE,0.00,46130232.98,0.034,2359074.64,3
2025-08-01,ACC0000001322,CUST0000665,SAVINGS,Tabungan Rencana,2025-03-16,ACTIVE,151855.71,,0.0108,325969.60,1
2025-08-01,ACC0000001391,CUST0000699,LOAN,KTA Personal,2021-07-17,ACTIVE,0.00,,0.116,2533670.42,1
2025-08-01,ACC0000002016,CUST0001015,LOAN,Kredit Kendaraan,2025-03-24,ACTIVE,0.00,,0.0783,4826132.87,3
2025-08-01,ACC0000002112,CUST0001063,CREDIT_CARD,Kartu Platinum,2023-10-26,ACTIVE,0.00,24146409.15,0.0913,8363213.96,2
2025-08-01,ACC0000002200,CUST0001104,CREDIT_CARD,Kartu Platinum,2023-08-31,ACTIVE,0.00,19432762.74,0.0882,6317862.69,3
2025-08-01,ACC0000002387,CUST0001195,INVESTMENT,Obligasi,2024-03-19,DORMANT,0.00,,0.0747,0.00,0
2025-08-01,ACC0000002416,CUST0001211,LOAN,Kredit Usaha,2024-07-09,ACTIVE,0.00,,0.0779,-5836761.58,2
2025-08-01,ACC0000002538,CUST0001275,CREDIT_CARD,Kartu Gold,2023-08-01,ACTIVE,0.00,41556332.40,0.0858,3571692.18,3
2025-08-01,ACC0000002606,CUST0001311,CREDIT_CARD,Kartu Platinum,2023-03-21,CLOSED,0.00,41081289.21,0.0961,0.00,0
2025-08-01,ACC0000002611,CUST0001314,LOAN,KTA Personal,2025-04-21,ACTIVE,0.00,,0.1115,4184329.46,1
2025-08-01,ACC0000002711,CUST0001368,INVESTMENT,Deposito,2022-10-13,ACTIVE,0.00,,0.0436,3267396.16,1
2025-08-01,ACC0000003049,CUST0001534,CREDIT_CARD,Kartu Virtual,2024-10-31,ACTIVE,0.00,23762125.32,0.1473,514287.46,1
2025-08-01,ACC0000003398,CUST0001709,INVESTMENT,SBN Retail,2024-11-21,SUSPENDED,0.00,,0.0951,0.00,0
2025-08-01,ACC0000003438,CUST0001727,SAVINGS,Tabungan Rencana,2023-03-19,ACTIVE,14663749.30,,0.0582,0.00,0
2025-08-01,ACC0000004108,CUST0002071,INVESTMENT,SBN Retail,2023-04-06,ACTIVE,0.00,,0.0302,-2729930.13,1
2025-08-01,ACC0000004109,CUST0002071,LOAN,KPR Rumah,2023-04-07,ACTIVE,0.00,,0.0903,5465467.40,2
2025-08-01,ACC0000004273,CUST0002149,CREDIT_CARD,Kartu Platinum,2024-04-02,ACTIVE,0.00,5124233.36,0.0688,-10770480.64,5
2025-08-01,ACC0000004291,CUST0002157,SAVINGS,Tabungan Negara Plus,2023-09-05,DORMANT,33350856.47,,0.107,0.00,0
2025-08-01,ACC0000004654,CUST0002337,LOAN,KPR Rumah,2024-09-22,ACTIVE,0.00,,0.0949,-8828554.03,3
2025-08-01,ACC0000004798,CUST0002407,SAVINGS,Tabungan Rencana,2023-08-10,DORMANT,42081135.71,,0.133,0.00,0
2025-08-01,ACC0000004830,CUST0002424,LOAN,KTA Personal,2024-11-06,ACTIVE,0.00,,0.0818,3288847.30,1
2025-08-01,ACC0000005261,CUST0002644,SAVINGS,Tabungan Rencana,2022-02-07,CLOSED,4919773.17,,0.1042,0.00,0
2025-08-01,ACC0000005556,CUST0002786,CREDIT_CARD,Kartu Virtual,2021-12-06,SUSPENDED,0.00,15200154.37,0.1284,0.00,0
2025-08-01,ACC0000005706,CUST0002863,SAVINGS,Tabungan Haji,2023-05-15,ACTIVE,41627464.04,,0.0892,4955453.55,1
2025-08-01,ACC0000005902,CUST0002966,LOAN,Kredit Usaha,2023-04-12,ACTIVE,0.00,,0.1352,-1440450.98,3
2025-08-01,ACC0000006142,CUST0003086,CREDIT_CARD,Kartu Classic,2024-11-03,CLOSED,0.00,30038812.49,0.1067,0.00,0
2025-08-01,ACC0000006355,CUST0003192,INVESTMENT,Obligasi,2024-01-03,ACTIVE,0.00,,0.0562,2820200.47,2
2025-08-01,ACC0000006543,CUST0003285,SAVINGS,Tabungan Negara Plus,2021-10-04,ACTIVE,35903977.17,,0.074,4980797.45,1
2025-08-01,ACC0000006799,CUST0003412,CREDIT_CARD,Kartu Platinum,2022-07-16,ACTIVE,0.00,9850170.08,0.1389,-8355784.11,4
2025-08-01,ACC0000007202,CUST0003624,LOAN,Kredit Usaha,2024-06-23,ACTIVE,0.00,,0.0168,-1290025.83,1
2025-08-01,ACC0000007258,CUST0003650,CREDIT_CARD,Kartu Classic,2021-10-09,ACTIVE,0.00,36859023.87,0.1214,0.00,0
2025-08-01,ACC0000007302,CUST0003671,INVESTMENT,Reksa Dana,2023-04-29,SUSPENDED,0.00,,0.0804,0.00,0
2025-08-01,ACC0000007365,CUST0003703,CREDIT_CARD,Kartu Virtual,2023-03-16,ACTIVE,0.00,24512507.74,0.101,3024087.83,1
2025-08-01,ACC0000007503,CUST0003768,CREDIT_CARD,Kartu Platinum,2024-04-22,ACTIVE,0.00,22889490.37,0.1203,4994139.54,2
2025-08-01,ACC0000007575,CUST0003805,CREDIT_CARD,Kartu Gold,2022-01-07,DORMANT,0.00,23737061.72,0.1143,0.00,0
2025-08-01,ACC0000007888,CUST0003966,LOAN,Kredit Kendaraan,2023-09-08,ACTIVE,0.00,,0.0829,-3959992.67,3
2025-08-01,ACC0000000297,CUST0000148,LOAN,KPR Rumah,2021-11-21,ACTIVE,0.00,,0.0665,-7875216.66,4
2025-08-01,ACC0000000501,CUST0000253,LOAN,KPR Rumah,2022-10-05,ACTIVE,0.00,,0.0732,4594375.63,2
2025-08-01,ACC0000000583,CUST0000295,SAVINGS,Tabungan Rencana,2024-10-16,ACTIVE,4765300.83,,0.0535,2619511.02,2
2025-08-01,ACC0000000671,CUST0000331,CREDIT_CARD,Kartu Platinum,2023-10-23,CLOSED,0.00,34573333.27,0.1022,0.00,0
2025-08-01,ACC0000000720,CUST0000356,LOAN,KPR Rumah,2023-02-27,ACTIVE,0.00,,0.1116,2207013.62,3
2025-08-01,ACC0000000843,CUST0000419,INVESTMENT,SBN Retail,2024-05-06,ACTIVE,0.00,,0.1413,249184.26,2
2025-08-01,ACC0000000933,CUST0000465,SAVINGS,Tabungan Berjangka,2022-11-29,ACTIVE,18549001.00,,0.0978,-2406524.02,1
2025-08-01,ACC0000000959,CUST0000481,SAVINGS,Tabungan Berjangka,2022-07-18,SUSPENDED,602795.38,,0.0965,0.00,0
2025-08-01,ACC0000001434,CUST0000721,SAVINGS,Tabungan Rencana,2024-03-30,ACTIVE,20548425.47,,0.1399,0.00,0
2025-08-01,ACC0000001634,CUST0000824,INVESTMENT,Reksa Dana,2024-06-18,ACTIVE,0.00,,0.0817,-5706646.77,3
2025-08-01,ACC0000001995,CUST0001003,INVESTMENT,Deposito,2024-09-23,ACTIVE,0.00,,0.0716,663198.89,2
2025-08-01,ACC0000002211,CUST0001109,SAVINGS,Tabungan Haji,2024-11-09,SUSPENDED,15759768.97,,0.0808,0.00,0
2025-08-01,ACC0000002708,CUST0001367,LOAN,KPR Rumah,2024-02-09,ACTIVE,0.00,,0.0191,-4830438.78,2
2025-08-01,ACC0000002766,CUST0001398,LOAN,KPR Rumah,2025-01-29,DORMANT,0.00,,0.1135,0.00,0
2025-08-01,ACC0000002859,CUST0001445,SAVINGS,Tabungan Berjangka,2024-12-02,DORMANT,21485841.05,,0.0696,0.00,0
2025-08-01,ACC0000002963,CUST0001492,INVESTMENT,Reksa Dana,2023-01-05,SUSPENDED,0.00,,0.1364,0.00,0
2025-08-01,ACC0000003123,CUST0001574,LOAN,Kredit Usaha,2023-07-16,ACTIVE,0.00,,0.1287,1760408.87,2
2025-08-01,ACC0000003193,CUST0001607,LOAN,KTA Personal,2022-05-02,ACTIVE,0.00,,0.018,0.00,0
2025-08-01,ACC0000003832,CUST0001933,SAVINGS,Tabungan Rencana,2023-12-09,ACTIVE,47883813.13,,0.0105,2822668.73,4
2025-08-01,ACC0000004028,CUST0002032,CREDIT_CARD,Kartu Classic,2024-01-13,ACTIVE,0.00,33382563.55,0.0689,4992417.46,2
2025-08-01,ACC0000004074,CUST0002055,LOAN,KPR Rumah,2023-05-08,ACTIVE,0.00,,0.0147,-3840120.44,1
2025-08-01,ACC0000004081,CUST0002057,SAVINGS,Tabungan Berjangka,2023-01-19,DORMANT,20209884.18,,0.0365,0.00,0
2025-08-01,ACC0000004440,CUST0002229,CREDIT_CARD,Kartu Classic,2021-09-28,ACTIVE,0.00,39588569.76,0.0375,-5468363.93,2
2025-08-01,ACC0000004487,CUST0002253,LOAN,KTA Personal,2024-01-29,ACTIVE,0.00,,0.1288,7821946.19,2
2025-08-01,ACC0000004774,CUST0002394,INVESTMENT,Reksa Dana,2024-08-06,ACTIVE,0.00,,0.0636,-2244510.50,1
2025-08-01,ACC0000005129,CUST0002575,LOAN,Kredit Kendaraan,2024-10-20,ACTIVE,0.00,,0.0348,1367132.12,3
2025-08-01,ACC0000005192,CUST0002605,LOAN,KPR Rumah,2023-09-12,ACTIVE,0.00,,0.0776,-177843.84,3
2025-08-01,ACC0000005218,CUST0002617,CREDIT_CARD,Kartu Virtual,2025-01-23,ACTIVE,0.00,30694608.99,0.0992,808822.43,2
2025-08-01,ACC0000005389,CUST0002705,INVESTMENT,Obligasi,2024-12-13,CLOSED,0.00,,0.0996,0.00,0
2025-08-01,ACC0000005531,CUST0002774,INVESTMENT,Reksa Dana,2024-10-14,ACTIVE,0.00,,0.0244,-1190060.99,3
2025-08-01,ACC0000006727,CUST0003379,LOAN,KTA Personal,2021-07-26,ACTIVE,0.00,,0.1405,3625897.84,2
2025-08-01,ACC0000006850,CUST0003439,CREDIT_CARD,Kartu Classic,2022-08-13,ACTIVE,0.00,8922190.45,0.0716,397193.62,2
2025-08-01,ACC0000007131,CUST0003589,INVESTMENT,Obligasi,2025-02-23,ACTIVE,0.00,,0.1129,875746.34,2
2025-08-01,ACC0000007165,CUST0003607,SAVINGS,Tabungan Rencana,2023-09-14,ACTIVE,11464632.93,,0.1401,3160093.89,3
2025-08-01,ACC0000007226,CUST0003637,SAVINGS,Tabungan Negara Plus,2022-09-05,ACTIVE,30557846.90,,0.1138,3309927.36,1
2025-08-01,ACC0000007366,CUST0003703,LOAN,KTA Personal,2023-05-01,ACTIVE,0.00,,0.0247,0.00,0
2025-08-01,ACC0000007638,CUST0003838,SAVINGS,Tabungan Negara Plus,2023-08-10,ACTIVE,4115055.47,,0.0552,12580338.20,3
2025-08-01,ACC0000007800,CUST0003921,INVESTMENT,SBN Retail,2022-07-16,ACTIVE,0.00,,0.141,-4876454.23,3
2025-08-01,ACC0000000092,CUST0000048,INVESTMENT,Deposito,2023-01-17,ACTIVE,0.00,,0.039,3026532.20,1
2025-08-01,ACC0000000321,CUST0000160,SAVINGS,Tabungan Haji,2025-01-01,ACTIVE,23466692.17,,0.05,1288493.44,1
2025-08-01,ACC0000000554,CUST0000280,SAVINGS,Tabungan Berjangka,2024-11-23,ACTIVE,39333860.15,,0.1426,-1724468.43,4
2025-08-01,ACC0000000707,CUST0000351,SAVINGS,Tabungan Berjangka,2021-06-22,ACTIVE,15248823.44,,0.0937,136777.58,3
2025-08-01,ACC0000000752,CUST0000373,SAVINGS,Tabungan Berjangka,2021-09-28,ACTIVE,15142137.30,,0.0373,379559.08,2
2025-08-01,ACC0000000810,CUST0000403,INVESTMENT,Obligasi,2023-08-28,ACTIVE,0.00,,0.0394,167822.94,2
2025-08-01,ACC0000000811,CUST0000403,LOAN,KPR Rumah,2024-01-18,ACTIVE,0.00,,0.1341,4052802.89,1
2025-08-01,ACC0000001070,CUST0000534,CREDIT_CARD,Kartu Gold,2023-08-16,DORMANT,0.00,34176873.09,0.0298,0.00,0
2025-08-01,ACC0000001074,CUST0000536,CREDIT_CARD,Kartu Virtual,2021-12-21,SUSPENDED,0.00,7145865.43,0.1291,0.00,0
2025-08-01,ACC0000001175,CUST0000589,INVESTMENT,Reksa Dana,2023-07-02,CLOSED,0.00,,0.124,0.00,0
2025-08-01,ACC0000001205,CUST0000603,SAVINGS,Tabungan Rencana,2021-01-17,ACTIVE,43598899.55,,0.0333,-2717056.19,1
2025-08-01,ACC0000001273,CUST0000641,CREDIT_CARD,Kartu Gold,2024-09-22,ACTIVE,0.00,19780663.50,0.0893,1565606.49,2
2025-08-01,ACC0000001376,CUST0000691,CREDIT_CARD,Kartu Gold,2021-05-18,ACTIVE,0.00,23792796.31,0.0627,6137343.18,2
2025-08-01,ACC0000001453,CUST0000729,CREDIT_CARD,Kartu Platinum,2022-11-25,ACTIVE,0.00,25770879.60,0.0339,1113334.56,1
2025-08-01,ACC0000001464,CUST0000734,SAVINGS,Tabungan Berjangka,2023-11-09,DORMANT,2424586.69,,0.0168,0.00,0
2025-08-01,ACC0000001799,CUST0000904,LOAN,Kredit Usaha,2023-11-01,ACTIVE,0.00,,0.0723,-3357290.11,1
2025-08-01,ACC0000001872,CUST0000943,CREDIT_CARD,Kartu Gold,2024-05-12,ACTIVE,0.00,23835933.26,0.0169,-2001512.87,4
2025-08-01,ACC0000002191,CUST0001101,LOAN,Kredit Usaha,2024-06-02,ACTIVE,0.00,,0.0299,-4496635.04,3
2025-08-01,ACC0000002238,CUST0001121,SAVINGS,Tabungan Negara Plus,2022-06-18,ACTIVE,24845057.81,,0.1125,0.00,0
2025-08-01,ACC0000002433,CUST0001220,LOAN,KTA Personal,2023-06-13,ACTIVE,0.00,,0.1425,-972938.56,1
2025-08-01,ACC0000002444,CUST0001226,SAVINGS,Tabungan Rencana,2023-06-30,ACTIVE,10639530.09,,0.0107,-1227858.46,2
2025-08-01,ACC0000002499,CUST0001255,CREDIT_CARD,Kartu Virtual,2023-12-18,ACTIVE,0.00,42768849.15,0.0959,-383865.86,1
2025-08-01,ACC0000002641,CUST0001331,INVESTMENT,Deposito,2023-07-06,ACTIVE,0.00,,0.0475,-420584.38,2
2025-08-01,ACC0000002767,CUST0001398,SAVINGS,Tabungan Haji,2024-10-15,ACTIVE,8970210.21,,0.034,2410122.02,2
2025-08-01,ACC0000002779,CUST0001405,INVESTMENT,Reksa Dana,2021-05-07,DORMANT,0.00,,0.1093,0.00,0
2025-08-01,ACC0000002781,CUST0001405,LOAN,KTA Personal,2021-04-11,ACTIVE,0.00,,0.0709,0.00,0
2025-08-01,ACC0000002818,CUST0001423,SAVINGS,Tabungan Rencana,2023-04-10,DORMANT,20068453.17,,0.1488,0.00,0
2025-08-01,ACC0000003850,CUST0001942,CREDIT_CARD,Kartu Platinum,2023-12-29,ACTIVE,0.00,15981692.82,0.0648,2493182.84,2
2025-08-01,ACC0000003908,CUST0001970,CREDIT_CARD,Kartu Virtual,2024-12-10,ACTIVE,0.00,29717300.05,0.1463,1132645.64,4
2025-08-01,ACC0000003972,CUST0002002,INVESTMENT,Reksa Dana,2024-01-12,ACTIVE,0.00,,0.1318,-4051113.97,2
2025-08-01,ACC0000004118,CUST0002074,CREDIT_CARD,Kartu Classic,2024-01-07,ACTIVE,0.00,10939901.42,0.1271,0.00,0
2025-08-01,ACC0000004139,CUST0002083,LOAN,KPR Rumah,2021-07-12,ACTIVE,0.00,,0.1129,983873.08,5
2025-08-01,ACC0000004411,CUST0002215,INVESTMENT,SBN Retail,2022-12-17,ACTIVE,0.00,,0.0111,-7131340.38,4
2025-08-01,ACC0000004494,CUST0002257,INVESTMENT,SBN Retail,2022-01-29,ACTIVE,0.00,,0.0278,0.00,0
2025-08-01,ACC0000004876,CUST0002447,LOAN,KTA Personal,2022-10-19,ACTIVE,0.00,,0.1369,1976358.98,2
2025-08-01,ACC0000005019,CUST0002517,INVESTMENT,SBN Retail,2024-10-02,ACTIVE,0.00,,0.1283,-9774036.52,3
2025-08-01,ACC0000005179,CUST0002598,CREDIT_CARD,Kartu Classic,2024-01-07,ACTIVE,0.00,7293914.23,0.0316,-6145687.45,2
2025-08-01,ACC0000005787,CUST0002908,INVESTMENT,SBN Retail,2021-08-28,ACTIVE,0.00,,0.0113,-4406684.67,1
2025-08-01,ACC0000005850,CUST0002942,CREDIT_CARD,Kartu Virtual,2021-11-09,ACTIVE,0.00,10152507.23,0.1267,0.00,0
2025-08-01,ACC0000006163,CUST0003097,LOAN,KPR Rumah,2021-03-18,ACTIVE,0.00,,0.0671,-8493166.88,2
2025-08-01,ACC0000006177,CUST0003104,SAVINGS,Tabungan Berjangka,2021-08-30,ACTIVE,7263225.36,,0.0922,4480335.43,1
2025-08-01,ACC0000006220,CUST0003125,CREDIT_CARD,Kartu Platinum,2024-12-07,ACTIVE,0.00,25513020.58,0.1439,-3397656.46,1
2025-08-01,ACC0000006400,CUST0003216,SAVINGS,Tabungan Berjangka,2021-05-25,ACTIVE,4003820.40,,0.0519,-5625327.60,2
2025-08-01,ACC0000006644,CUST0003337,LOAN,KPR Rumah,2021-06-22,ACTIVE,0.00,,0.096,0.00,0
2025-08-01,ACC0000006764,CUST0003397,LOAN,Kredit Usaha,2024-05-31,ACTIVE,0.00,,0.0111,897966.11,1
2025-08-01,ACC0000006766,CUST0003399,LOAN,Kredit Usaha,2022-09-26,CLOSED,0.00,,0.0981,0.00,0
2025-08-01,ACC0000006846,CUST0003437,CREDIT_CARD,Kartu Classic,2021-06-16,ACTIVE,0.00,25120818.37,0.1217,-1087724.43,1
2025-08-01,ACC0000006925,CUST0003480,INVESTMENT,Deposito,2023-09-17,ACTIVE,0.00,,0.0494,-1191069.97,3
2025-08-01,ACC0000007177,CUST0003613,LOAN,Kredit Usaha,2023-08-09,ACTIVE,0.00,,0.1222,-6978119.07,3
2025-08-01,ACC0000007244,CUST0003644,INVESTMENT,Reksa Dana,2022-10-22,ACTIVE,0.00,,0.1351,-4262434.97,1
2025-08-01,ACC0000007387,CUST0003715,SAVINGS,Tabungan Rencana,2023-03-25,ACTIVE,25449850.56,,0.0345,594574.55,2
2025-08-01,ACC0000007464,CUST0003751,INVESTMENT,SBN Retail,2022-02-12,DORMANT,0.00,,0.15,0.00,0
2025-08-01,ACC0000007559,CUST0003796,LOAN,Kredit Usaha,2021-12-30,ACTIVE,0.00,,0.1268,117967.76,3
2025-08-01,ACC0000007600,CUST0003816,INVESTMENT,SBN Retail,2022-09-12,ACTIVE,0.00,,0.0599,0.00,0
2025-08-01,ACC0000007639,CUST0003838,CREDIT_CARD,Kartu Platinum,2023-10-23,DORMANT,0.00,48670784.04,0.0935,0.00,0
2025-08-01,ACC0000007905,CUST0003975,LOAN,Kredit Kendaraan,2023-05-26,ACTIVE,0.00,,0.1182,-2639999.30,1
2025-08-01,ACC0000000113,CUST0000059,LOAN,Kredit Usaha,2023-08-24,ACTIVE,0.00,,0.0772,4852166.46,1
2025-08-01,ACC0000000396,CUST0000199,LOAN,Kredit Kendaraan,2022-10-16,ACTIVE,0.00,,0.048,8199507.51,2
2025-08-01,ACC0000000412,CUST0000208,INVESTMENT,SBN Retail,2023-11-28,ACTIVE,0.00,,0.148,1880113.22,2
2025-08-01,ACC0000000503,CUST0000254,LOAN,Kredit Usaha,2023-05-29,ACTIVE,0.00,,0.1145,2538315.74,1
2025-08-01,ACC0000000626,CUST0000313,SAVINGS,Tabungan Berjangka,2024-12-08,ACTIVE,48676039.39,,0.05,3162456.53,1
2025-08-01,ACC0000000633,CUST0000316,SAVINGS,Tabungan Haji,2024-12-03,ACTIVE,31788384.10,,0.053,-4345059.87,3
2025-08-01,ACC0000000661,CUST0000327,INVESTMENT,Reksa Dana,2021-09-03,DORMANT,0.00,,0.0999,0.00,0
2025-08-01,ACC0000000680,CUST0000336,INVESTMENT,Reksa Dana,2025-06-09,ACTIVE,0.00,,0.0252,738651.80,1
2025-08-01,ACC0000000767,CUST0000380,LOAN,Kredit Kendaraan,2021-05-14,ACTIVE,0.00,,0.0937,1071864.05,2
2025-08-01,ACC0000000795,CUST0000395,LOAN,Kredit Kendaraan,2024-11-14,ACTIVE,0.00,,0.0767,7282717.07,2
2025-08-01,ACC0000000886,CUST0000439,SAVINGS,Tabungan Rencana,2025-04-15,ACTIVE,36235942.85,,0.0583,445367.72,2
2025-08-01,ACC0000001050,CUST0000524,CREDIT_CARD,Kartu Virtual,2022-08-22,DORMANT,0.00,24484263.04,0.0918,0.00,0
2025-08-01,ACC0000001127,CUST0000564,CREDIT_CARD,Kartu Virtual,2022-11-30,ACTIVE,0.00,44791871.49,0.0434,0.00,0
2025-08-01,ACC0000001452,CUST0000729,INVESTMENT,Deposito,2022-11-29,ACTIVE,0.00,,0.068,0.00,0
2025-08-01,ACC0000001735,CUST0000876,LOAN,KTA Personal,2022-03-27,ACTIVE,0.00,,0.1071,-299476.38,1
2025-08-01,ACC0000002050,CUST0001033,SAVINGS,Tabungan Berjangka,2022-02-08,ACTIVE,15458937.90,,0.0699,0.00,0
2025-08-01,ACC0000003116,CUST0001571,INVESTMENT,Obligasi,2023-03-22,ACTIVE,0.00,,0.0871,-4866739.41,1
2025-08-01,ACC0000003277,CUST0001652,INVESTMENT,Deposito,2022-10-19,ACTIVE,0.00,,0.0686,0.00,0
2025-08-01,ACC0000003325,CUST0001671,INVESTMENT,Deposito,2024-02-20,DORMANT,0.00,,0.0143,0.00,0
2025-08-01,ACC0000003425,CUST0001721,CREDIT_CARD,Kartu Virtual,2023-12-09,ACTIVE,0.00,47159918.65,0.0208,-3242837.07,1
2025-08-01,ACC0000003822,CUST0001928,LOAN,KPR Rumah,2022-11-23,ACTIVE,0.00,,0.0526,788866.51,2
2025-08-01,ACC0000003842,CUST0001938,SAVINGS,Tabungan Rencana,2021-05-19,DORMANT,47135348.40,,0.0131,0.00,0
2025-08-01,ACC0000003896,CUST0001964,SAVINGS,Tabungan Rencana,2024-08-20,CLOSED,17402602.42,,0.0326,0.00,0
2025-08-01,ACC0000003947,CUST0001990,INVESTMENT,Reksa Dana,2023-03-07,ACTIVE,0.00,,0.117,-4440822.62,3
2025-08-01,ACC0000004002,CUST0002020,INVESTMENT,SBN Retail,2024-10-17,ACTIVE,0.00,,0.0347,-8410365.48,3
2025-08-01,ACC0000004060,CUST0002048,SAVINGS,Tabungan Berjangka,2021-10-20,ACTIVE,45116772.35,,0.0723,-3464573.35,2
2025-08-01,ACC0000004178,CUST0002105,CREDIT_CARD,Kartu Gold,2025-04-04,DORMANT,0.00,18735179.49,0.0263,0.00,0
2025-08-01,ACC0000004203,CUST0002118,LOAN,Kredit Kendaraan,2023-08-16,ACTIVE,0.00,,0.1429,-2603753.08,1
2025-08-01,ACC0000004490,CUST0002255,CREDIT_CARD,Kartu Virtual,2025-03-27,ACTIVE,0.00,44894686.08,0.0978,-494538.30,2
2025-08-01,ACC0000004560,CUST0002290,LOAN,KTA Personal,2021-07-10,ACTIVE,0.00,,0.0265,2819950.06,1
2025-08-01,ACC0000004769,CUST0002391,LOAN,KPR Rumah,2022-08-02,ACTIVE,0.00,,0.0192,108310.78,4
2025-08-01,ACC0000005086,CUST0002553,CREDIT_CARD,Kartu Platinum,2021-10-04,CLOSED,0.00,15062616.64,0.1174,0.00,0
2025-08-01,ACC0000005244,CUST0002634,INVESTMENT,SBN Retail,2021-11-10,SUSPENDED,0.00,,0.0714,0.00,0
2025-08-01,ACC0000005790,CUST0002909,SAVINGS,Tabungan Rencana,2024-02-11,DORMANT,44151611.50,,0.08,0.00,0
2025-08-01,ACC0000005815,CUST0002922,INVESTMENT,Reksa Dana,2025-03-14,ACTIVE,0.00,,0.0132,6750449.25,2
2025-08-01,ACC0000005869,CUST0002952,INVESTMENT,Deposito,2022-09-24,ACTIVE,0.00,,0.0868,2540688.59,2
2025-08-01,ACC0000006124,CUST0003077,INVESTMENT,Obligasi,2022-05-30,ACTIVE,0.00,,0.0316,3303278.86,3
2025-08-01,ACC0000006269,CUST0003148,CREDIT_CARD,Kartu Virtual,2024-02-24,ACTIVE,0.00,23765306.86,0.0125,67966.04,1
2025-08-01,ACC0000006380,CUST0003206,CREDIT_CARD,Kartu Platinum,2021-07-03,DORMANT,0.00,44081433.20,0.0317,0.00,0
2025-08-01,ACC0000006389,CUST0003210,SAVINGS,Tabungan Negara Plus,2025-01-07,ACTIVE,20286731.87,,0.0244,2947588.62,1
2025-08-01,ACC0000006463,CUST0003248,CREDIT_CARD,Kartu Classic,2024-12-17,ACTIVE,0.00,41245536.34,0.0259,-10875034.93,3
2025-08-01,ACC0000006509,CUST0003269,INVESTMENT,SBN Retail,2021-12-15,ACTIVE,0.00,,0.0541,1680098.15,3
2025-08-01,ACC0000006604,CUST0003316,INVESTMENT,Obligasi,2023-04-25,ACTIVE,0.00,,0.0232,-6912891.10,3
2025-08-01,ACC0000006670,CUST0003351,SAVINGS,Tabungan Rencana,2025-02-03,CLOSED,49451117.79,,0.1055,0.00,0
2025-08-01,ACC0000006769,CUST0003400,CREDIT_CARD,Kartu Platinum,2022-01-07,ACTIVE,0.00,18251317.68,0.0697,8585577.69,2
2025-08-01,ACC0000006873,CUST0003452,CREDIT_CARD,Kartu Gold,2023-03-27,ACTIVE,0.00,34691071.90,0.038,3807835.62,3
2025-08-01,ACC0000007307,CUST0003673,SAVINGS,Tabungan Rencana,2022-06-16,ACTIVE,21289899.13,,0.1396,304498.46,2
2025-08-01,ACC0000007943,CUST0003992,SAVINGS,Tabungan Berjangka,2023-07-11,DORMANT,6205080.94,,0.118,0.00,0
2025-08-01,ACC0000007944,CUST0003992,CREDIT_CARD,Kartu Virtual,2023-05-21,ACTIVE,0.00,24499931.27,0.0765,-1926912.99,1
2025-08-01,ACC0000000003,CUST0000003,SAVINGS,Tabungan Haji,2023-01-28,ACTIVE,2915535.69,,0.0809,3672097.95,1
2025-08-01,ACC0000000258,CUST0000129,CREDIT_CARD,Kartu Classic,2023-10-17,ACTIVE,0.00,18736391.37,0.1159,4943837.22,2
2025-08-01,ACC0000000288,CUST0000144,INVESTMENT,Obligasi,2025-01-23,ACTIVE,0.00,,0.0746,-457321.59,2
2025-08-01,ACC0000000289,CUST0000145,SAVINGS,Tabungan Haji,2025-01-30,CLOSED,6479751.20,,0.1389,0.00,0
2025-08-01,ACC0000000629,CUST0000314,LOAN,KPR Rumah,2025-03-06,ACTIVE,0.00,,0.0374,1477998.33,1
2025-08-01,ACC0000001037,CUST0000518,INVESTMENT,Deposito,2021-10-16,DORMANT,0.00,,0.122,0.00,0
2025-08-01,ACC0000001607,CUST0000809,LOAN,KTA Personal,2021-11-08,ACTIVE,0.00,,0.1315,-7497646.19,3
2025-08-01,ACC0000001707,CUST0000862,INVESTMENT,Deposito,2025-03-24,ACTIVE,0.00,,0.0741,-4910472.25,2
2025-08-01,ACC0000001951,CUST0000981,LOAN,Kredit Usaha,2021-11-26,ACTIVE,0.00,,0.0549,3350422.55,1
2025-08-01,ACC0000002096,CUST0001057,LOAN,KTA Personal,2021-04-07,ACTIVE,0.00,,0.1354,0.00,0
2025-08-01,ACC0000002162,CUST0001088,SAVINGS,Tabungan Rencana,2025-06-14,ACTIVE,39917868.57,,0.1327,0.00,0
2025-08-01,ACC0000002428,CUST0001217,CREDIT_CARD,Kartu Classic,2024-02-21,ACTIVE,0.00,7498295.11,0.1344,0.00,0
2025-08-01,ACC0000002769,CUST0001399,CREDIT_CARD,Kartu Platinum,2021-10-22,DORMANT,0.00,10795128.73,0.121,0.00,0
2025-08-01,ACC0000003284,CUST0001655,SAVINGS,Tabungan Rencana,2024-01-26,ACTIVE,32069582.32,,0.0667,-830041.09,2
2025-08-01,ACC0000003365,CUST0001693,LOAN,KTA Personal,2022-12-25,ACTIVE,0.00,,0.1302,0.00,0
2025-08-01,ACC0000003798,CUST0001915,CREDIT_CARD,Kartu Gold,2021-10-20,ACTIVE,0.00,47810262.90,0.0473,2014033.09,1
2025-08-01,ACC0000003921,CUST0001978,SAVINGS,Tabungan Rencana,2023-11-29,ACTIVE,23107862.42,,0.0586,-1829047.50,1
2025-08-01,ACC0000004070,CUST0002053,CREDIT_CARD,Kartu Gold,2024-07-07,DORMANT,0.00,36065009.62,0.1323,0.00,0
2025-08-01,ACC0000004299,CUST0002161,CREDIT_CARD,Kartu Gold,2024-05-21,ACTIVE,0.00,41394370.19,0.045,5891762.10,2
2025-08-01,ACC0000004457,CUST0002237,SAVINGS,Tabungan Berjangka,2022-12-06,ACTIVE,13671117.14,,0.0614,0.00,0
2025-08-01,ACC0000004669,CUST0002342,SAVINGS,Tabungan Haji,2024-09-29,ACTIVE,24652408.69,,0.0633,-946615.69,4
2025-08-01,ACC0000004917,CUST0002467,CREDIT_CARD,Kartu Classic,2021-07-01,ACTIVE,0.00,35911064.97,0.1315,2592457.68,1
2025-08-01,ACC0000005667,CUST0002843,LOAN,KPR Rumah,2021-08-18,ACTIVE,0.00,,0.1429,-819969.62,3
2025-08-01,ACC0000005771,CUST0002898,CREDIT_CARD,Kartu Virtual,2021-11-06,ACTIVE,0.00,16462469.89,0.0198,4798572.15,1
2025-08-01,ACC0000005833,CUST0002932,CREDIT_CARD,Kartu Gold,2022-02-14,ACTIVE,0.00,18014202.90,0.0199,4029182.06,6
2025-08-01,ACC0000005978,CUST0003003,INVESTMENT,Reksa Dana,2024-10-17,DORMANT,0.00,,0.0325,0.00,0
2025-08-01,ACC0000006275,CUST0003151,LOAN,Kredit Usaha,2023-10-21,ACTIVE,0.00,,0.0965,-1882545.67,1
2025-08-01,ACC0000006357,CUST0003194,SAVINGS,Tabungan Berjangka,2024-06-18,ACTIVE,36188985.25,,0.0101,-11221126.55,3
2025-08-01,ACC0000006390,CUST0003211,SAVINGS,Tabungan Haji,2022-12-07,ACTIVE,1872969.44,,0.0116,645982.42,1
2025-08-01,ACC0000006493,CUST0003260,LOAN,KTA Personal,2022-06-28,SUSPENDED,0.00,,0.0118,0.00,0
2025-08-01,ACC0000006609,CUST0003319,CREDIT_CARD,Kartu Platinum,2022-05-05,ACTIVE,0.00,19518339.16,0.0394,-2737239.27,1
2025-08-01,ACC0000006976,CUST0003510,INVESTMENT,SBN Retail,2023-09-06,CLOSED,0.00,,0.1346,0.00,0
2025-08-01,ACC0000007018,CUST0003529,SAVINGS,Tabungan Negara Plus,2024-07-20,DORMANT,18288203.83,,0.0463,0.00,0
2025-08-01,ACC0000007029,CUST0003535,SAVINGS,Tabungan Berjangka,2022-06-12,ACTIVE,38604855.39,,0.0838,-1459567.42,1
2025-08-01,ACC0000007220,CUST0003634,SAVINGS,Tabungan Negara Plus,2023-10-09,ACTIVE,38643298.30,,0.0423,-3380600.27,2
2025-08-01,ACC0000007751,CUST0003896,INVESTMENT,Obligasi,2022-05-12,ACTIVE,0.00,,0.1234,358650.22,2
2025-08-01,ACC0000007806,CUST0003924,CREDIT_CARD,Kartu Classic,2024-06-09,ACTIVE,0.00,35745075.89,0.0869,2568924.23,3
2025-08-01,ACC0000007878,CUST0003960,SAVINGS,Tabungan Haji,2022-08-07,ACTIVE,42370324.65,,0.1087,1282299.36,1
2025-08-01,ACC0000000002,CUST0000002,CREDIT_CARD,Kartu Virtual,2023-04-23,ACTIVE,0.00,23171952.53,0.0238,-3093106.46,1
2025-08-01,ACC0000000119,CUST0000063,INVESTMENT,Obligasi,2021-07-14,ACTIVE,0.00,,0.1377,-2933862.91,1
2025-08-01,ACC0000000354,CUST0000178,SAVINGS,Tabungan Berjangka,2023-02-22,ACTIVE,25083473.39,,0.0165,9026249.81,3
2025-08-01,ACC0000000397,CUST0000200,SAVINGS,Tabungan Negara Plus,2023-12-03,ACTIVE,19371825.97,,0.0511,4289544.58,1
2025-08-01,ACC0000000474,CUST0000240,CREDIT_CARD,Kartu Gold,2024-05-27,ACTIVE,0.00,25266896.63,0.0715,0.00,0
2025-08-01,ACC0000000638,CUST0000318,INVESTMENT,SBN Retail,2025-02-27,ACTIVE,0.00,,0.1233,0.00,0
2025-08-01,ACC0000000771,CUST0000383,LOAN,KTA Personal,2024-06-16,ACTIVE,0.00,,0.0736,4504117.43,2
2025-08-01,ACC0000000956,CUST0000479,LOAN,KTA Personal,2021-12-03,ACTIVE,0.00,,0.1166,-4047137.11,1
2025-08-01,ACC0000001119,CUST0000559,CREDIT_CARD,Kartu Platinum,2023-12-03,ACTIVE,0.00,20309267.09,0.0645,0.00,0
2025-08-01,ACC0000001460,CUST0000731,SAVINGS,Tabungan Rencana,2023-01-09,ACTIVE,45946057.66,,0.0625,975769.19,2
2025-08-01,ACC0000001604,CUST0000807,LOAN,KPR Rumah,2025-06-11,DORMANT,0.00,,0.0907,0.00,0
2025-08-01,ACC0000002031,CUST0001023,INVESTMENT,SBN Retail,2021-07-11,ACTIVE,0.00,,0.0268,-4836669.38,1
2025-08-01,ACC0000002224,CUST0001114,INVESTMENT,Reksa Dana,2021-10-22,ACTIVE,0.00,,0.0743,-10426511.67,4
2025-08-01,ACC0000002607,CUST0001312,INVESTMENT,Obligasi,2024-01-15,SUSPENDED,0.00,,0.0208,0.00,0
2025-08-01,ACC0000002722,CUST0001376,LOAN,KPR Rumah,2025-04-13,ACTIVE,0.00,,0.0153,0.00,0
2025-08-01,ACC0000002746,CUST0001387,LOAN,Kredit Kendaraan,2021-08-05,ACTIVE,0.00,,0.0609,-3038119.65,1
2025-08-01,ACC0000002891,CUST0001460,CREDIT_CARD,Kartu Classic,2025-03-07,DORMANT,0.00,46177126.78,0.097,0.00,0
2025-08-01,ACC0000003080,CUST0001550,LOAN,Kredit Usaha,2023-05-28,ACTIVE,0.00,,0.1394,0.00,0
2025-08-01,ACC0000003473,CUST0001745,LOAN,KPR Rumah,2024-10-10,CLOSED,0.00,,0.1316,0.00,0
2025-08-01,ACC0000003517,CUST0001769,LOAN,KTA Personal,2023-03-14,ACTIVE,0.00,,0.0224,-6629472.90,7
2025-08-01,ACC0000003838,CUST0001937,LOAN,KTA Personal,2021-06-11,ACTIVE,0.00,,0.1117,0.00,0
2025-08-01,ACC0000003955,CUST0001993,INVESTMENT,Obligasi,2024-07-10,ACTIVE,0.00,,0.0939,5408889.28,2
2025-08-01,ACC0000004306,CUST0002165,INVESTMENT,SBN Retail,2021-09-02,ACTIVE,0.00,,0.0863,-3183638.52,1
2025-08-01,ACC0000004486,CUST0002252,CREDIT_CARD,Kartu Classic,2022-10-25,CLOSED,0.00,23908678.99,0.0648,0.00,0
2025-08-01,ACC0000004545,CUST0002282,INVESTMENT,Obligasi,2025-02-18,ACTIVE,0.00,,0.057,-5407822.98,3
2025-08-01,ACC0000004781,CUST0002397,INVESTMENT,Reksa Dana,2022-12-30,ACTIVE,0.00,,0.1278,-1491507.61,3
2025-08-01,ACC0000005072,CUST0002545,CREDIT_CARD,Kartu Virtual,2024-08-18,ACTIVE,0.00,21403880.72,0.0258,2419562.91,1
2025-08-01,ACC0000005818,CUST0002923,INVESTMENT,SBN Retail,2023-11-01,ACTIVE,0.00,,0.1166,1480084.51,1
2025-08-01,ACC0000006301,CUST0003163,LOAN,KTA Personal,2025-07-09,ACTIVE,0.00,,0.0336,1148050.98,4
2025-08-01,ACC0000006510,CUST0003269,CREDIT_CARD,Kartu Classic,2021-08-16,CLOSED,0.00,37209788.22,0.1116,0.00,0
2025-08-01,ACC0000007082,CUST0003562,SAVINGS,Tabungan Berjangka,2025-04-24,ACTIVE,16323349.98,,0.0358,-1454995.33,1
2025-08-01,ACC0000007527,CUST0003781,CREDIT_CARD,Kartu Virtual,2021-02-28,ACTIVE,0.00,12421809.06,0.0807,-4475173.12,2
2025-08-01,ACC0000000128,CUST0000066,INVESTMENT,Reksa Dana,2023-11-03,ACTIVE,0.00,,0.0226,-1177023.85,1
2025-08-01,ACC0000000569,CUST0000288,INVESTMENT,Obligasi,2021-11-21,ACTIVE,0.00,,0.0224,-3904400.48,1
2025-08-01,ACC0000000821,CUST0000408,INVESTMENT,SBN Retail,2023-01-14,CLOSED,0.00,,0.1013,0.00,0
2025-08-01,ACC0000001277,CUST0000644,SAVINGS,Tabungan Haji,2022-12-16,ACTIVE,25381704.86,,0.1301,2293989.55,2
2025-08-01,ACC0000001438,CUST0000723,SAVINGS,Tabungan Rencana,2022-04-10,CLOSED,45414708.18,,0.0393,0.00,0
2025-08-01,ACC0000001693,CUST0000854,LOAN,Kredit Usaha,2024-01-28,ACTIVE,0.00,,0.0853,0.00,0
2025-08-01,ACC0000001962,CUST0000986,LOAN,KTA Personal,2024-04-20,ACTIVE,0.00,,0.0906,0.00,0
2025-08-01,ACC0000002321,CUST0001161,LOAN,KTA Personal,2024-12-09,ACTIVE,0.00,,0.0913,194953.05,2
2025-08-01,ACC0000002368,CUST0001186,LOAN,KTA Personal,2025-01-01,ACTIVE,0.00,,0.0335,902449.72,1
2025-08-01,ACC0000002438,CUST0001222,CREDIT_CARD,Kartu Virtual,2023-05-01,ACTIVE,0.00,43397438.95,0.1367,-348746.88,1
2025-08-01,ACC0000002588,CUST0001300,LOAN,Kredit Kendaraan,2024-04-07,ACTIVE,0.00,,0.1474,421547.09,3
2025-08-01,ACC0000002822,CUST0001425,LOAN,Kredit Usaha,2022-06-05,ACTIVE,0.00,,0.1029,-5331091.51,3
2025-08-01,ACC0000002834,CUST0001431,INVESTMENT,Reksa Dana,2023-06-06,DORMANT,0.00,,0.1148,0.00,0
2025-08-01,ACC0000003345,CUST0001683,LOAN,KTA Personal,2023-12-19,ACTIVE,0.00,,0.0548,2542088.88,1
2025-08-01,ACC0000003489,CUST0001755,INVESTMENT,SBN Retail,2023-08-10,SUSPENDED,0.00,,0.1118,0.00,0
2025-08-01,ACC0000003534,CUST0001777,CREDIT_CARD,Kartu Platinum,2024-09-20,ACTIVE,0.00,8008294.45,0.0557,-12768714.22,6
2025-08-01,ACC0000003538,CUST0001779,INVESTMENT,SBN Retail,2022-03-05,ACTIVE,0.00,,0.1478,0.00,0
2025-08-01,ACC0000003810,CUST0001922,SAVINGS,Tabungan Haji,2022-08-25,ACTIVE,41347648.40,,0.0756,0.00,0
2025-08-01,ACC0000003852,CUST0001943,CREDIT_CARD,Kartu Classic,2024-02-18,DORMANT,0.00,16513474.34,0.1029,0.00,0
2025-08-01,ACC0000003856,CUST0001945,SAVINGS,Tabungan Haji,2024-08-28,ACTIVE,17435732.00,,0.1499,1055846.60,2
2025-08-01,ACC0000003873,CUST0001952,LOAN,KTA Personal,2021-10-03,ACTIVE,0.00,,0.0972,-6451811.88,2
2025-08-01,ACC0000003906,CUST0001970,CREDIT_CARD,Kartu Classic,2024-11-16,ACTIVE,0.00,47457160.92,0.1106,-4717880.67,1
2025-08-01,ACC0000004043,CUST0002040,CREDIT_CARD,Kartu Gold,2024-12-06,CLOSED,0.00,8823892.99,0.1077,0.00,0
2025-08-01,ACC0000004845,CUST0002431,LOAN,KPR Rumah,2024-05-16,ACTIVE,0.00,,0.0572,0.00,0
2025-08-01,ACC0000005235,CUST0002630,SAVINGS,Tabungan Negara Plus,2023-01-08,ACTIVE,21954884.11,,0.0594,0.00,0
2025-08-01,ACC0000005412,CUST0002715,CREDIT_CARD,Kartu Platinum,2023-02-13,ACTIVE,0.00,48615464.08,0.0325,1842406.74,1
2025-08-01,ACC0000005489,CUST0002754,CREDIT_CARD,Kartu Classic,2021-12-27,ACTIVE,0.00,40439549.80,0.0401,-1326411.03,1
2025-08-01,ACC0000005853,CUST0002943,INVESTMENT,Reksa Dana,2024-07-28,ACTIVE,0.00,,0.1267,-16416.99,1
2025-08-01,ACC0000005871,CUST0002953,LOAN,Kredit Usaha,2021-11-12,ACTIVE,0.00,,0.1369,2868583.83,2
2025-08-01,ACC0000006031,CUST0003031,SAVINGS,Tabungan Haji,2024-07-22,ACTIVE,37802511.72,,0.0767,-3885545.80,1
2025-08-01,ACC0000006067,CUST0003050,CREDIT_CARD,Kartu Gold,2023-06-05,ACTIVE,0.00,42863916.01,0.0307,2229259.02,4
2025-08-01,ACC0000006118,CUST0003073,SAVINGS,Tabungan Berjangka,2024-07-13,ACTIVE,18144641.00,,0.099,1876816.91,2
2025-08-01,ACC0000006300,CUST0003163,LOAN,KTA Personal,2025-06-27,ACTIVE,0.00,,0.1086,-220490.90,1
2025-08-01,ACC0000006620,CUST0003325,SAVINGS,Tabungan Haji,2024-12-22,CLOSED,5063827.50,,0.0442,0.00,0
2025-08-01,ACC0000006783,CUST0003406,INVESTMENT,Reksa Dana,2022-08-25,ACTIVE,0.00,,0.0908,3501557.01,3
2025-08-01,ACC0000006983,CUST0003513,SAVINGS,Tabungan Berjangka,2024-10-01,ACTIVE,25156180.79,,0.0936,4149556.55,3
2025-08-01,ACC0000007066,CUST0003553,INVESTMENT,Deposito,2025-02-23,ACTIVE,0.00,,0.0706,0.00,0
2025-08-01,ACC0000007456,CUST0003747,SAVINGS,Tabungan Berjangka,2021-12-02,ACTIVE,17982820.70,,0.0592,0.00,0
2025-08-01,ACC0000007790,CUST0003917,INVESTMENT,Deposito,2022-02-02,ACTIVE,0.00,,0.13,-3016955.42,1
2025-08-01,ACC0000000527,CUST0000264,SAVINGS,Tabungan Berjangka,2025-04-24,ACTIVE,49548973.04,,0.0885,7770268.42,2
2025-08-01,ACC0000000573,CUST0000290,INVESTMENT,Obligasi,2023-04-12,ACTIVE,0.00,,0.0521,-943680.15,4
2025-08-01,ACC0000001147,CUST0000576,CREDIT_CARD,Kartu Platinum,2022-09-10,ACTIVE,0.00,41417284.39,0.124,697706.45,1
2025-08-01,ACC0000001239,CUST0000624,INVESTMENT,Reksa Dana,2024-03-08,ACTIVE,0.00,,0.1294,-3167591.32,1
2025-08-01,ACC0000001308,CUST0000659,LOAN,Kredit Usaha,2022-08-14,ACTIVE,0.00,,0.0517,-6508507.12,2
2025-08-01,ACC0000001443,CUST0000725,SAVINGS,Tabungan Berjangka,2023-05-11,ACTIVE,49480919.68,,0.0393,0.00,0
2025-08-01,ACC0000001488,CUST0000746,INVESTMENT,SBN Retail,2021-09-17,CLOSED,0.00,,0.136,0.00,0
2025-08-01,ACC0000001501,CUST0000752,LOAN,Kredit Usaha,2021-10-18,ACTIVE,0.00,,0.0295,3663969.12,1
2025-08-01,ACC0000001520,CUST0000761,SAVINGS,Tabungan Rencana,2021-07-19,CLOSED,3502092.08,,0.0485,0.00,0
2025-08-01,ACC0000001801,CUST0000905,CREDIT_CARD,Kartu Virtual,2024-11-28,ACTIVE,0.00,38653703.35,0.1291,1659713.14,1
2025-08-01,ACC0000002343,CUST0001174,INVESTMENT,Reksa Dana,2021-12-03,ACTIVE,0.00,,0.0112,1618843.80,2
2025-08-01,ACC0000002580,CUST0001294,SAVINGS,Tabungan Haji,2022-10-04,ACTIVE,35452929.38,,0.0295,6494970.02,3
2025-08-01,ACC0000002621,CUST0001319,INVESTMENT,Reksa Dana,2022-04-08,ACTIVE,0.00,,0.0176,-3926015.91,1
2025-08-01,ACC0000002871,CUST0001451,SAVINGS,Tabungan Berjangka,2022-08-07,DORMANT,38777826.66,,0.1113,0.00,0
2025-08-01,ACC0000002914,CUST0001472,LOAN,Kredit Kendaraan,2025-04-16,DORMANT,0.00,,0.06,0.00,0
2025-08-01,ACC0000002928,CUST0001477,SAVINGS,Tabungan Negara Plus,2022-05-25,ACTIVE,10827164.39,,0.0955,-4164370.83,1
2025-08-01,ACC0000003119,CUST0001572,LOAN,Kredit Kendaraan,2022-09-20,DORMANT,0.00,,0.0217,0.00,0
2025-08-01,ACC0000003621,CUST0001825,SAVINGS,Tabungan Rencana,2021-05-12,ACTIVE,13819739.70,,0.0513,-983233.79,1
2025-08-01,ACC0000004069,CUST0002052,CREDIT_CARD,Kartu Virtual,2022-03-09,ACTIVE,0.00,26532918.26,0.0864,0.00,0
2025-08-01,ACC0000004264,CUST0002145,CREDIT_CARD,Kartu Platinum,2022-03-06,ACTIVE,0.00,11637353.51,0.0251,1670626.04,1
2025-08-01,ACC0000004496,CUST0002258,LOAN,Kredit Kendaraan,2024-01-20,ACTIVE,0.00,,0.0875,-2252287.13,2
2025-08-01,ACC0000004510,CUST0002266,INVESTMENT,Reksa Dana,2022-11-15,ACTIVE,0.00,,0.0606,0.00,0
2025-08-01,ACC0000004596,CUST0002306,SAVINGS,Tabungan Berjangka,2021-08-10,ACTIVE,2789266.25,,0.1291,5148003.35,3
2025-08-01,ACC0000005037,CUST0002525,SAVINGS,Tabungan Negara Plus,2023-05-27,ACTIVE,16585059.45,,0.0178,2657387.12,1
2025-08-01,ACC0000005704,CUST0002861,CREDIT_CARD,Kartu Platinum,2023-12-22,ACTIVE,0.00,7558580.41,0.0423,0.00,0
2025-08-01,ACC0000005900,CUST0002966,INVESTMENT,Obligasi,2023-07-12,ACTIVE,0.00,,0.1182,4642913.00,1
2025-08-01,ACC0000006049,CUST0003041,INVESTMENT,Deposito,2023-10-10,ACTIVE,0.00,,0.1184,-441314.61,1
2025-08-01,ACC0000006106,CUST0003068,LOAN,KPR Rumah,2023-10-20,ACTIVE,0.00,,0.076,-2685648.90,2
2025-08-01,ACC0000006288,CUST0003158,LOAN,Kredit Usaha,2021-06-21,ACTIVE,0.00,,0.122,12612.59,1
2025-08-01,ACC0000006422,CUST0003228,CREDIT_CARD,Kartu Virtual,2024-03-27,ACTIVE,0.00,39826436.49,0.1354,-2991510.14,3
2025-08-01,ACC0000006431,CUST0003233,LOAN,Kredit Kendaraan,2023-05-01,ACTIVE,0.00,,0.0347,0.00,0
2025-08-01,ACC0000006513,CUST0003271,CREDIT_CARD,Kartu Virtual,2023-10-29,CLOSED,0.00,26998053.79,0.1408,0.00,0
2025-08-01,ACC0000006699,CUST0003365,CREDIT_CARD,Kartu Platinum,2022-03-18,ACTIVE,0.00,26990251.70,0.0883,-263426.98,2
2025-08-01,ACC0000006869,CUST0003450,LOAN,Kredit Kendaraan,2022-01-01,ACTIVE,0.00,,0.0771,0.00,0
2025-08-01,ACC0000006874,CUST0003452,LOAN,KTA Personal,2023-02-04,ACTIVE,0.00,,0.1431,3222290.66,3
2025-08-01,ACC0000006980,CUST0003512,SAVINGS,Tabungan Negara Plus,2024-06-01,ACTIVE,4794668.29,,0.018,5471577.05,2
2025-08-01,ACC0000007487,CUST0003761,SAVINGS,Tabungan Negara Plus,2022-12-02,ACTIVE,10578993.62,,0.0389,7771210.69,3
2025-08-01,ACC0000007882,CUST0003963,INVESTMENT,Reksa Dana,2021-08-29,DORMANT,0.00,,0.0467,0.00,0
2025-08-01,ACC0000007886,CUST0003965,LOAN,Kredit Kendaraan,2022-05-21,DORMANT,0.00,,0.0856,0.00,0
2025-08-01,ACC0000000088,CUST0000045,SAVINGS,Tabungan Rencana,2023-08-15,ACTIVE,48735945.57,,0.101,-1174820.29,2
2025-08-01,ACC0000000102,CUST0000052,CREDIT_CARD,Kartu Virtual,2022-09-16,ACTIVE,0.00,30879550.10,0.0964,-2226748.41,1
2025-08-01,ACC0000000460,CUST0000233,SAVINGS,Tabungan Berjangka,2024-01-31,ACTIVE,38029397.46,,0.0486,0.00,0
2025-08-01,ACC0000000891,CUST0000443,LOAN,KTA Personal,2023-08-14,ACTIVE,0.00,,0.136,-211588.01,5
2025-08-01,ACC0000000910,CUST0000455,INVESTMENT,Reksa Dana,2024-05-15,ACTIVE,0.00,,0.1147,14070470.89,4
2025-08-01,ACC0000001331,CUST0000669,SAVINGS,Tabungan Rencana,2024-07-11,ACTIVE,43716667.30,,0.0174,-5285220.00,2
2025-08-01,ACC0000002359,CUST0001181,LOAN,Kredit Usaha,2023-12-24,SUSPENDED,0.00,,0.1105,0.00,0
2025-08-01,ACC0000002472,CUST0001241,CREDIT_CARD,Kartu Platinum,2022-02-26,SUSPENDED,0.00,33582757.07,0.061,0.00,0
2025-08-01,ACC0000002676,CUST0001351,LOAN,Kredit Kendaraan,2023-03-21,DORMANT,0.00,,0.1331,0.00,0
2025-08-01,ACC0000003111,CUST0001566,LOAN,Kredit Kendaraan,2023-09-29,CLOSED,0.00,,0.0978,0.00,0
2025-08-01,ACC0000003516,CUST0001768,INVESTMENT,Obligasi,2022-11-23,ACTIVE,0.00,,0.1308,-6114138.24,3
2025-08-01,ACC0000003742,CUST0001886,CREDIT_CARD,Kartu Gold,2022-08-31,ACTIVE,0.00,14063234.88,0.0969,0.00,0
2025-08-01,ACC0000003869,CUST0001951,INVESTMENT,Reksa Dana,2021-05-17,ACTIVE,0.00,,0.0654,-7648113.18,3
2025-08-01,ACC0000004057,CUST0002047,INVESTMENT,Deposito,2023-12-11,ACTIVE,0.00,,0.1019,-376768.24,1
2025-08-01,ACC0000004065,CUST0002051,LOAN,KTA Personal,2023-12-20,ACTIVE,0.00,,0.0265,0.00,0
2025-08-01,ACC0000004400,CUST0002209,LOAN,Kredit Usaha,2023-09-22,CLOSED,0.00,,0.033,0.00,0
2025-08-01,ACC0000004567,CUST0002292,CREDIT_CARD,Kartu Virtual,2023-06-30,ACTIVE,0.00,45253598.57,0.1153,-1371245.55,3
2025-08-01,ACC0000004622,CUST0002320,CREDIT_CARD,Kartu Gold,2025-01-12,ACTIVE,0.00,33382192.98,0.0168,1781707.38,2
2025-08-01,ACC0000004745,CUST0002380,LOAN,Kredit Usaha,2022-10-10,ACTIVE,0.00,,0.0199,1180956.31,1
2025-08-01,ACC0000004881,CUST0002449,CREDIT_CARD,Kartu Classic,2022-11-05,ACTIVE,0.00,28213570.78,0.0545,3438665.21,1
2025-08-01,ACC0000005173,CUST0002595,LOAN,KPR Rumah,2025-05-01,ACTIVE,0.00,,0.0773,0.00,0
2025-08-01,ACC0000005365,CUST0002693,LOAN,Kredit Usaha,2022-06-26,ACTIVE,0.00,,0.0847,6354441.58,2
2025-08-01,ACC0000005487,CUST0002752,SAVINGS,Tabungan Haji,2022-04-30,ACTIVE,47915890.66,,0.0426,10661224.69,4
2025-08-01,ACC0000005904,CUST0002967,CREDIT_CARD,Kartu Platinum,2022-05-25,ACTIVE,0.00,9478088.04,0.0574,-3600735.58,2
2025-08-01,ACC0000006061,CUST0003047,INVESTMENT,Deposito,2021-08-29,ACTIVE,0.00,,0.0491,10304562.12,4
2025-08-01,ACC0000006323,CUST0003174,SAVINGS,Tabungan Haji,2023-10-04,ACTIVE,23455118.55,,0.0935,0.00,0
2025-08-01,ACC0000006344,CUST0003185,SAVINGS,Tabungan Rencana,2021-04-13,ACTIVE,25620604.02,,0.0532,0.00,0
2025-08-01,ACC0000006770,CUST0003400,SAVINGS,Tabungan Haji,2021-11-19,ACTIVE,43162268.82,,0.1344,0.00,0
2025-08-01,ACC0000007047,CUST0003544,INVESTMENT,SBN Retail,2024-12-16,ACTIVE,0.00,,0.0321,-3997934.22,1
2025-08-01,ACC0000007336,CUST0003687,CREDIT_CARD,Kartu Virtual,2021-07-19,ACTIVE,0.00,9320856.37,0.0831,0.00,0
2025-08-01,ACC0000007539,CUST0003786,INVESTMENT,Deposito,2023-02-15,ACTIVE,0.00,,0.0866,91168.46,1
2025-08-01,ACC0000007655,CUST0003846,LOAN,Kredit Usaha,2024-09-03,ACTIVE,0.00,,0.1373,0.00,0
2025-08-01,ACC0000007916,CUST0003980,LOAN,KTA Personal,2021-08-29,CLOSED,0.00,,0.1317,0.00,0
2025-08-01,ACC0000000048,CUST0000025,INVESTMENT,Deposito,2024-03-17,DORMANT,0.00,,0.1119,0.00,0
2025-08-01,ACC0000000326,CUST0000162,CREDIT_CARD,Kartu Classic,2023-11-06,DORMANT,0.00,32836328.36,0.0412,0.00,0
2025-08-01,ACC0000000665,CUST0000329,LOAN,KTA Personal,2023-01-11,ACTIVE,0.00,,0.0473,4879332.94,1
2025-08-01,ACC0000001077,CUST0000537,CREDIT_CARD,Kartu Platinum,2022-10-27,DORMANT,0.00,45539107.17,0.0835,0.00,0
2025-08-01,ACC0000001103,CUST0000552,SAVINGS,Tabungan Haji,2023-12-27,CLOSED,30171157.09,,0.0126,0.00,0
2025-08-01,ACC0000001548,CUST0000778,CREDIT_CARD,Kartu Gold,2022-10-21,ACTIVE,0.00,5570732.05,0.1009,8162535.60,4
2025-08-01,ACC0000001692,CUST0000853,LOAN,KTA Personal,2023-01-10,ACTIVE,0.00,,0.0559,-280108.80,3
2025-08-01,ACC0000001778,CUST0000896,CREDIT_CARD,Kartu Gold,2025-03-22,ACTIVE,0.00,5159376.99,0.0292,-9193212.76,3
2025-08-01,ACC0000001814,CUST0000912,CREDIT_CARD,Kartu Platinum,2024-07-20,CLOSED,0.00,7150337.19,0.1466,0.00,0
2025-08-01,ACC0000002189,CUST0001100,INVESTMENT,Reksa Dana,2023-04-30,ACTIVE,0.00,,0.1176,-2205379.49,4
2025-08-01,ACC0000002266,CUST0001135,INVESTMENT,Obligasi,2022-12-05,SUSPENDED,0.00,,0.013,0.00,0
2025-08-01,ACC0000002437,CUST0001222,SAVINGS,Tabungan Rencana,2023-08-19,ACTIVE,41720193.52,,0.0818,6248166.29,2
2025-08-01,ACC0000002637,CUST0001329,CREDIT_CARD,Kartu Virtual,2022-07-07,ACTIVE,0.00,16743388.16,0.0313,328726.39,3
2025-08-01,ACC0000003153,CUST0001588,SAVINGS,Tabungan Haji,2021-10-27,ACTIVE,13613750.88,,0.0682,1061534.36,1
2025-08-01,ACC0000003168,CUST0001596,SAVINGS,Tabungan Negara Plus,2024-12-14,ACTIVE,4775350.56,,0.0622,-6133467.40,2
2025-08-01,ACC0000003230,CUST0001629,LOAN,KTA Personal,2023-12-28,ACTIVE,0.00,,0.1068,-702432.16,1
2025-08-01,ACC0000003515,CUST0001768,LOAN,Kredit Usaha,2023-01-30,ACTIVE,0.00,,0.1277,1866857.03,2
2025-08-01,ACC0000003699,CUST0001863,CREDIT_CARD,Kartu Gold,2023-01-13,DORMANT,0.00,33630424.69,0.1229,0.00,0
2025-08-01,ACC0000003782,CUST0001907,SAVINGS,Tabungan Berjangka,2024-12-19,DORMANT,33036812.83,,0.087,0.00,0
2025-08-01,ACC0000004558,CUST0002288,LOAN,Kredit Usaha,2021-07-03,ACTIVE,0.00,,0.052,65812.07,2
2025-08-01,ACC0000004666,CUST0002341,LOAN,Kredit Kendaraan,2022-09-17,ACTIVE,0.00,,0.0344,9458013.94,2
2025-08-01,ACC0000004768,CUST0002390,INVESTMENT,Reksa Dana,2022-05-20,CLOSED,0.00,,0.1271,0.00,0
2025-08-01,ACC0000005490,CUST0002755,CREDIT_CARD,Kartu Classic,2024-06-12,ACTIVE,0.00,33186662.04,0.0612,0.00,0
2025-08-01,ACC0000005503,CUST0002761,SAVINGS,Tabungan Negara Plus,2022-10-14,ACTIVE,46569369.00,,0.0296,-401365.44,2
2025-08-01,ACC0000005601,CUST0002812,LOAN,KPR Rumah,2022-05-23,ACTIVE,0.00,,0.1153,3215601.54,1
2025-08-01,ACC0000005937,CUST0002983,INVESTMENT,Reksa Dana,2022-03-14,DORMANT,0.00,,0.0703,0.00,0
2025-08-01,ACC0000006198,CUST0003115,SAVINGS,Tabungan Negara Plus,2022-11-22,ACTIVE,21013178.78,,0.1498,0.00,0
2025-08-01,ACC0000006277,CUST0003152,CREDIT_CARD,Kartu Virtual,2024-07-03,ACTIVE,0.00,42039133.05,0.1221,-3336744.66,4
2025-08-01,ACC0000006502,CUST0003265,CREDIT_CARD,Kartu Gold,2023-10-08,ACTIVE,0.00,7944332.59,0.0904,3478622.19,1
2025-08-01,ACC0000006523,CUST0003275,INVESTMENT,Reksa Dana,2025-02-11,DORMANT,0.00,,0.0185,0.00,0
2025-08-01,ACC0000006641,CUST0003335,SAVINGS,Tabungan Rencana,2021-10-01,ACTIVE,47286910.10,,0.1234,0.00,0
2025-08-01,ACC0000006716,CUST0003374,SAVINGS,Tabungan Negara Plus,2022-05-17,ACTIVE,42393882.50,,0.0313,5595603.94,2
2025-08-01,ACC0000007063,CUST0003552,INVESTMENT,Deposito,2021-12-11,ACTIVE,0.00,,0.0817,-1672966.94,3
2025-08-01,ACC0000007132,CUST0003589,SAVINGS,Tabungan Haji,2024-10-23,ACTIVE,21754158.49,,0.1383,-2588970.01,2
2025-08-01,ACC0000007221,CUST0003635,CREDIT_CARD,Kartu Gold,2022-07-05,DORMANT,0.00,35397083.86,0.0656,0.00,0
2025-08-01,ACC0000007745,CUST0003893,CREDIT_CARD,Kartu Virtual,2024-01-31,ACTIVE,0.00,24463066.56,0.0728,747517.29,2
2025-08-01,ACC0000007940,CUST0003990,CREDIT_CARD,Kartu Virtual,2023-09-26,DORMANT,0.00,13146881.45,0.0861,0.00,0
2025-08-01,ACC0000000040,CUST0000021,INVESTMENT,Obligasi,2023-05-01,ACTIVE,0.00,,0.1334,361326.96,2
2025-08-01,ACC0000000127,CUST0000066,INVESTMENT,Reksa Dana,2023-06-19,ACTIVE,0.00,,0.0989,3733140.52,1
2025-08-01,ACC0000000133,CUST0000068,INVESTMENT,Obligasi,2022-01-17,ACTIVE,0.00,,0.0144,4123676.23,2
2025-08-01,ACC0000000218,CUST0000109,SAVINGS,Tabungan Rencana,2025-07-09,ACTIVE,40391913.95,,0.1365,-555954.45,2
2025-08-01,ACC0000000262,CUST0000130,CREDIT_CARD,Kartu Gold,2024-03-10,ACTIVE,0.00,27748247.58,0.1115,1433494.11,2
2025-08-01,ACC0000000537,CUST0000270,LOAN,Kredit Kendaraan,2021-07-06,ACTIVE,0.00,,0.0809,3872091.09,2
2025-08-01,ACC0000000699,CUST0000347,INVESTMENT,SBN Retail,2024-08-27,ACTIVE,0.00,,0.1087,-170991.09,3
2025-08-01,ACC0000000735,CUST0000365,INVESTMENT,Deposito,2022-04-14,ACTIVE,0.00,,0.1225,0.00,0
2025-08-01,ACC0000000983,CUST0000492,LOAN,Kredit Kendaraan,2022-06-13,CLOSED,0.00,,0.0342,0.00,0
2025-08-01,ACC0000001124,CUST0000562,CREDIT_CARD,Kartu Classic,2023-02-01,ACTIVE,0.00,39834455.52,0.0688,-3113417.67,2
2025-08-01,ACC0000001317,CUST0000663,SAVINGS,Tabungan Negara Plus,2022-04-29,ACTIVE,31910068.46,,0.1484,-1753820.15,1
2025-08-01,ACC0000001500,CUST0000752,SAVINGS,Tabungan Berjangka,2022-03-05,ACTIVE,29613707.03,,0.0118,-89054.48,1
2025-08-01,ACC0000001712,CUST0000865,INVESTMENT,Obligasi,2024-10-11,ACTIVE,0.00,,0.0434,1916693.98,3
2025-08-01,ACC0000001748,CUST0000882,CREDIT_CARD,Kartu Virtual,2022-05-22,ACTIVE,0.00,27303837.74,0.0843,0.00,0
2025-08-01,ACC0000001785,CUST0000899,LOAN,KPR Rumah,2023-12-21,CLOSED,0.00,,0.0507,0.00,0
2025-08-01,ACC0000001874,CUST0000943,SAVINGS,Tabungan Berjangka,2024-06-25,ACTIVE,506381.58,,0.0242,0.00,0
2025-08-01,ACC0000001928,CUST0000968,LOAN,KTA Personal,2025-03-01,ACTIVE,0.00,,0.0213,-1160051.50,1
2025-08-01,ACC0000002149,CUST0001081,CREDIT_CARD,Kartu Virtual,2023-09-16,ACTIVE,0.00,8258950.94,0.0417,0.00,0
2025-08-01,ACC0000002448,CUST0001228,LOAN,KPR Rumah,2023-11-08,ACTIVE,0.00,,0.0877,2243433.64,2
2025-08-01,ACC0000002453,CUST0001232,LOAN,Kredit Kendaraan,2024-05-27,CLOSED,0.00,,0.0114,0.00,0
2025-08-01,ACC0000002643,CUST0001332,INVESTMENT,Deposito,2025-03-21,ACTIVE,0.00,,0.0627,5759106.39,2
2025-08-01,ACC0000002701,CUST0001363,LOAN,Kredit Kendaraan,2024-08-09,ACTIVE,0.00,,0.0988,1131316.16,3
2025-08-01,ACC0000003134,CUST0001579,SAVINGS,Tabungan Negara Plus,2024-05-18,ACTIVE,32874395.91,,0.0475,3176140.92,1
2025-08-01,ACC0000003270,CUST0001648,CREDIT_CARD,Kartu Classic,2021-08-25,ACTIVE,0.00,48865130.11,0.0448,2152495.38,2
2025-08-01,ACC0000003402,CUST0001712,CREDIT_CARD,Kartu Gold,2025-02-02,ACTIVE,0.00,8215338.17,0.1259,-280850.92,4
2025-08-01,ACC0000003487,CUST0001754,SAVINGS,Tabungan Rencana,2021-09-03,ACTIVE,13158413.14,,0.0807,4764778.80,1
2025-08-01,ACC0000003897,CUST0001965,LOAN,Kredit Usaha,2021-10-24,DORMANT,0.00,,0.0784,0.00,0
2025-08-01,ACC0000003987,CUST0002011,INVESTMENT,Reksa Dana,2021-04-03,ACTIVE,0.00,,0.0918,1547826.90,2
2025-08-01,ACC0000004050,CUST0002044,CREDIT_CARD,Kartu Virtual,2024-08-25,ACTIVE,0.00,34507615.82,0.0184,11241528.58,3
2025-08-01,ACC0000004256,CUST0002141,CREDIT_CARD,Kartu Gold,2022-02-16,ACTIVE,0.00,46566624.68,0.1218,0.00,0
2025-08-01,ACC0000004568,CUST0002293,SAVINGS,Tabungan Rencana,2021-12-29,ACTIVE,42044491.72,,0.0812,4925629.75,2
2025-08-01,ACC0000004750,CUST0002382,CREDIT_CARD,Kartu Classic,2023-10-07,ACTIVE,0.00,38347803.16,0.072,-2144345.81,2
2025-08-01,ACC0000004935,CUST0002476,LOAN,KTA Personal,2024-12-07,CLOSED,0.00,,0.0719,0.00,0
2025-08-01,ACC0000005764,CUST0002895,CREDIT_CARD,Kartu Gold,2022-08-06,ACTIVE,0.00,14759901.08,0.0764,-606753.27,3
2025-08-01,ACC0000005930,CUST0002980,INVESTMENT,SBN Retail,2024-04-07,ACTIVE,0.00,,0.1058,-2027728.74,1
2025-08-01,ACC0000006149,CUST0003090,LOAN,Kredit Kendaraan,2021-11-11,ACTIVE,0.00,,0.1193,3943335.66,1
2025-08-01,ACC0000006442,CUST0003236,SAVINGS,Tabungan Rencana,2022-12-03,ACTIVE,34021195.31,,0.057,-3389555.55,1
2025-08-01,ACC0000006591,CUST0003310,INVESTMENT,SBN Retail,2025-03-03,ACTIVE,0.00,,0.1412,0.00,0
2025-08-01,ACC0000006855,CUST0003443,INVESTMENT,SBN Retail,2022-04-09,ACTIVE,0.00,,0.1285,1486304.21,1
2025-08-01,ACC0000007077,CUST0003559,SAVINGS,Tabungan Negara Plus,2023-01-10,ACTIVE,3740612.17,,0.0695,4368634.57,1
2025-08-01,ACC0000007360,CUST0003700,LOAN,Kredit Usaha,2021-01-14,ACTIVE,0.00,,0.0172,868831.81,1
2025-08-01,ACC0000007757,CUST0003900,LOAN,KPR Rumah,2022-07-28,ACTIVE,0.00,,0.1123,-645203.36,1
2025-08-01,ACC0000000220,CUST0000110,SAVINGS,Tabungan Rencana,2023-12-24,ACTIVE,1552429.99,,0.019,129731.63,1
2025-08-01,ACC0000000374,CUST0000187,LOAN,Kredit Kendaraan,2024-02-20,ACTIVE,0.00,,0.0628,0.00,0
2025-08-01,ACC0000000649,CUST0000322,LOAN,KTA Personal,2023-07-31,SUSPENDED,0.00,,0.1482,0.00,0
2025-08-01,ACC0000000885,CUST0000438,INVESTMENT,Reksa Dana,2023-04-03,ACTIVE,0.00,,0.0261,0.00,0
2025-08-01,ACC0000000975,CUST0000489,LOAN,KPR Rumah,2023-07-20,ACTIVE,0.00,,0.0206,4167237.03,6
2025-08-01,ACC0000000991,CUST0000496,INVESTMENT,Reksa Dana,2024-05-14,ACTIVE,0.00,,0.056,-4198238.80,1
2025-08-01,ACC0000001068,CUST0000533,CREDIT_CARD,Kartu Platinum,2025-04-04,ACTIVE,0.00,13968270.31,0.0244,0.00,0
2025-08-01,ACC0000001122,CUST0000561,SAVINGS,Tabungan Negara Plus,2022-12-20,ACTIVE,16345101.40,,0.0282,-1167810.15,2
2025-08-01,ACC0000001152,CUST0000577,CREDIT_CARD,Kartu Virtual,2021-06-26,ACTIVE,0.00,27210204.78,0.1196,4325135.17,1
2025-08-01,ACC0000001482,CUST0000743,LOAN,Kredit Kendaraan,2022-09-24,ACTIVE,0.00,,0.0446,-3942513.71,2
2025-08-01,ACC0000001544,CUST0000776,SAVINGS,Tabungan Negara Plus,2021-12-10,ACTIVE,3193309.35,,0.0123,2138260.59,2
2025-08-01,ACC0000001664,CUST0000839,INVESTMENT,Reksa Dana,2023-07-01,ACTIVE,0.00,,0.0166,9032456.83,3
2025-08-01,ACC0000001826,CUST0000919,CREDIT_CARD,Kartu Classic,2024-07-02,ACTIVE,0.00,26776921.72,0.058,-2231336.31,2
2025-08-01,ACC0000002113,CUST0001064,LOAN,Kredit Kendaraan,2024-10-14,ACTIVE,0.00,,0.072,0.00,0
2025-08-01,ACC0000002193,CUST0001101,SAVINGS,Tabungan Berjangka,2024-06-24,ACTIVE,17003393.35,,0.1092,3459406.35,1
2025-08-01,ACC0000002514,CUST0001262,CREDIT_CARD,Kartu Platinum,2021-09-08,ACTIVE,0.00,45653194.84,0.1398,0.00,0
2025-08-01,ACC0000002599,CUST0001307,INVESTMENT,SBN Retail,2022-07-29,ACTIVE,0.00,,0.148,-4146750.07,2
2025-08-01,ACC0000002889,CUST0001460,CREDIT_CARD,Kartu Classic,2025-03-24,ACTIVE,0.00,40414294.94,0.0423,0.00,0
2025-08-01,ACC0000003434,CUST0001726,CREDIT_CARD,Kartu Virtual,2024-09-05,CLOSED,0.00,29425684.14,0.0285,0.00,0
2025-08-01,ACC0000003811,CUST0001922,CREDIT_CARD,Kartu Platinum,2022-07-06,ACTIVE,0.00,46966511.90,0.1183,0.00,0
2025-08-01,ACC0000003961,CUST0001997,LOAN,Kredit Kendaraan,2021-12-03,ACTIVE,0.00,,0.1206,2723250.17,3
2025-08-01,ACC0000004089,CUST0002061,SAVINGS,Tabungan Negara Plus,2024-07-24,ACTIVE,25615239.61,,0.0472,890996.61,3
2025-08-01,ACC0000004584,CUST0002299,INVESTMENT,Deposito,2021-12-19,ACTIVE,0.00,,0.141,-1442220.88,1
2025-08-01,ACC0000004806,CUST0002412,LOAN,Kredit Usaha,2023-04-29,ACTIVE,0.00,,0.0875,2079250.17,4
2025-08-01,ACC0000004960,CUST0002488,CREDIT_CARD,Kartu Classic,2025-02-26,ACTIVE,0.00,23541332.97,0.068,-3778594.90,1
2025-08-01,ACC0000005010,CUST0002512,INVESTMENT,Obligasi,2023-04-28,ACTIVE,0.00,,0.11,-4142011.81,5
2025-08-01,ACC0000005309,CUST0002666,LOAN,KTA Personal,2021-09-13,CLOSED,0.00,,0.0765,0.00,0
2025-08-01,ACC0000005405,CUST0002712,CREDIT_CARD,Kartu Platinum,2025-06-04,ACTIVE,0.00,10562431.15,0.0353,3164191.80,2
2025-08-01,ACC0000005427,CUST0002723,CREDIT_CARD,Kartu Virtual,2022-03-06,CLOSED,0.00,11792279.93,0.0274,0.00,0
2025-08-01,ACC0000005548,CUST0002783,SAVINGS,Tabungan Negara Plus,2022-08-30,ACTIVE,1275767.30,,0.0793,-1199101.03,1
2025-08-01,ACC0000005615,CUST0002820,LOAN,Kredit Usaha,2022-08-31,ACTIVE,0.00,,0.1088,0.00,0
2025-08-01,ACC0000005791,CUST0002909,LOAN,Kredit Usaha,2024-04-20,ACTIVE,0.00,,0.0623,0.00,0
2025-08-01,ACC0000005805,CUST0002917,LOAN,Kredit Usaha,2022-12-28,ACTIVE,0.00,,0.0235,5120936.15,4
2025-08-01,ACC0000005862,CUST0002948,SAVINGS,Tabungan Haji,2022-11-27,CLOSED,36397085.00,,0.082,0.00,0
2025-08-01,ACC0000006529,CUST0003278,SAVINGS,Tabungan Haji,2022-04-02,ACTIVE,21557037.44,,0.1032,4636308.39,1
2025-08-01,ACC0000006779,CUST0003404,LOAN,KPR Rumah,2024-01-13,ACTIVE,0.00,,0.1358,0.00,0
2025-08-01,ACC0000007654,CUST0003846,INVESTMENT,Obligasi,2024-11-14,ACTIVE,0.00,,0.1161,-2566563.35,3
2025-08-01,ACC0000007812,CUST0003926,INVESTMENT,SBN Retail,2021-05-17,ACTIVE,0.00,,0.0414,2320624.43,1
2025-08-01,ACC0000007938,CUST0003988,SAVINGS,Tabungan Rencana,2022-11-12,ACTIVE,23869895.88,,0.0305,6783267.07,2
2025-08-01,ACC0000000183,CUST0000090,INVESTMENT,Deposito,2021-07-24,ACTIVE,0.00,,0.0767,0.00,0
2025-08-01,ACC0000000500,CUST0000253,INVESTMENT,SBN Retail,2022-10-19,ACTIVE,0.00,,0.0702,8606535.82,3
2025-08-01,ACC0000000525,CUST0000264,LOAN,Kredit Usaha,2025-02-11,ACTIVE,0.00,,0.1178,-2936200.31,2
2025-08-01,ACC0000000555,CUST0000280,SAVINGS,Tabungan Berjangka,2024-08-31,ACTIVE,1533472.09,,0.0166,824348.68,2
2025-08-01,ACC0000000791,CUST0000393,LOAN,Kredit Kendaraan,2022-08-23,DORMANT,0.00,,0.1026,0.00,0
2025-08-01,ACC0000000949,CUST0000475,CREDIT_CARD,Kartu Virtual,2021-08-26,ACTIVE,0.00,25372293.86,0.0268,3549935.63,2
2025-08-01,ACC0000000982,CUST0000492,INVESTMENT,Reksa Dana,2022-05-11,SUSPENDED,0.00,,0.0178,0.00,0
2025-08-01,ACC0000001196,CUST0000599,LOAN,Kredit Usaha,2023-12-14,ACTIVE,0.00,,0.1345,-5220001.75,2
2025-08-01,ACC0000001270,CUST0000640,SAVINGS,Tabungan Rencana,2023-10-28,DORMANT,2446770.73,,0.0666,0.00,0
2025-08-01,ACC0000001284,CUST0000646,LOAN,KTA Personal,2025-02-07,ACTIVE,0.00,,0.1316,4354746.45,1
2025-08-01,ACC0000001324,CUST0000666,SAVINGS,Tabungan Haji,2023-12-22,ACTIVE,48311305.34,,0.0607,-1736426.90,2
2025-08-01,ACC0000001971,CUST0000990,INVESTMENT,Deposito,2024-11-09,ACTIVE,0.00,,0.078,3094537.59,1
2025-08-01,ACC0000002013,CUST0001012,CREDIT_CARD,Kartu Platinum,2023-03-19,ACTIVE,0.00,49574090.77,0.1005,-3828073.11,1
2025-08-01,ACC0000002135,CUST0001072,INVESTMENT,Deposito,2022-08-12,ACTIVE,0.00,,0.0857,0.00,0
2025-08-01,ACC0000002234,CUST0001120,CREDIT_CARD,Kartu Gold,2023-10-09,DORMANT,0.00,24525135.64,0.0339,0.00,0
2025-08-01,ACC0000002737,CUST0001383,INVESTMENT,Reksa Dana,2024-09-23,ACTIVE,0.00,,0.0454,1049457.34,4
2025-08-01,ACC0000003028,CUST0001526,INVESTMENT,SBN Retail,2022-11-01,ACTIVE,0.00,,0.0154,-4814448.58,2
2025-08-01,ACC0000003074,CUST0001548,LOAN,KPR Rumah,2021-10-15,ACTIVE,0.00,,0.0576,0.00,0
2025-08-01,ACC0000003337,CUST0001679,SAVINGS,Tabungan Berjangka,2023-09-22,ACTIVE,43960498.29,,0.0448,2239050.51,3
2025-08-01,ACC0000004177,CUST0002105,INVESTMENT,Reksa Dana,2025-04-21,DORMANT,0.00,,0.0625,0.00,0
2025-08-01,ACC0000004252,CUST0002139,LOAN,KPR Rumah,2024-03-07,CLOSED,0.00,,0.1222,0.00,0
2025-08-01,ACC0000004381,CUST0002202,CREDIT_CARD,Kartu Gold,2023-07-15,ACTIVE,0.00,43802221.19,0.0994,138969.51,3
2025-08-01,ACC0000004425,CUST0002222,LOAN,Kredit Usaha,2023-10-25,ACTIVE,0.00,,0.0183,-3010689.06,1
2025-08-01,ACC0000004734,CUST0002374,LOAN,Kredit Usaha,2021-10-03,ACTIVE,0.00,,0.0916,-228760.39,3
2025-08-01,ACC0000004946,CUST0002481,LOAN,KPR Rumah,2024-02-28,ACTIVE,0.00,,0.0703,0.00,0
2025-08-01,ACC0000005215,CUST0002616,INVESTMENT,SBN Retail,2023-01-12,CLOSED,0.00,,0.0301,0.00,0
2025-08-01,ACC0000005594,CUST0002807,SAVINGS,Tabungan Negara Plus,2025-01-16,ACTIVE,16550664.83,,0.1398,4372519.53,1
2025-08-01,ACC0000005624,CUST0002824,CREDIT_CARD,Kartu Platinum,2021-06-24,DORMANT,0.00,43505230.86,0.1329,0.00,0
2025-08-01,ACC0000005756,CUST0002891,SAVINGS,Tabungan Negara Plus,2024-05-16,ACTIVE,36578528.08,,0.0607,3141113.43,1
2025-08-01,ACC0000005829,CUST0002929,LOAN,KPR Rumah,2023-07-14,ACTIVE,0.00,,0.0226,-1054903.41,2
2025-08-01,ACC0000006077,CUST0003054,SAVINGS,Tabungan Haji,2024-05-05,ACTIVE,1874576.48,,0.0989,2692761.36,3
2025-08-01,ACC0000006096,CUST0003063,CREDIT_CARD,Kartu Virtual,2021-04-12,ACTIVE,0.00,39851724.02,0.1412,1918399.24,5
2025-08-01,ACC0000006338,CUST0003183,LOAN,Kredit Kendaraan,2025-04-12,ACTIVE,0.00,,0.0562,6944039.68,2
2025-08-01,ACC0000006549,CUST0003288,INVESTMENT,Reksa Dana,2022-09-12,CLOSED,0.00,,0.1102,0.00,0
2025-08-01,ACC0000006698,CUST0003364,CREDIT_CARD,Kartu Virtual,2022-05-20,ACTIVE,0.00,12005888.39,0.0369,4269956.26,3
2025-08-01,ACC0000006793,CUST0003409,CREDIT_CARD,Kartu Gold,2023-05-13,CLOSED,0.00,10514806.58,0.0869,0.00,0
2025-08-01,ACC0000006929,CUST0003482,SAVINGS,Tabungan Haji,2024-11-22,ACTIVE,41006795.42,,0.102,-2917523.04,1
2025-08-01,ACC0000007020,CUST0003530,SAVINGS,Tabungan Negara Plus,2025-02-18,ACTIVE,45956904.28,,0.1188,2346517.28,1
2025-08-01,ACC0000007033,CUST0003537,INVESTMENT,Reksa Dana,2024-01-04,ACTIVE,0.00,,0.0642,-843479.88,3
2025-08-01,ACC0000007089,CUST0003566,LOAN,KPR Rumah,2023-07-21,ACTIVE,0.00,,0.0804,-4663419.99,2
2025-08-01,ACC0000007101,CUST0003573,CREDIT_CARD,Kartu Classic,2022-11-22,ACTIVE,0.00,30343284.90,0.1161,3700701.42,1
2025-08-01,ACC0000007458,CUST0003748,CREDIT_CARD,Kartu Classic,2022-11-27,CLOSED,0.00,45441196.36,0.0547,0.00,0
2025-08-01,ACC0000007489,CUST0003761,CREDIT_CARD,Kartu Platinum,2022-12-17,ACTIVE,0.00,43040799.97,0.1491,2217012.30,2
2025-08-01,ACC0000007496,CUST0003764,CREDIT_CARD,Kartu Virtual,2023-03-21,ACTIVE,0.00,5084393.36,0.0778,-7116791.23,2
2025-08-01,ACC0000007691,CUST0003864,SAVINGS,Tabungan Rencana,2023-01-28,DORMANT,9298503.62,,0.1135,0.00,0
2025-08-01,ACC0000007755,CUST0003899,LOAN,Kredit Kendaraan,2022-11-05,ACTIVE,0.00,,0.0781,6612423.34,2
2025-08-01,ACC0000007768,CUST0003905,INVESTMENT,Deposito,2022-11-14,ACTIVE,0.00,,0.0795,1096679.78,1
2025-08-01,ACC0000000033,CUST0000017,LOAN,Kredit Usaha,2024-11-09,DORMANT,0.00,,0.0326,0.00,0
2025-08-01,ACC0000000245,CUST0000123,SAVINGS,Tabungan Negara Plus,2022-03-17,ACTIVE,21000370.78,,0.1399,-3528473.53,1
2025-08-01,ACC0000000305,CUST0000151,CREDIT_CARD,Kartu Classic,2023-11-16,ACTIVE,0.00,42814450.50,0.1289,-891510.15,2
2025-08-01,ACC0000000861,CUST0000427,SAVINGS,Tabungan Negara Plus,2025-05-08,ACTIVE,39845568.14,,0.0398,-7282013.08,3
2025-08-01,ACC0000000995,CUST0000497,INVESTMENT,Obligasi,2023-06-17,ACTIVE,0.00,,0.1,547165.72,1
2025-08-01,ACC0000001076,CUST0000536,CREDIT_CARD,Kartu Platinum,2021-12-13,ACTIVE,0.00,17479979.68,0.0508,-4546248.52,1
2025-08-01,ACC0000001348,CUST0000677,CREDIT_CARD,Kartu Virtual,2022-09-04,ACTIVE,0.00,29230918.35,0.054,4020196.10,1
2025-08-01,ACC0000001373,CUST0000688,SAVINGS,Tabungan Berjangka,2024-10-20,ACTIVE,26458036.04,,0.1232,1272050.98,2
2025-08-01,ACC0000001639,CUST0000825,INVESTMENT,Deposito,2021-07-01,ACTIVE,0.00,,0.1314,-4167132.33,1
2025-08-01,ACC0000001824,CUST0000918,CREDIT_CARD,Kartu Gold,2023-08-21,ACTIVE,0.00,24022445.86,0.0581,-3425758.62,1
2025-08-01,ACC0000001825,CUST0000919,SAVINGS,Tabungan Haji,2024-06-20,ACTIVE,4197259.13,,0.1482,-4239687.11,1
2025-08-01,ACC0000002086,CUST0001051,LOAN,Kredit Usaha,2022-11-01,ACTIVE,0.00,,0.1323,0.00,0
2025-08-01,ACC0000002409,CUST0001208,LOAN,Kredit Kendaraan,2022-03-06,ACTIVE,0.00,,0.0325,0.00,0
2025-08-01,ACC0000002413,CUST0001210,LOAN,Kredit Usaha,2021-12-25,CLOSED,0.00,,0.1269,0.00,0
2025-08-01,ACC0000002586,CUST0001299,SAVINGS,Tabungan Haji,2024-05-30,ACTIVE,13272859.84,,0.1448,-3792095.81,4
2025-08-01,ACC0000002616,CUST0001316,LOAN,Kredit Usaha,2023-07-11,ACTIVE,0.00,,0.1306,2873888.13,2
2025-08-01,ACC0000002716,CUST0001372,SAVINGS,Tabungan Haji,2024-08-05,ACTIVE,24837731.41,,0.092,2733929.06,2
2025-08-01,ACC0000002872,CUST0001452,SAVINGS,Tabungan Rencana,2022-01-26,ACTIVE,5512535.66,,0.0483,0.00,0
2025-08-01,ACC0000003415,CUST0001717,INVESTMENT,Reksa Dana,2022-10-11,ACTIVE,0.00,,0.0401,-1708563.69,1
2025-08-01,ACC0000003518,CUST0001770,INVESTMENT,SBN Retail,2022-04-28,ACTIVE,0.00,,0.1104,2519673.88,3
2025-08-01,ACC0000003588,CUST0001809,SAVINGS,Tabungan Rencana,2023-11-15,ACTIVE,4837843.32,,0.0415,193149.99,4
2025-08-01,ACC0000003620,CUST0001825,CREDIT_CARD,Kartu Gold,2021-05-29,ACTIVE,0.00,17792902.17,0.0486,2506925.31,1
2025-08-01,ACC0000003841,CUST0001938,SAVINGS,Tabungan Rencana,2021-08-23,CLOSED,34547269.58,,0.1016,0.00,0
2025-08-01,ACC0000003934,CUST0001983,LOAN,Kredit Kendaraan,2021-05-31,CLOSED,0.00,,0.0718,0.00,0
2025-08-01,ACC0000004466,CUST0002242,CREDIT_CARD,Kartu Classic,2023-06-08,ACTIVE,0.00,18387263.25,0.0257,0.00,0
2025-08-01,ACC0000004627,CUST0002324,CREDIT_CARD,Kartu Gold,2022-03-03,ACTIVE,0.00,49972904.61,0.1082,11077585.80,3
2025-08-01,ACC0000004711,CUST0002366,INVESTMENT,SBN Retail,2023-09-13,ACTIVE,0.00,,0.0441,5756426.60,3
2025-08-01,ACC0000004892,CUST0002455,SAVINGS,Tabungan Haji,2021-10-15,ACTIVE,17347101.98,,0.0107,-6320432.79,2
2025-08-01,ACC0000005106,CUST0002563,CREDIT_CARD,Kartu Gold,2023-12-07,CLOSED,0.00,48592954.06,0.0277,0.00,0
2025-08-01,ACC0000005373,CUST0002696,INVESTMENT,Reksa Dana,2025-04-22,ACTIVE,0.00,,0.0877,830696.97,1
2025-08-01,ACC0000005775,CUST0002900,INVESTMENT,Obligasi,2023-06-29,ACTIVE,0.00,,0.099,0.00,0
2025-08-01,ACC0000005839,CUST0002935,CREDIT_CARD,Kartu Platinum,2023-02-04,ACTIVE,0.00,23118720.30,0.1176,4040452.09,1
2025-08-01,ACC0000006274,CUST0003151,CREDIT_CARD,Kartu Gold,2023-07-15,ACTIVE,0.00,22751139.16,0.0363,0.00,0
2025-08-01,ACC0000006959,CUST0003501,LOAN,KTA Personal,2024-09-11,ACTIVE,0.00,,0.1069,0.00,0
2025-08-01,ACC0000007125,CUST0003587,INVESTMENT,SBN Retail,2023-07-27,ACTIVE,0.00,,0.0831,0.00,0
2025-08-01,ACC0000007288,CUST0003665,LOAN,Kredit Usaha,2024-05-05,ACTIVE,0.00,,0.1484,9948384.15,3
2025-08-01,ACC0000007290,CUST0003666,LOAN,KTA Personal,2021-12-20,ACTIVE,0.00,,0.0544,296432.56,3
2025-08-01,ACC0000007315,CUST0003677,LOAN,Kredit Kendaraan,2022-06-19,ACTIVE,0.00,,0.1283,0.00,0
2025-08-01,ACC0000007335,CUST0003686,SAVINGS,Tabungan Haji,2023-03-02,ACTIVE,34836157.92,,0.0911,-1856430.55,2
2025-08-01,ACC0000007447,CUST0003742,SAVINGS,Tabungan Negara Plus,2025-01-24,ACTIVE,38853267.17,,0.1258,3240876.57,2
2025-08-01,ACC0000007747,CUST0003894,CREDIT_CARD,Kartu Virtual,2022-06-25,ACTIVE,0.00,48125720.52,0.1248,2707656.21,1
2025-08-01,ACC0000007797,CUST0003920,CREDIT_CARD,Kartu Virtual,2024-07-27,ACTIVE,0.00,31512831.74,0.0368,4510426.88,1
2025-08-01,ACC0000007870,CUST0003955,LOAN,KPR Rumah,2022-12-14,ACTIVE,0.00,,0.0324,1649925.67,1
2025-08-01,ACC0000000244,CUST0000123,INVESTMENT,SBN Retail,2022-07-22,ACTIVE,0.00,,0.0769,-1113887.09,1
2025-08-01,ACC0000000674,CUST0000333,CREDIT_CARD,Kartu Gold,2022-06-21,SUSPENDED,0.00,30517235.26,0.1043,0.00,0
2025-08-01,ACC0000001120,CUST0000560,LOAN,Kredit Usaha,2024-01-11,DORMANT,0.00,,0.1239,0.00,0
2025-08-01,ACC0000001229,CUST0000618,INVESTMENT,Deposito,2021-11-02,ACTIVE,0.00,,0.1321,-5214549.36,2
2025-08-01,ACC0000001877,CUST0000945,LOAN,KPR Rumah,2022-09-13,ACTIVE,0.00,,0.0194,11308081.84,5
2025-08-01,ACC0000001884,CUST0000949,LOAN,Kredit Kendaraan,2022-02-28,ACTIVE,0.00,,0.1198,-3842775.27,3
2025-08-01,ACC0000001938,CUST0000974,LOAN,KPR Rumah,2024-12-27,ACTIVE,0.00,,0.1028,-2133265.98,3
2025-08-01,ACC0000002041,CUST0001028,CREDIT_CARD,Kartu Virtual,2025-03-23,ACTIVE,0.00,35768090.60,0.117,-2787876.31,5
2025-08-01,ACC0000002133,CUST0001072,SAVINGS,Tabungan Haji,2022-12-14,ACTIVE,21579990.63,,0.127,-7722195.80,3
2025-08-01,ACC0000002173,CUST0001092,SAVINGS,Tabungan Negara Plus,2024-11-09,ACTIVE,35342285.92,,0.053,0.00,0
2025-08-01,ACC0000002640,CUST0001330,CREDIT_CARD,Kartu Gold,2023-08-25,ACTIVE,0.00,47116825.39,0.0414,3195907.45,2
2025-08-01,ACC0000003082,CUST0001551,CREDIT_CARD,Kartu Platinum,2025-03-27,ACTIVE,0.00,28522596.14,0.0237,4120671.40,1
2025-08-01,ACC0000003158,CUST0001591,SAVINGS,Tabungan Rencana,2023-06-17,ACTIVE,17771631.55,,0.0785,-2032932.59,1
2025-08-01,ACC0000003350,CUST0001686,SAVINGS,Tabungan Rencana,2022-09-27,ACTIVE,12948933.23,,0.0727,5692743.17,2
2025-08-01,ACC0000003361,CUST0001691,LOAN,Kredit Usaha,2023-05-17,ACTIVE,0.00,,0.0869,2481936.69,1
2025-08-01,ACC0000003405,CUST0001713,LOAN,Kredit Kendaraan,2022-08-02,ACTIVE,0.00,,0.1141,1202149.29,2
2025-08-01,ACC0000003508,CUST0001765,CREDIT_CARD,Kartu Virtual,2021-04-18,ACTIVE,0.00,22519732.46,0.0619,0.00,0
2025-08-01,ACC0000003551,CUST0001788,INVESTMENT,SBN Retail,2023-02-07,ACTIVE,0.00,,0.0382,0.00,0
2025-08-01,ACC0000003756,CUST0001893,INVESTMENT,Reksa Dana,2023-09-05,CLOSED,0.00,,0.1463,0.00,0
2025-08-01,ACC0000003924,CUST0001979,SAVINGS,Tabungan Negara Plus,2021-12-10,CLOSED,19824037.04,,0.0441,0.00,0
2025-08-01,ACC0000003973,CUST0002003,SAVINGS,Tabungan Haji,2022-04-29,ACTIVE,18765189.58,,0.0291,0.00,0
2025-08-01,ACC0000004001,CUST0002019,SAVINGS,Tabungan Rencana,2023-11-04,ACTIVE,41484974.99,,0.1359,6287723.21,4
2025-08-01,ACC0000004093,CUST0002064,SAVINGS,Tabungan Negara Plus,2021-11-15,ACTIVE,14684667.85,,0.1333,-1855390.70,5
2025-08-01,ACC0000004144,CUST0002085,SAVINGS,Tabungan Rencana,2024-12-04,ACTIVE,2887120.13,,0.1477,0.00,0
2025-08-01,ACC0000004181,CUST0002107,LOAN,KTA Personal,2022-05-14,ACTIVE,0.00,,0.1095,0.00,0
2025-08-01,ACC0000004398,CUST0002208,INVESTMENT,Reksa Dana,2021-05-16,ACTIVE,0.00,,0.0305,0.00,0
2025-08-01,ACC0000004530,CUST0002277,INVESTMENT,Deposito,2021-04-20,ACTIVE,0.00,,0.1146,4319059.69,1
2025-08-01,ACC0000004546,CUST0002283,LOAN,KPR Rumah,2024-08-23,CLOSED,0.00,,0.1109,0.00,0
2025-08-01,ACC0000004838,CUST0002427,INVESTMENT,Reksa Dana,2021-10-24,ACTIVE,0.00,,0.141,-3963115.67,1
2025-08-01,ACC0000005068,CUST0002542,LOAN,KTA Personal,2022-08-03,ACTIVE,0.00,,0.0313,4723536.30,2
2025-08-01,ACC0000005102,CUST0002561,INVESTMENT,Deposito,2024-08-11,ACTIVE,0.00,,0.1346,-3677537.76,2
2025-08-01,ACC0000005545,CUST0002782,SAVINGS,Tabungan Berjangka,2025-02-04,ACTIVE,39921868.91,,0.0346,-3587523.72,1
2025-08-01,ACC0000006110,CUST0003069,SAVINGS,Tabungan Berjangka,2024-01-25,ACTIVE,42065656.75,,0.139,2568088.29,1
2025-08-01,ACC0000006377,CUST0003204,SAVINGS,Tabungan Berjangka,2024-01-13,ACTIVE,20768582.39,,0.0165,-2389756.21,2
2025-08-01,ACC0000006541,CUST0003284,INVESTMENT,Deposito,2024-10-18,ACTIVE,0.00,,0.026,-4137627.58,1
2025-08-01,ACC0000006568,CUST0003298,INVESTMENT,Obligasi,2021-09-08,DORMANT,0.00,,0.0511,0.00,0
2025-08-01,ACC0000006730,CUST0003380,SAVINGS,Tabungan Haji,2022-05-27,ACTIVE,1329781.72,,0.0439,-2192974.05,1
2025-08-01,ACC0000006894,CUST0003464,SAVINGS,Tabungan Rencana,2022-01-22,ACTIVE,28104427.44,,0.1258,-783487.33,2
2025-08-01,ACC0000007104,CUST0003575,LOAN,KPR Rumah,2021-12-10,ACTIVE,0.00,,0.1242,2049439.94,1
2025-08-01,ACC0000007137,CUST0003593,CREDIT_CARD,Kartu Virtual,2025-01-20,ACTIVE,0.00,14227367.27,0.0688,-10106338.95,3
2025-08-01,ACC0000007632,CUST0003835,LOAN,KTA Personal,2023-09-30,ACTIVE,0.00,,0.1007,-47403.92,1
2025-08-01,ACC0000007817,CUST0003929,CREDIT_CARD,Kartu Virtual,2022-11-14,ACTIVE,0.00,43322696.53,0.0897,-4064717.04,3
2025-08-01,ACC0000000052,CUST0000028,INVESTMENT,Deposito,2024-04-01,ACTIVE,0.00,,0.0803,-578343.87,3
2025-08-01,ACC0000000070,CUST0000036,LOAN,KTA Personal,2024-06-13,ACTIVE,0.00,,0.0507,0.00,0
2025-08-01,ACC0000000210,CUST0000106,INVESTMENT,Deposito,2022-03-03,ACTIVE,0.00,,0.1339,9096036.55,3
2025-08-01,ACC0000000271,CUST0000135,CREDIT_CARD,Kartu Virtual,2024-01-04,ACTIVE,0.00,31714855.04,0.1245,-1673332.76,1
2025-08-01,ACC0000000895,CUST0000445,INVESTMENT,SBN Retail,2022-06-12,DORMANT,0.00,,0.1219,0.00,0
2025-08-01,ACC0000000988,CUST0000495,SAVINGS,Tabungan Haji,2021-05-13,ACTIVE,1665123.66,,0.0221,1813105.12,2
2025-08-01,ACC0000001486,CUST0000745,SAVINGS,Tabungan Haji,2021-09-03,ACTIVE,27511755.10,,0.1401,7902155.01,2
2025-08-01,ACC0000001769,CUST0000892,SAVINGS,Tabungan Rencana,2021-10-11,ACTIVE,5519808.87,,0.0696,0.00,0
2025-08-01,ACC0000001982,CUST0000997,LOAN,KPR Rumah,2022-05-21,ACTIVE,0.00,,0.0633,4795623.09,1
2025-08-01,ACC0000002059,CUST0001036,INVESTMENT,SBN Retail,2022-09-23,ACTIVE,0.00,,0.0982,4782402.95,1
2025-08-01,ACC0000002240,CUST0001122,CREDIT_CARD,Kartu Gold,2022-08-26,ACTIVE,0.00,36234355.99,0.0234,0.00,0
2025-08-01,ACC0000002270,CUST0001138,LOAN,KTA Personal,2023-01-08,DORMANT,0.00,,0.0637,0.00,0
2025-08-01,ACC0000002333,CUST0001169,CREDIT_CARD,Kartu Classic,2023-04-28,ACTIVE,0.00,6555038.99,0.0111,-1768684.15,2
2025-08-01,ACC0000002547,CUST0001280,INVESTMENT,Obligasi,2024-07-08,ACTIVE,0.00,,0.0995,-2503809.83,1
2025-08-01,ACC0000002555,CUST0001284,SAVINGS,Tabungan Negara Plus,2022-12-21,ACTIVE,17916489.32,,0.1125,-1705890.56,2
2025-08-01,ACC0000002634,CUST0001328,CREDIT_CARD,Kartu Platinum,2022-11-01,ACTIVE,0.00,22714702.99,0.0973,6974218.91,3
2025-08-01,ACC0000003273,CUST0001650,INVESTMENT,SBN Retail,2021-09-24,ACTIVE,0.00,,0.1068,3020122.78,5
2025-08-01,ACC0000003307,CUST0001664,SAVINGS,Tabungan Negara Plus,2021-06-12,ACTIVE,12229582.24,,0.1229,-4426760.83,3
2025-08-01,ACC0000003310,CUST0001665,INVESTMENT,Deposito,2024-09-26,CLOSED,0.00,,0.0627,0.00,0
2025-08-01,ACC0000003638,CUST0001835,SAVINGS,Tabungan Negara Plus,2025-04-17,ACTIVE,23676479.56,,0.0558,-1691623.06,2
2025-08-01,ACC0000004075,CUST0002055,SAVINGS,Tabungan Rencana,2023-04-23,SUSPENDED,40955332.81,,0.0878,0.00,0
2025-08-01,ACC0000004165,CUST0002097,CREDIT_CARD,Kartu Virtual,2021-10-26,DORMANT,0.00,34915638.56,0.1151,0.00,0
2025-08-01,ACC0000004251,CUST0002139,SAVINGS,Tabungan Haji,2024-03-01,ACTIVE,28933376.11,,0.1098,8750960.42,3
2025-08-01,ACC0000004295,CUST0002160,LOAN,Kredit Kendaraan,2024-10-12,ACTIVE,0.00,,0.1143,-306744.93,2
2025-08-01,ACC0000004738,CUST0002376,INVESTMENT,SBN Retail,2023-02-08,ACTIVE,0.00,,0.1309,0.00,0
2025-08-01,ACC0000005022,CUST0002519,SAVINGS,Tabungan Haji,2022-01-21,CLOSED,42082000.52,,0.0477,0.00,0
2025-08-01,ACC0000005312,CUST0002667,CREDIT_CARD,Kartu Platinum,2023-08-03,ACTIVE,0.00,36646224.05,0.1353,-3162327.61,3
2025-08-01,ACC0000005474,CUST0002747,INVESTMENT,Obligasi,2024-09-08,ACTIVE,0.00,,0.1067,4791077.53,2
2025-08-01,ACC0000005481,CUST0002750,SAVINGS,Tabungan Berjangka,2023-10-08,ACTIVE,42225212.63,,0.1328,7203930.89,3
2025-08-01,ACC0000005498,CUST0002759,INVESTMENT,Deposito,2023-03-13,ACTIVE,0.00,,0.1117,1656469.43,1
2025-08-01,ACC0000005514,CUST0002766,INVESTMENT,Reksa Dana,2021-08-01,ACTIVE,0.00,,0.036,5086938.69,2
2025-08-01,ACC0000005809,CUST0002919,CREDIT_CARD,Kartu Virtual,2023-11-23,ACTIVE,0.00,37339734.40,0.0853,0.00,0
2025-08-01,ACC0000006105,CUST0003067,INVESTMENT,Obligasi,2021-03-06,DORMANT,0.00,,0.1114,0.00,0
2025-08-01,ACC0000006244,CUST0003136,SAVINGS,Tabungan Rencana,2021-06-22,ACTIVE,41268607.51,,0.0929,28321.91,2
2025-08-01,ACC0000006351,CUST0003189,CREDIT_CARD,Kartu Platinum,2021-07-15,DORMANT,0.00,7718110.86,0.1032,0.00,0
2025-08-01,ACC0000006686,CUST0003358,SAVINGS,Tabungan Negara Plus,2025-05-30,ACTIVE,34093166.59,,0.0907,2649115.28,3
2025-08-01,ACC0000006784,CUST0003406,CREDIT_CARD,Kartu Platinum,2022-12-03,CLOSED,0.00,7719015.05,0.1038,0.00,0
2025-08-01,ACC0000006942,CUST0003491,INVESTMENT,SBN Retail,2025-06-23,ACTIVE,0.00,,0.1279,0.00,0
2025-08-01,ACC0000007032,CUST0003536,SAVINGS,Tabungan Negara Plus,2024-04-05,CLOSED,17348342.99,,0.0974,0.00,0
2025-08-01,ACC0000007270,CUST0003657,CREDIT_CARD,Kartu Virtual,2022-06-13,ACTIVE,0.00,27329527.15,0.0663,7350920.67,2
2025-08-01,ACC0000007634,CUST0003836,CREDIT_CARD,Kartu Classic,2022-09-20,ACTIVE,0.00,9621574.07,0.0638,-3437007.47,4
2025-08-01,ACC0000000038,CUST0000020,LOAN,KTA Personal,2023-12-03,ACTIVE,0.00,,0.0683,0.00,0
2025-08-01,ACC0000000353,CUST0000177,SAVINGS,Tabungan Berjangka,2022-11-14,ACTIVE,30391455.42,,0.1397,-100741.16,1
2025-08-01,ACC0000000594,CUST0000299,LOAN,KTA Personal,2021-10-03,ACTIVE,0.00,,0.0679,0.00,0
2025-08-01,ACC0000000706,CUST0000351,INVESTMENT,Deposito,2021-09-07,ACTIVE,0.00,,0.0399,-2786967.80,2
2025-08-01,ACC0000000787,CUST0000390,LOAN,Kredit Kendaraan,2025-06-08,ACTIVE,0.00,,0.0587,595979.91,1
2025-08-01,ACC0000000794,CUST0000394,INVESTMENT,Deposito,2022-08-02,ACTIVE,0.00,,0.0844,0.00,0
2025-08-01,ACC0000001139,CUST0000572,CREDIT_CARD,Kartu Platinum,2024-09-07,DORMANT,0.00,13934759.40,0.141,0.00,0
2025-08-01,ACC0000001141,CUST0000574,INVESTMENT,Obligasi,2022-11-14,ACTIVE,0.00,,0.0868,0.00,0
2025-08-01,ACC0000001145,CUST0000575,INVESTMENT,Obligasi,2023-05-25,ACTIVE,0.00,,0.1173,1122909.59,4
2025-08-01,ACC0000001252,CUST0000628,LOAN,KPR Rumah,2023-02-20,ACTIVE,0.00,,0.0745,0.00,0
2025-08-01,ACC0000001309,CUST0000660,INVESTMENT,SBN Retail,2024-05-07,ACTIVE,0.00,,0.0582,0.00,0
2025-08-01,ACC0000001656,CUST0000835,CREDIT_CARD,Kartu Classic,2023-05-24,ACTIVE,0.00,49584264.09,0.0364,-835251.79,2
2025-08-01,ACC0000002024,CUST0001019,LOAN,KPR Rumah,2023-12-16,ACTIVE,0.00,,0.0782,3839428.26,1
2025-08-01,ACC0000002071,CUST0001043,CREDIT_CARD,Kartu Gold,2024-12-26,CLOSED,0.00,7060664.61,0.1318,0.00,0
2025-08-01,ACC0000002106,CUST0001060,SAVINGS,Tabungan Berjangka,2022-07-20,SUSPENDED,43917663.02,,0.0715,0.00,0
2025-08-01,ACC0000002548,CUST0001281,LOAN,Kredit Usaha,2023-12-28,ACTIVE,0.00,,0.0236,1778165.55,1
2025-08-01,ACC0000002697,CUST0001361,CREDIT_CARD,Kartu Gold,2025-01-12,ACTIVE,0.00,38965236.74,0.1405,0.00,0
2025-08-01,ACC0000002881,CUST0001455,LOAN,Kredit Kendaraan,2023-03-08,ACTIVE,0.00,,0.1341,0.00,0
2025-08-01,ACC0000002997,CUST0001510,LOAN,Kredit Usaha,2022-05-23,ACTIVE,0.00,,0.0393,-877187.77,2
2025-08-01,ACC0000003016,CUST0001520,INVESTMENT,Obligasi,2024-05-09,ACTIVE,0.00,,0.1134,1821211.42,3
2025-08-01,ACC0000003169,CUST0001596,CREDIT_CARD,Kartu Gold,2024-11-11,ACTIVE,0.00,22496739.71,0.0187,-3944490.02,1
2025-08-01,ACC0000003493,CUST0001757,CREDIT_CARD,Kartu Classic,2024-09-11,DORMANT,0.00,10306505.42,0.0577,0.00,0
2025-08-01,ACC0000003734,CUST0001880,CREDIT_CARD,Kartu Classic,2024-10-30,DORMANT,0.00,23814278.11,0.0959,0.00,0
2025-08-01,ACC0000003874,CUST0001953,SAVINGS,Tabungan Berjangka,2022-09-21,ACTIVE,22869706.06,,0.127,-2867922.48,1
2025-08-01,ACC0000003944,CUST0001989,INVESTMENT,Obligasi,2022-07-26,ACTIVE,0.00,,0.0765,8643273.57,2
2025-08-01,ACC0000004101,CUST0002068,SAVINGS,Tabungan Rencana,2021-04-02,ACTIVE,25855797.52,,0.1288,6098184.32,4
2025-08-01,ACC0000004526,CUST0002274,SAVINGS,Tabungan Berjangka,2022-02-21,ACTIVE,23855605.60,,0.0206,1859329.12,3
2025-08-01,ACC0000004938,CUST0002477,INVESTMENT,Deposito,2022-11-17,DORMANT,0.00,,0.1134,0.00,0
2025-08-01,ACC0000005002,CUST0002508,SAVINGS,Tabungan Negara Plus,2024-06-22,ACTIVE,30513829.58,,0.132,8980331.38,4
2025-08-01,ACC0000005272,CUST0002649,INVESTMENT,Deposito,2023-01-30,ACTIVE,0.00,,0.0656,-1377522.99,1
2025-08-01,ACC0000005597,CUST0002809,INVESTMENT,SBN Retail,2023-02-13,ACTIVE,0.00,,0.0931,-5451393.91,2
2025-08-01,ACC0000006025,CUST0003028,LOAN,KPR Rumah,2023-03-30,ACTIVE,0.00,,0.0158,4494231.56,1
2025-08-01,ACC0000006125,CUST0003078,INVESTMENT,Reksa Dana,2023-01-08,ACTIVE,0.00,,0.1355,-4118143.21,4
2025-08-01,ACC0000006138,CUST0003085,LOAN,KPR Rumah,2023-12-09,SUSPENDED,0.00,,0.0844,0.00,0
2025-08-01,ACC0000006164,CUST0003097,CREDIT_CARD,Kartu Gold,2021-06-17,DORMANT,0.00,37796874.27,0.1426,0.00,0
2025-08-01,ACC0000006792,CUST0003409,CREDIT_CARD,Kartu Classic,2023-04-17,SUSPENDED,0.00,26788706.05,0.0478,0.00,0
2025-08-01,ACC0000006902,CUST0003468,SAVINGS,Tabungan Berjangka,2024-01-13,DORMANT,12315947.90,,0.0996,0.00,0
2025-08-01,ACC0000007141,CUST0003595,SAVINGS,Tabungan Negara Plus,2022-02-10,ACTIVE,11688106.07,,0.1028,-876974.33,2
2025-08-01,ACC0000007271,CUST0003657,LOAN,KTA Personal,2022-03-22,ACTIVE,0.00,,0.0492,736986.46,1
2025-08-01,ACC0000007694,CUST0003865,INVESTMENT,Deposito,2024-12-28,ACTIVE,0.00,,0.0258,6948412.50,2
2025-08-01,ACC0000007950,CUST0003997,INVESTMENT,Deposito,2024-05-26,CLOSED,0.00,,0.1374,0.00,0
2025-08-01,ACC0000000079,CUST0000041,SAVINGS,Tabungan Negara Plus,2021-06-12,ACTIVE,37442037.36,,0.0569,0.00,0
2025-08-01,ACC0000000091,CUST0000047,LOAN,KPR Rumah,2021-04-27,ACTIVE,0.00,,0.0215,-4440467.04,1
2025-08-01,ACC0000000394,CUST0000199,SAVINGS,Tabungan Berjangka,2022-09-05,DORMANT,31010458.71,,0.0852,0.00,0
2025-08-01,ACC0000000502,CUST0000253,LOAN,KPR Rumah,2022-11-08,ACTIVE,0.00,,0.0733,1999459.38,2
2025-08-01,ACC0000000510,CUST0000257,LOAN,KPR Rumah,2021-06-22,ACTIVE,0.00,,0.1362,0.00,0
2025-08-01,ACC0000000563,CUST0000284,CREDIT_CARD,Kartu Classic,2021-03-25,ACTIVE,0.00,23009120.94,0.0439,-4161748.02,1
2025-08-01,ACC0000000655,CUST0000325,INVESTMENT,Deposito,2021-10-11,ACTIVE,0.00,,0.0624,-6451648.87,3
2025-08-01,ACC0000000897,CUST0000446,SAVINGS,Tabungan Haji,2024-01-11,DORMANT,26013696.55,,0.061,0.00,0
2025-08-01,ACC0000001483,CUST0000743,SAVINGS,Tabungan Rencana,2022-09-19,SUSPENDED,39137941.28,,0.1271,0.00,0
2025-08-01,ACC0000001504,CUST0000754,INVESTMENT,Obligasi,2022-01-22,ACTIVE,0.00,,0.1482,-1984869.86,1
2025-08-01,ACC0000001641,CUST0000827,INVESTMENT,Obligasi,2022-03-08,ACTIVE,0.00,,0.0978,0.00,0
2025-08-01,ACC0000001652,CUST0000833,SAVINGS,Tabungan Rencana,2024-04-10,ACTIVE,26586054.08,,0.1432,-533329.73,3
2025-08-01,ACC0000001697,CUST0000857,CREDIT_CARD,Kartu Gold,2022-01-26,ACTIVE,0.00,37953519.58,0.128,7176380.13,2
2025-08-01,ACC0000002099,CUST0001058,CREDIT_CARD,Kartu Classic,2023-01-27,ACTIVE,0.00,30958686.15,0.1038,1838741.41,2
2025-08-01,ACC0000002532,CUST0001273,CREDIT_CARD,Kartu Classic,2021-05-25,ACTIVE,0.00,13365624.29,0.1137,8000895.89,5
2025-08-01,ACC0000002770,CUST0001399,SAVINGS,Tabungan Haji,2022-01-10,ACTIVE,15339126.41,,0.1127,4963688.56,1
2025-08-01,ACC0000002840,CUST0001435,SAVINGS,Tabungan Negara Plus,2023-05-09,ACTIVE,46330185.89,,0.0618,-2359402.12,1
2025-08-01,ACC0000002912,CUST0001470,CREDIT_CARD,Kartu Classic,2025-04-09,ACTIVE,0.00,45334247.90,0.0467,0.00,0
2025-08-01,ACC0000002921,CUST0001475,SAVINGS,Tabungan Negara Plus,2023-12-08,DORMANT,8994506.12,,0.1317,0.00,0
2025-08-01,ACC0000003173,CUST0001598,INVESTMENT,Reksa Dana,2023-03-03,ACTIVE,0.00,,0.1325,-3571036.10,2
2025-08-01,ACC0000003464,CUST0001742,INVESTMENT,SBN Retail,2022-10-05,CLOSED,0.00,,0.1389,0.00,0
2025-08-01,ACC0000003813,CUST0001924,SAVINGS,Tabungan Haji,2021-07-12,ACTIVE,41580152.11,,0.0158,0.00,0
2025-08-01,ACC0000003939,CUST0001986,CREDIT_CARD,Kartu Classic,2025-05-29,ACTIVE,0.00,32600770.24,0.0405,-1309814.83,1
2025-08-01,ACC0000004013,CUST0002025,LOAN,KPR Rumah,2022-11-01,SUSPENDED,0.00,,0.0991,0.00,0
2025-08-01,ACC0000004020,CUST0002028,SAVINGS,Tabungan Rencana,2024-09-21,ACTIVE,24344433.69,,0.049,0.00,0
2025-08-01,ACC0000004188,CUST0002111,LOAN,KTA Personal,2022-12-05,ACTIVE,0.00,,0.0308,10338801.04,3
2025-08-01,ACC0000004387,CUST0002204,SAVINGS,Tabungan Rencana,2021-05-15,ACTIVE,21744805.24,,0.0207,-8741650.67,4
2025-08-01,ACC0000004482,CUST0002250,INVESTMENT,Deposito,2024-08-04,DORMANT,0.00,,0.0798,0.00,0
2025-08-01,ACC0000004629,CUST0002325,INVESTMENT,SBN Retail,2024-12-24,ACTIVE,0.00,,0.0439,-1247264.49,2
2025-08-01,ACC0000004759,CUST0002385,SAVINGS,Tabungan Haji,2022-07-24,ACTIVE,44726312.19,,0.0174,0.00,0
2025-08-01,ACC0000004908,CUST0002462,LOAN,KTA Personal,2024-01-16,ACTIVE,0.00,,0.0545,365429.89,2
2025-08-01,ACC0000005722,CUST0002871,SAVINGS,Tabungan Berjangka,2021-07-06,CLOSED,24111769.27,,0.1035,0.00,0
2025-08-01,ACC0000005777,CUST0002902,CREDIT_CARD,Kartu Classic,2022-11-13,DORMANT,0.00,23525087.51,0.0781,0.00,0
2025-08-01,ACC0000005830,CUST0002930,INVESTMENT,Deposito,2023-12-04,ACTIVE,0.00,,0.0199,2285440.02,1
2025-08-01,ACC0000006006,CUST0003018,LOAN,Kredit Usaha,2023-09-22,ACTIVE,0.00,,0.0297,0.00,0
2025-08-01,ACC0000006150,CUST0003090,CREDIT_CARD,Kartu Classic,2021-11-18,ACTIVE,0.00,24050865.53,0.0276,1566452.68,1
2025-08-01,ACC0000006233,CUST0003131,LOAN,Kredit Kendaraan,2023-08-24,SUSPENDED,0.00,,0.0821,0.00,0
2025-08-01,ACC0000006406,CUST0003219,SAVINGS,Tabungan Rencana,2021-07-26,DORMANT,29177096.09,,0.071,0.00,0
2025-08-01,ACC0000006904,CUST0003469,LOAN,Kredit Kendaraan,2021-05-03,ACTIVE,0.00,,0.0702,-3634131.92,1
2025-08-01,ACC0000006965,CUST0003504,SAVINGS,Tabungan Negara Plus,2024-02-24,ACTIVE,46809033.39,,0.0203,-4377522.61,1
2025-08-01,ACC0000007088,CUST0003565,CREDIT_CARD,Kartu Classic,2023-09-11,DORMANT,0.00,9396296.03,0.058,0.00,0
2025-08-01,ACC0000000024,CUST0000012,LOAN,Kredit Usaha,2022-09-08,ACTIVE,0.00,,0.0148,4306964.13,1
2025-08-01,ACC0000000192,CUST0000096,LOAN,KTA Personal,2025-02-17,ACTIVE,0.00,,0.1385,1801019.64,2
2025-08-01,ACC0000000324,CUST0000161,LOAN,Kredit Usaha,2025-01-01,ACTIVE,0.00,,0.1343,0.00,0
2025-08-01,ACC0000000392,CUST0000197,LOAN,KPR Rumah,2023-05-25,ACTIVE,0.00,,0.1315,2200370.91,2
2025-08-01,ACC0000000428,CUST0000215,SAVINGS,Tabungan Negara Plus,2025-01-23,ACTIVE,43536068.04,,0.0823,1776968.33,1
2025-08-01,ACC0000000705,CUST0000351,INVESTMENT,SBN Retail,2021-06-14,ACTIVE,0.00,,0.1477,0.00,0
2025-08-01,ACC0000001090,CUST0000546,LOAN,KPR Rumah,2022-09-21,ACTIVE,0.00,,0.1438,7758283.04,2
2025-08-01,ACC0000001166,CUST0000584,LOAN,KTA Personal,2024-07-08,ACTIVE,0.00,,0.1238,0.00,0
2025-08-01,ACC0000001234,CUST0000621,LOAN,Kredit Kendaraan,2023-09-19,ACTIVE,0.00,,0.1006,4823243.31,2
2025-08-01,ACC0000001399,CUST0000702,INVESTMENT,SBN Retail,2022-01-17,ACTIVE,0.00,,0.0339,-423956.25,2
2025-08-01,ACC0000001687,CUST0000851,INVESTMENT,SBN Retail,2021-10-09,ACTIVE,0.00,,0.067,-40457.34,4
2025-08-01,ACC0000001890,CUST0000953,INVESTMENT,Obligasi,2022-12-17,ACTIVE,0.00,,0.0461,-3174654.20,2
2025-08-01,ACC0000002541,CUST0001276,INVESTMENT,Obligasi,2021-08-09,ACTIVE,0.00,,0.1244,264673.84,3
2025-08-01,ACC0000002562,CUST0001287,CREDIT_CARD,Kartu Classic,2023-02-14,ACTIVE,0.00,20111788.79,0.0108,3726078.86,1
2025-08-01,ACC0000002603,CUST0001309,SAVINGS,Tabungan Rencana,2021-11-20,ACTIVE,1912910.73,,0.1244,-2347669.81,1
2025-08-01,ACC0000002884,CUST0001457,CREDIT_CARD,Kartu Gold,2022-01-12,ACTIVE,0.00,40965129.41,0.1185,2300296.46,1
2025-08-01,ACC0000002909,CUST0001469,SAVINGS,Tabungan Negara Plus,2023-07-07,ACTIVE,38256302.48,,0.0645,-2753136.90,1
2025-08-01,ACC0000002940,CUST0001482,INVESTMENT,Deposito,2022-03-18,CLOSED,0.00,,0.0432,0.00,0
2025-08-01,ACC0000003112,CUST0001567,LOAN,KPR Rumah,2021-05-23,ACTIVE,0.00,,0.1109,-3832479.95,1
2025-08-01,ACC0000003138,CUST0001581,LOAN,Kredit Kendaraan,2023-09-05,ACTIVE,0.00,,0.0947,-376970.48,2
2025-08-01,ACC0000003404,CUST0001712,INVESTMENT,Deposito,2025-04-11,ACTIVE,0.00,,0.0244,0.00,0
2025-08-01,ACC0000003623,CUST0001827,LOAN,KTA Personal,2021-03-03,ACTIVE,0.00,,0.0302,-4759311.39,1
2025-08-01,ACC0000003761,CUST0001896,CREDIT_CARD,Kartu Platinum,2025-06-17,ACTIVE,0.00,45065206.46,0.1406,0.00,0
2025-08-01,ACC0000003977,CUST0002006,CREDIT_CARD,Kartu Virtual,2021-05-22,ACTIVE,0.00,15711570.99,0.1428,-4774226.62,2
2025-08-01,ACC0000004231,CUST0002129,INVESTMENT,Obligasi,2023-03-27,ACTIVE,0.00,,0.0771,-621137.31,2
2025-08-01,ACC0000004378,CUST0002201,INVESTMENT,Reksa Dana,2023-03-24,ACTIVE,0.00,,0.1188,-8068539.24,2
2025-08-01,ACC0000004392,CUST0002206,CREDIT_CARD,Kartu Platinum,2024-05-05,ACTIVE,0.00,11966421.23,0.012,-1588851.33,1
2025-08-01,ACC0000004664,CUST0002340,LOAN,KPR Rumah,2022-09-17,ACTIVE,0.00,,0.0418,0.00,0
2025-08-01,ACC0000004821,CUST0002418,CREDIT_CARD,Kartu Classic,2023-02-12,DORMANT,0.00,15378993.05,0.0893,0.00,0
2025-08-01,ACC0000004974,CUST0002494,SAVINGS,Tabungan Negara Plus,2022-12-11,ACTIVE,11159494.19,,0.0427,-4289616.18,1
2025-08-01,ACC0000005096,CUST0002559,SAVINGS,Tabungan Haji,2023-11-06,ACTIVE,1021987.22,,0.049,-5987016.02,3
2025-08-01,ACC0000005291,CUST0002656,CREDIT_CARD,Kartu Platinum,2021-07-11,ACTIVE,0.00,9248971.47,0.0685,-1211148.66,1
2025-08-01,ACC0000005687,CUST0002852,SAVINGS,Tabungan Berjangka,2024-02-28,DORMANT,37771688.52,,0.1138,0.00,0
2025-08-01,ACC0000005926,CUST0002978,LOAN,KPR Rumah,2024-11-06,ACTIVE,0.00,,0.1377,-479588.00,2
2025-08-01,ACC0000005944,CUST0002986,LOAN,KTA Personal,2024-05-06,ACTIVE,0.00,,0.0901,3654361.24,2
2025-08-01,ACC0000006589,CUST0003309,INVESTMENT,Reksa Dana,2024-06-01,ACTIVE,0.00,,0.132,2343551.02,3
2025-08-01,ACC0000006601,CUST0003315,INVESTMENT,Deposito,2024-09-14,ACTIVE,0.00,,0.0708,704655.90,1
2025-08-01,ACC0000006994,CUST0003518,LOAN,KPR Rumah,2022-05-03,DORMANT,0.00,,0.1065,0.00,0
2025-08-01,ACC0000007443,CUST0003739,CREDIT_CARD,Kartu Classic,2023-08-23,CLOSED,0.00,11066649.64,0.0654,0.00,0
2025-08-01,ACC0000007480,CUST0003758,CREDIT_CARD,Kartu Platinum,2021-05-21,ACTIVE,0.00,41972284.00,0.0116,12101232.78,5
2025-08-01,ACC0000007486,CUST0003760,LOAN,Kredit Kendaraan,2025-02-28,ACTIVE,0.00,,0.0156,0.00,0
2025-08-01,ACC0000007920,CUST0003981,INVESTMENT,SBN Retail,2024-06-17,ACTIVE,0.00,,0.0803,-4147279.47,4
2025-08-01,ACC0000000066,CUST0000035,INVESTMENT,Obligasi,2024-09-08,ACTIVE,0.00,,0.0816,4768455.78,4
2025-08-01,ACC0000000564,CUST0000285,CREDIT_CARD,Kartu Virtual,2024-10-20,ACTIVE,0.00,30167971.78,0.0267,3079001.05,1
2025-08-01,ACC0000001105,CUST0000553,SAVINGS,Tabungan Rencana,2023-10-20,ACTIVE,8279827.32,,0.1066,-1173066.02,4
2025-08-01,ACC0000001187,CUST0000595,CREDIT_CARD,Kartu Classic,2022-07-26,DORMANT,0.00,33443772.88,0.1012,0.00,0
2025-08-01,ACC0000001413,CUST0000711,INVESTMENT,Obligasi,2022-08-07,ACTIVE,0.00,,0.0339,-11252076.81,3
2025-08-01,ACC0000002215,CUST0001111,CREDIT_CARD,Kartu Virtual,2023-06-21,DORMANT,0.00,23414039.62,0.11,0.00,0
2025-08-01,ACC0000002383,CUST0001194,LOAN,KPR Rumah,2023-01-31,ACTIVE,0.00,,0.0224,-18176.27,1
2025-08-01,ACC0000002491,CUST0001251,INVESTMENT,Obligasi,2021-10-11,ACTIVE,0.00,,0.026,-3145316.35,3
2025-08-01,ACC0000002496,CUST0001254,LOAN,KPR Rumah,2022-12-19,ACTIVE,0.00,,0.0627,-3330176.23,1
2025-08-01,ACC0000002573,CUST0001291,LOAN,KTA Personal,2023-05-02,ACTIVE,0.00,,0.101,0.00,0
2025-08-01,ACC0000002993,CUST0001508,INVESTMENT,Deposito,2023-07-22,ACTIVE,0.00,,0.139,1833929.61,2
2025-08-01,ACC0000003327,CUST0001672,CREDIT_CARD,Kartu Classic,2021-10-20,ACTIVE,0.00,44471130.22,0.1372,-1347506.30,2
2025-08-01,ACC0000003805,CUST0001920,INVESTMENT,SBN Retail,2022-05-14,DORMANT,0.00,,0.0874,0.00,0
2025-08-01,ACC0000003821,CUST0001927,CREDIT_CARD,Kartu Virtual,2021-07-09,ACTIVE,0.00,33366206.58,0.1118,-1919938.15,2
2025-08-01,ACC0000004061,CUST0002049,LOAN,Kredit Kendaraan,2023-12-28,ACTIVE,0.00,,0.0776,-1844793.53,2
2025-08-01,ACC0000004403,CUST0002211,SAVINGS,Tabungan Rencana,2025-03-27,ACTIVE,29472148.87,,0.1453,-3733956.30,1
2025-08-01,ACC0000004414,CUST0002216,INVESTMENT,Deposito,2022-06-30,ACTIVE,0.00,,0.0426,681879.51,1
2025-08-01,ACC0000004673,CUST0002344,LOAN,Kredit Usaha,2025-02-03,DORMANT,0.00,,0.1114,0.00,0
2025-08-01,ACC0000004713,CUST0002367,LOAN,KTA Personal,2023-11-09,ACTIVE,0.00,,0.1246,5900482.24,3
2025-08-01,ACC0000005024,CUST0002520,INVESTMENT,Reksa Dana,2022-03-26,ACTIVE,0.00,,0.0198,1854825.66,1
2025-08-01,ACC0000005187,CUST0002602,SAVINGS,Tabungan Negara Plus,2021-05-17,ACTIVE,29605082.81,,0.094,-3095910.57,1
2025-08-01,ACC0000005573,CUST0002795,LOAN,KPR Rumah,2025-02-06,ACTIVE,0.00,,0.0719,545306.39,2
2025-08-01,ACC0000005788,CUST0002908,CREDIT_CARD,Kartu Platinum,2021-09-20,ACTIVE,0.00,17011921.86,0.1132,3858011.13,1
2025-08-01,ACC0000005795,CUST0002911,CREDIT_CARD,Kartu Classic,2024-04-14,ACTIVE,0.00,42928830.45,0.1473,0.00,0
2025-08-01,ACC0000006521,CUST0003274,CREDIT_CARD,Kartu Virtual,2024-08-22,ACTIVE,0.00,41864096.50,0.0263,-12878072.25,3
2025-08-01,ACC0000006936,CUST0003487,LOAN,KTA Personal,2024-02-23,ACTIVE,0.00,,0.0846,-8426261.88,3
2025-08-01,ACC0000007143,CUST0003596,LOAN,KTA Personal,2021-12-03,CLOSED,0.00,,0.0348,0.00,0
2025-08-01,ACC0000007356,CUST0003697,INVESTMENT,Reksa Dana,2021-12-26,ACTIVE,0.00,,0.0973,3729536.66,1
2025-08-01,ACC0000007378,CUST0003709,CREDIT_CARD,Kartu Classic,2023-02-06,CLOSED,0.00,37226007.96,0.1336,0.00,0
2025-08-01,ACC0000007548,CUST0003791,LOAN,Kredit Kendaraan,2022-08-23,ACTIVE,0.00,,0.0203,-3161661.23,1
2025-08-01,ACC0000000185,CUST0000090,SAVINGS,Tabungan Berjangka,2021-07-20,ACTIVE,25513103.67,,0.0144,0.00,0
2025-08-01,ACC0000000230,CUST0000116,INVESTMENT,Deposito,2023-04-01,ACTIVE,0.00,,0.0942,0.00,0
2025-08-01,ACC0000000390,CUST0000196,LOAN,Kredit Usaha,2025-04-01,ACTIVE,0.00,,0.0582,1866796.97,2
2025-08-01,ACC0000000542,CUST0000272,LOAN,KPR Rumah,2023-03-20,DORMANT,0.00,,0.0937,0.00,0
2025-08-01,ACC0000000592,CUST0000298,INVESTMENT,SBN Retail,2025-03-17,ACTIVE,0.00,,0.0897,0.00,0
2025-08-01,ACC0000000714,CUST0000354,CREDIT_CARD,Kartu Gold,2024-04-09,ACTIVE,0.00,41924143.61,0.1419,-2924284.74,1
2025-08-01,ACC0000000830,CUST0000413,LOAN,Kredit Usaha,2023-07-17,SUSPENDED,0.00,,0.1365,0.00,0
2025-08-01,ACC0000000985,CUST0000493,SAVINGS,Tabungan Haji,2023-07-11,ACTIVE,11245303.84,,0.0862,2608467.65,1
2025-08-01,ACC0000001667,CUST0000840,CREDIT_CARD,Kartu Gold,2024-01-01,ACTIVE,0.00,12165717.52,0.1186,-619680.06,2
2025-08-01,ACC0000002179,CUST0001096,LOAN,Kredit Usaha,2024-07-18,ACTIVE,0.00,,0.019,2224280.82,2
2025-08-01,ACC0000003289,CUST0001657,CREDIT_CARD,Kartu Virtual,2022-10-29,DORMANT,0.00,12424303.84,0.1205,0.00,0
2025-08-01,ACC0000003598,CUST0001814,INVESTMENT,SBN Retail,2023-08-28,ACTIVE,0.00,,0.0378,0.00,0
2025-08-01,ACC0000004035,CUST0002036,LOAN,Kredit Kendaraan,2022-07-29,ACTIVE,0.00,,0.0665,2588786.32,1
2025-08-01,ACC0000004099,CUST0002067,CREDIT_CARD,Kartu Classic,2021-07-08,ACTIVE,0.00,5627177.27,0.1426,-3371716.97,1
2025-08-01,ACC0000004561,CUST0002290,INVESTMENT,Obligasi,2021-05-04,ACTIVE,0.00,,0.1277,0.00,0
2025-08-01,ACC0000004694,CUST0002357,INVESTMENT,SBN Retail,2022-08-29,DORMANT,0.00,,0.1269,0.00,0
2025-08-01,ACC0000004809,CUST0002414,INVESTMENT,Obligasi,2021-08-13,ACTIVE,0.00,,0.0341,-287480.70,1
2025-08-01,ACC0000005308,CUST0002665,LOAN,KPR Rumah,2021-02-19,ACTIVE,0.00,,0.0515,0.00,0
2025-08-01,ACC0000005332,CUST0002676,CREDIT_CARD,Kartu Gold,2023-11-15,ACTIVE,0.00,12305332.57,0.0289,6539940.66,4
2025-08-01,ACC0000005369,CUST0002695,INVESTMENT,Obligasi,2021-08-31,ACTIVE,0.00,,0.034,2067519.35,1
2025-08-01,ACC0000006173,CUST0003102,LOAN,KPR Rumah,2023-07-06,CLOSED,0.00,,0.0956,0.00,0
2025-08-01,ACC0000006231,CUST0003130,INVESTMENT,Deposito,2024-09-01,ACTIVE,0.00,,0.0708,-1234708.76,1
2025-08-01,ACC0000006587,CUST0003309,CREDIT_CARD,Kartu Platinum,2024-04-22,ACTIVE,0.00,24113215.36,0.0736,-616311.47,7
2025-08-01,ACC0000006614,CUST0003321,LOAN,Kredit Usaha,2023-06-15,CLOSED,0.00,,0.1215,0.00,0
2025-08-01,ACC0000006822,CUST0003426,CREDIT_CARD,Kartu Virtual,2023-01-22,DORMANT,0.00,30691596.25,0.0534,0.00,0
2025-08-01,ACC0000007243,CUST0003644,LOAN,Kredit Kendaraan,2022-09-02,ACTIVE,0.00,,0.019,-2186899.21,2
2025-08-01,ACC0000007543,CUST0003789,LOAN,Kredit Kendaraan,2024-08-26,ACTIVE,0.00,,0.0377,4309111.92,1
2025-08-01,ACC0000007645,CUST0003841,CREDIT_CARD,Kartu Gold,2025-01-01,CLOSED,0.00,27445948.78,0.1056,0.00,0
2025-08-01,ACC0000007752,CUST0003896,LOAN,Kredit Usaha,2022-05-03,ACTIVE,0.00,,0.136,-555935.37,2
2025-08-01,ACC0000007919,CUST0003981,LOAN,Kredit Kendaraan,2024-05-20,DORMANT,0.00,,0.0991,0.00,0
2025-08-01,ACC0000000035,CUST0000018,INVESTMENT,Deposito,2023-04-30,ACTIVE,0.00,,0.1137,1053572.32,3
2025-08-01,ACC0000000095,CUST0000049,LOAN,KTA Personal,2022-10-11,ACTIVE,0.00,,0.1254,-4040750.78,2
2025-08-01,ACC0000000320,CUST0000159,INVESTMENT,Obligasi,2024-11-29,CLOSED,0.00,,0.0119,0.00,0
2025-08-01,ACC0000000406,CUST0000206,SAVINGS,Tabungan Berjangka,2024-05-07,ACTIVE,11822966.74,,0.0931,0.00,0
2025-08-01,ACC0000000467,CUST0000237,CREDIT_CARD,Kartu Gold,2022-04-29,ACTIVE,0.00,37548885.69,0.0295,14990690.16,4
2025-08-01,ACC0000000522,CUST0000263,INVESTMENT,Reksa Dana,2024-02-18,ACTIVE,0.00,,0.1267,-1500035.69,1
2025-08-01,ACC0000000642,CUST0000319,LOAN,Kredit Kendaraan,2023-10-13,ACTIVE,0.00,,0.0763,-1977476.27,1
2025-08-01,ACC0000001057,CUST0000528,SAVINGS,Tabungan Negara Plus,2024-06-25,ACTIVE,38073718.59,,0.0927,-5905838.57,3
2025-08-01,ACC0000001267,CUST0000637,CREDIT_CARD,Kartu Platinum,2021-09-02,ACTIVE,0.00,30979936.09,0.0387,0.00,0
2025-08-01,ACC0000001291,CUST0000650,LOAN,Kredit Kendaraan,2021-10-08,ACTIVE,0.00,,0.0675,-7374208.28,5
2025-08-01,ACC0000001321,CUST0000665,LOAN,Kredit Kendaraan,2025-02-18,ACTIVE,0.00,,0.1106,-550526.48,1
2025-08-01,ACC0000001456,CUST0000730,INVESTMENT,Reksa Dana,2025-05-11,ACTIVE,0.00,,0.0766,0.00,0
2025-08-01,ACC0000001459,CUST0000731,SAVINGS,Tabungan Haji,2023-02-16,ACTIVE,23949858.07,,0.1319,1792549.71,2
2025-08-01,ACC0000001658,CUST0000835,SAVINGS,Tabungan Berjangka,2023-07-28,ACTIVE,32429315.78,,0.1416,3508093.06,3
2025-08-01,ACC0000001947,CUST0000979,SAVINGS,Tabungan Haji,2024-04-02,ACTIVE,10403584.60,,0.0461,0.00,0
2025-08-01,ACC0000002407,CUST0001207,INVESTMENT,Deposito,2023-05-26,ACTIVE,0.00,,0.0146,3355875.37,1
2025-08-01,ACC0000002460,CUST0001236,SAVINGS,Tabungan Rencana,2024-06-27,DORMANT,13724240.94,,0.0601,0.00,0
2025-08-01,ACC0000002482,CUST0001246,INVESTMENT,SBN Retail,2023-06-24,DORMANT,0.00,,0.1072,0.00,0
2025-08-01,ACC0000002594,CUST0001304,INVESTMENT,SBN Retail,2024-09-01,DORMANT,0.00,,0.131,0.00,0
2025-08-01,ACC0000002780,CUST0001405,SAVINGS,Tabungan Haji,2021-01-02,ACTIVE,16164632.56,,0.0793,-3238992.17,1
2025-08-01,ACC0000002851,CUST0001440,CREDIT_CARD,Kartu Gold,2023-04-04,ACTIVE,0.00,6506594.44,0.0293,221909.03,1
2025-08-01,ACC0000003124,CUST0001575,INVESTMENT,SBN Retail,2024-06-22,ACTIVE,0.00,,0.0307,0.00,0
2025-08-01,ACC0000003288,CUST0001657,SAVINGS,Tabungan Berjangka,2023-01-19,SUSPENDED,47027643.45,,0.0341,0.00,0
2025-08-01,ACC0000003814,CUST0001924,CREDIT_CARD,Kartu Platinum,2021-06-20,SUSPENDED,0.00,44309631.15,0.1393,0.00,0
2025-08-01,ACC0000004030,CUST0002032,CREDIT_CARD,Kartu Gold,2024-03-17,ACTIVE,0.00,42240793.96,0.0106,412409.06,2
2025-08-01,ACC0000004166,CUST0002097,SAVINGS,Tabungan Berjangka,2021-08-21,ACTIVE,8026912.35,,0.1481,-376521.09,1
2025-08-01,ACC0000004849,CUST0002433,CREDIT_CARD,Kartu Virtual,2023-04-07,ACTIVE,0.00,29853994.30,0.0364,0.00,0
2025-08-01,ACC0000004897,CUST0002458,CREDIT_CARD,Kartu Gold,2022-12-18,DORMANT,0.00,31076715.79,0.0888,0.00,0
2025-08-01,ACC0000004947,CUST0002481,CREDIT_CARD,Kartu Gold,2024-01-10,ACTIVE,0.00,37532618.99,0.0301,155194.42,2
2025-08-01,ACC0000005693,CUST0002856,LOAN,KPR Rumah,2024-04-28,ACTIVE,0.00,,0.146,0.00,0
2025-08-01,ACC0000005737,CUST0002877,LOAN,KPR Rumah,2022-04-09,ACTIVE,0.00,,0.1053,-6481488.25,2
2025-08-01,ACC0000005921,CUST0002976,CREDIT_CARD,Kartu Classic,2024-11-14,ACTIVE,0.00,19742058.63,0.1224,4547520.56,1
2025-08-01,ACC0000006158,CUST0003095,CREDIT_CARD,Kartu Gold,2023-03-11,ACTIVE,0.00,19804295.91,0.0194,4623644.50,1
2025-08-01,ACC0000006190,CUST0003110,LOAN,KPR Rumah,2024-09-28,ACTIVE,0.00,,0.0733,0.00,0
2025-08-01,ACC0000006262,CUST0003144,LOAN,KPR Rumah,2025-03-20,ACTIVE,0.00,,0.0808,3560271.42,2
2025-08-01,ACC0000006370,CUST0003201,SAVINGS,Tabungan Haji,2025-03-30,ACTIVE,48914081.01,,0.1387,-3536271.54,2
2025-08-01,ACC0000006398,CUST0003215,SAVINGS,Tabungan Rencana,2022-10-28,ACTIVE,26635084.28,,0.0722,2119062.73,2
2025-08-01,ACC0000006485,CUST0003257,CREDIT_CARD,Kartu Gold,2024-06-22,ACTIVE,0.00,13954065.74,0.1176,0.00,0
2025-08-01,ACC0000006676,CUST0003354,INVESTMENT,SBN Retail,2022-04-02,ACTIVE,0.00,,0.1308,0.00,0
2025-08-01,ACC0000006696,CUST0003364,CREDIT_CARD,Kartu Gold,2022-02-12,ACTIVE,0.00,47974881.09,0.1315,1114401.88,1
2025-08-01,ACC0000007114,CUST0003581,CREDIT_CARD,Kartu Classic,2021-10-03,ACTIVE,0.00,35160298.92,0.1241,-3840584.42,2
2025-08-01,ACC0000007219,CUST0003633,LOAN,Kredit Kendaraan,2021-06-08,ACTIVE,0.00,,0.1165,-3999432.36,2
2025-08-01,ACC0000007287,CUST0003665,INVESTMENT,Obligasi,2024-07-13,DORMANT,0.00,,0.0294,0.00,0
2025-08-01,ACC0000007333,CUST0003686,CREDIT_CARD,Kartu Virtual,2023-07-03,ACTIVE,0.00,12665541.88,0.0884,-6591072.94,4
2025-08-01,ACC0000007482,CUST0003758,LOAN,Kredit Usaha,2021-08-19,ACTIVE,0.00,,0.1367,-2303461.84,1
2025-08-01,ACC0000007622,CUST0003828,CREDIT_CARD,Kartu Platinum,2023-11-06,ACTIVE,0.00,6425400.59,0.0252,-7579256.43,2
2025-08-01,ACC0000007716,CUST0003878,LOAN,Kredit Usaha,2023-05-05,SUSPENDED,0.00,,0.0341,0.00,0
2025-08-01,ACC0000007822,CUST0003930,CREDIT_CARD,Kartu Classic,2023-01-15,ACTIVE,0.00,48849905.89,0.0153,2977454.31,3
2025-08-01,ACC0000000077,CUST0000040,SAVINGS,Tabungan Haji,2024-07-14,ACTIVE,22328908.32,,0.0637,1960703.46,1
2025-08-01,ACC0000000380,CUST0000191,CREDIT_CARD,Kartu Gold,2021-09-24,ACTIVE,0.00,26879291.86,0.0927,-4023521.07,1
2025-08-01,ACC0000000481,CUST0000242,LOAN,KPR Rumah,2023-08-15,DORMANT,0.00,,0.0107,0.00,0
2025-08-01,ACC0000000613,CUST0000307,LOAN,Kredit Kendaraan,2022-10-06,DORMANT,0.00,,0.055,0.00,0
2025-08-01,ACC0000000691,CUST0000343,LOAN,Kredit Kendaraan,2023-09-25,ACTIVE,0.00,,0.0685,5955179.17,4
2025-08-01,ACC0000000890,CUST0000442,INVESTMENT,Deposito,2022-04-10,ACTIVE,0.00,,0.1153,-7064951.99,3
2025-08-01,ACC0000000905,CUST0000452,CREDIT_CARD,Kartu Virtual,2022-12-17,ACTIVE,0.00,26124577.42,0.0143,-1157821.65,5
2025-08-01,ACC0000000957,CUST0000480,LOAN,Kredit Usaha,2023-08-05,ACTIVE,0.00,,0.0586,0.00,0
2025-08-01,ACC0000001411,CUST0000711,LOAN,KTA Personal,2022-12-28,ACTIVE,0.00,,0.067,1198496.92,3
2025-08-01,ACC0000001538,CUST0000772,SAVINGS,Tabungan Haji,2025-05-26,ACTIVE,27684080.76,,0.0853,2910492.59,1
2025-08-01,ACC0000001622,CUST0000817,CREDIT_CARD,Kartu Classic,2023-07-16,ACTIVE,0.00,22442912.32,0.1357,5982410.40,2
2025-08-01,ACC0000001880,CUST0000946,LOAN,Kredit Usaha,2023-06-30,ACTIVE,0.00,,0.0316,0.00,0
2025-08-01,ACC0000002164,CUST0001089,INVESTMENT,Deposito,2023-04-18,ACTIVE,0.00,,0.1184,247495.48,1
2025-08-01,ACC0000002731,CUST0001380,CREDIT_CARD,Kartu Classic,2021-07-24,ACTIVE,0.00,28825993.84,0.117,-1247445.63,5
2025-08-01,ACC0000003103,CUST0001562,SAVINGS,Tabungan Haji,2022-05-08,ACTIVE,29648563.30,,0.0795,-1718046.38,1
2025-08-01,ACC0000003215,CUST0001623,LOAN,KTA Personal,2023-01-25,CLOSED,0.00,,0.0812,0.00,0
2025-08-01,ACC0000003351,CUST0001686,LOAN,Kredit Kendaraan,2022-07-05,ACTIVE,0.00,,0.1253,-4975782.50,1
2025-08-01,ACC0000003519,CUST0001770,CREDIT_CARD,Kartu Virtual,2022-04-28,ACTIVE,0.00,46606059.01,0.0517,0.00,0
2025-08-01,ACC0000003644,CUST0001838,INVESTMENT,Obligasi,2021-09-07,ACTIVE,0.00,,0.0963,2678940.55,3
2025-08-01,ACC0000003767,CUST0001898,LOAN,Kredit Kendaraan,2024-06-13,ACTIVE,0.00,,0.0288,0.00,0
2025-08-01,ACC0000003879,CUST0001955,LOAN,Kredit Usaha,2022-03-21,DORMANT,0.00,,0.1359,0.00,0
2025-08-01,ACC0000004217,CUST0002123,INVESTMENT,Obligasi,2022-07-14,ACTIVE,0.00,,0.097,4094649.97,2
2025-08-01,ACC0000004276,CUST0002151,CREDIT_CARD,Kartu Gold,2024-05-11,ACTIVE,0.00,6364657.46,0.1281,4849648.23,1
2025-08-01,ACC0000004364,CUST0002195,SAVINGS,Tabungan Rencana,2021-04-05,ACTIVE,31903921.07,,0.1127,4114626.24,1
2025-08-01,ACC0000004552,CUST0002285,SAVINGS,Tabungan Berjangka,2023-06-26,DORMANT,14201801.99,,0.0856,0.00,0
2025-08-01,ACC0000004919,CUST0002468,CREDIT_CARD,Kartu Classic,2021-03-18,ACTIVE,0.00,13144026.27,0.0125,5678741.50,2
2025-08-01,ACC0000005120,CUST0002571,CREDIT_CARD,Kartu Platinum,2022-10-21,ACTIVE,0.00,23591761.12,0.0769,4488959.60,1
2025-08-01,ACC0000005167,CUST0002592,SAVINGS,Tabungan Rencana,2025-04-23,DORMANT,17681949.19,,0.1342,0.00,0
2025-08-01,ACC0000005170,CUST0002594,INVESTMENT,Deposito,2024-09-27,ACTIVE,0.00,,0.1137,-5231501.89,5
2025-08-01,ACC0000005670,CUST0002845,INVESTMENT,Reksa Dana,2025-04-13,ACTIVE,0.00,,0.1352,-3277382.01,1
2025-08-01,ACC0000006013,CUST0003022,INVESTMENT,Obligasi,2021-03-22,ACTIVE,0.00,,0.084,-4528381.77,1
2025-08-01,ACC0000006037,CUST0003034,LOAN,KPR Rumah,2025-05-31,ACTIVE,0.00,,0.1426,0.00,0
2025-08-01,ACC0000006914,CUST0003475,CREDIT_CARD,Kartu Classic,2025-04-30,ACTIVE,0.00,43150387.80,0.0979,6266713.51,2
2025-08-01,ACC0000007198,CUST0003621,LOAN,KTA Personal,2022-02-06,ACTIVE,0.00,,0.0517,-116428.55,3
2025-08-01,ACC0000007490,CUST0003762,INVESTMENT,Deposito,2022-02-18,ACTIVE,0.00,,0.1281,-2166483.49,3
2025-08-01,ACC0000000184,CUST0000090,CREDIT_CARD,Kartu Gold,2021-11-22,ACTIVE,0.00,5799823.84,0.11,-7739436.08,3
2025-08-01,ACC0000000203,CUST0000102,SAVINGS,Tabungan Negara Plus,2022-12-26,ACTIVE,48622680.70,,0.0668,0.00,0
2025-08-01,ACC0000000511,CUST0000258,SAVINGS,Tabungan Haji,2022-12-04,ACTIVE,45655093.06,,0.1305,4048374.97,1
2025-08-01,ACC0000000544,CUST0000274,LOAN,KPR Rumah,2024-09-14,ACTIVE,0.00,,0.0737,911776.89,1
2025-08-01,ACC0000000670,CUST0000331,SAVINGS,Tabungan Negara Plus,2023-11-22,ACTIVE,4510385.63,,0.1322,414794.53,1
2025-08-01,ACC0000000962,CUST0000482,INVESTMENT,Deposito,2022-07-05,ACTIVE,0.00,,0.0764,0.00,0
2025-08-01,ACC0000001580,CUST0000794,CREDIT_CARD,Kartu Classic,2024-06-22,ACTIVE,0.00,32503287.60,0.0618,1216124.46,2
2025-08-01,ACC0000001594,CUST0000802,SAVINGS,Tabungan Haji,2022-10-16,ACTIVE,15026230.72,,0.0413,4073643.45,3
2025-08-01,ACC0000002172,CUST0001092,SAVINGS,Tabungan Berjangka,2024-10-30,ACTIVE,34358939.95,,0.1433,-3863663.48,2
2025-08-01,ACC0000002323,CUST0001163,CREDIT_CARD,Kartu Platinum,2025-06-17,ACTIVE,0.00,8120808.55,0.0747,-4395931.75,1
2025-08-01,ACC0000002386,CUST0001195,INVESTMENT,Obligasi,2024-01-03,ACTIVE,0.00,,0.1371,-2055071.49,1
2025-08-01,ACC0000002713,CUST0001370,INVESTMENT,SBN Retail,2024-05-02,ACTIVE,0.00,,0.0512,-1613875.32,1
2025-08-01,ACC0000003070,CUST0001546,SAVINGS,Tabungan Rencana,2023-07-03,ACTIVE,28133686.41,,0.0437,0.00,0
2025-08-01,ACC0000003379,CUST0001699,CREDIT_CARD,Kartu Gold,2025-02-09,CLOSED,0.00,49003357.79,0.0311,0.00,0
2025-08-01,ACC0000003563,CUST0001796,LOAN,Kredit Kendaraan,2023-07-24,ACTIVE,0.00,,0.0212,0.00,0
2025-08-01,ACC0000003766,CUST0001898,INVESTMENT,SBN Retail,2024-06-09,ACTIVE,0.00,,0.1186,-754029.79,2
2025-08-01,ACC0000003914,CUST0001974,INVESTMENT,Deposito,2025-01-10,ACTIVE,0.00,,0.0359,3915580.04,2
2025-08-01,ACC0000003922,CUST0001978,INVESTMENT,SBN Retail,2024-01-21,ACTIVE,0.00,,0.0876,1076763.57,2
2025-08-01,ACC0000004469,CUST0002243,CREDIT_CARD,Kartu Virtual,2021-06-23,ACTIVE,0.00,47832938.16,0.122,0.00,0
2025-08-01,ACC0000004801,CUST0002409,SAVINGS,Tabungan Rencana,2024-08-20,ACTIVE,1897670.77,,0.0923,0.00,0
2025-08-01,ACC0000004932,CUST0002474,INVESTMENT,Obligasi,2022-12-21,DORMANT,0.00,,0.1362,0.00,0
2025-08-01,ACC0000005077,CUST0002547,LOAN,Kredit Kendaraan,2023-01-01,DORMANT,0.00,,0.0967,0.00,0
2025-08-01,ACC0000005388,CUST0002705,LOAN,KTA Personal,2025-01-23,ACTIVE,0.00,,0.0908,-1491819.16,1
2025-08-01,ACC0000005461,CUST0002739,LOAN,KTA Personal,2022-03-13,ACTIVE,0.00,,0.0772,-6027182.86,5
2025-08-01,ACC0000005668,CUST0002844,INVESTMENT,Deposito,2022-08-03,ACTIVE,0.00,,0.0429,5313760.60,2
2025-08-01,ACC0000005798,CUST0002913,LOAN,KTA Personal,2023-09-21,ACTIVE,0.00,,0.0403,0.00,0
2025-08-01,ACC0000005802,CUST0002916,INVESTMENT,Obligasi,2023-02-21,CLOSED,0.00,,0.0251,0.00,0
2025-08-01,ACC0000005851,CUST0002943,CREDIT_CARD,Kartu Classic,2024-12-07,ACTIVE,0.00,36380936.48,0.1364,0.00,0
2025-08-01,ACC0000005906,CUST0002969,INVESTMENT,Deposito,2023-06-16,ACTIVE,0.00,,0.1352,-3848053.82,2
2025-08-01,ACC0000005995,CUST0003013,SAVINGS,Tabungan Negara Plus,2022-12-11,DORMANT,32575670.68,,0.077,0.00,0
2025-08-01,ACC0000006015,CUST0003024,SAVINGS,Tabungan Haji,2023-07-18,CLOSED,24070392.67,,0.0529,0.00,0
2025-08-01,ACC0000006155,CUST0003093,LOAN,KPR Rumah,2024-11-01,ACTIVE,0.00,,0.0993,-4069540.32,2
2025-08-01,ACC0000006580,CUST0003305,CREDIT_CARD,Kartu Platinum,2021-11-01,SUSPENDED,0.00,30928101.91,0.1169,0.00,0
2025-08-01,ACC0000006599,CUST0003314,INVESTMENT,SBN Retail,2022-05-18,ACTIVE,0.00,,0.0873,-2625660.67,2
2025-08-01,ACC0000006710,CUST0003371,LOAN,KTA Personal,2021-10-22,ACTIVE,0.00,,0.1363,0.00,0
2025-08-01,ACC0000006818,CUST0003424,INVESTMENT,Obligasi,2023-08-01,ACTIVE,0.00,,0.0881,0.00,0
2025-08-01,ACC0000007402,CUST0003721,LOAN,KTA Personal,2023-05-26,SUSPENDED,0.00,,0.0927,0.00,0
2025-08-01,ACC0000007516,CUST0003775,CREDIT_CARD,Kartu Gold,2023-06-02,ACTIVE,0.00,10192438.61,0.0836,0.00,0
2025-08-01,ACC0000007821,CUST0003930,SAVINGS,Tabungan Haji,2023-02-04,CLOSED,17222926.02,,0.0527,0.00,0
2025-08-01,ACC0000000242,CUST0000122,SAVINGS,Tabungan Negara Plus,2022-09-26,ACTIVE,40516138.63,,0.1454,-4530488.04,3
2025-08-01,ACC0000000330,CUST0000165,INVESTMENT,Reksa Dana,2024-01-03,ACTIVE,0.00,,0.0785,258068.42,5
2025-08-01,ACC0000000434,CUST0000218,LOAN,KPR Rumah,2021-07-10,ACTIVE,0.00,,0.1076,-1623624.33,2
2025-08-01,ACC0000000824,CUST0000410,LOAN,KPR Rumah,2021-07-13,ACTIVE,0.00,,0.0401,0.00,0
2025-08-01,ACC0000000927,CUST0000462,SAVINGS,Tabungan Berjangka,2021-09-12,CLOSED,40420371.65,,0.113,0.00,0
2025-08-01,ACC0000001023,CUST0000512,SAVINGS,Tabungan Berjangka,2023-01-29,ACTIVE,44547828.93,,0.1186,-2283180.83,3
2025-08-01,ACC0000001292,CUST0000651,LOAN,KTA Personal,2021-12-22,ACTIVE,0.00,,0.0992,0.00,0
2025-08-01,ACC0000002513,CUST0001262,SAVINGS,Tabungan Berjangka,2021-09-21,ACTIVE,15150902.52,,0.0538,141266.52,3
2025-08-01,ACC0000002613,CUST0001314,CREDIT_CARD,Kartu Virtual,2025-04-09,ACTIVE,0.00,34570023.40,0.0157,0.00,0
2025-08-01,ACC0000002721,CUST0001375,SAVINGS,Tabungan Negara Plus,2021-08-02,ACTIVE,43574719.37,,0.1269,-3687924.49,1
2025-08-01,ACC0000002866,CUST0001448,SAVINGS,Tabungan Rencana,2023-10-24,DORMANT,46617397.58,,0.1185,0.00,0
2025-08-01,ACC0000002933,CUST0001480,INVESTMENT,SBN Retail,2022-01-28,ACTIVE,0.00,,0.141,0.00,0
2025-08-01,ACC0000003078,CUST0001549,CREDIT_CARD,Kartu Gold,2024-04-27,ACTIVE,0.00,32843598.60,0.0457,6736568.11,2
2025-08-01,ACC0000003429,CUST0001723,SAVINGS,Tabungan Haji,2023-02-13,ACTIVE,32844019.72,,0.0155,4239920.17,2
2025-08-01,ACC0000003735,CUST0001880,LOAN,Kredit Kendaraan,2024-10-27,CLOSED,0.00,,0.1381,0.00,0
2025-08-01,ACC0000003853,CUST0001944,INVESTMENT,Reksa Dana,2025-03-01,ACTIVE,0.00,,0.0842,511759.06,2
2025-08-01,ACC0000004054,CUST0002046,SAVINGS,Tabungan Haji,2024-09-28,ACTIVE,28831243.28,,0.0782,-3760250.15,1
2025-08-01,ACC0000004199,CUST0002116,SAVINGS,Tabungan Berjangka,2022-04-02,ACTIVE,20348098.06,,0.0411,3598199.70,1
2025-08-01,ACC0000004218,CUST0002124,SAVINGS,Tabungan Berjangka,2023-05-17,ACTIVE,28668427.30,,0.0123,-6366121.76,3
2025-08-01,ACC0000004477,CUST0002249,SAVINGS,Tabungan Berjangka,2023-04-16,ACTIVE,15260485.21,,0.1068,-3799845.21,2
2025-08-01,ACC0000004635,CUST0002327,LOAN,Kredit Kendaraan,2021-11-30,ACTIVE,0.00,,0.1322,-461415.58,1
2025-08-01,ACC0000005142,CUST0002581,CREDIT_CARD,Kartu Gold,2022-08-17,ACTIVE,0.00,39974461.73,0.0723,7271827.28,2
2025-08-01,ACC0000005713,CUST0002866,CREDIT_CARD,Kartu Classic,2025-03-18,ACTIVE,0.00,6579665.86,0.0614,-700576.00,3
2025-08-01,ACC0000005826,CUST0002928,INVESTMENT,Obligasi,2021-09-03,ACTIVE,0.00,,0.0562,576962.74,1
2025-08-01,ACC0000005892,CUST0002963,INVESTMENT,Reksa Dana,2024-02-16,ACTIVE,0.00,,0.1419,3397878.11,1
2025-08-01,ACC0000006186,CUST0003108,INVESTMENT,Reksa Dana,2022-12-15,ACTIVE,0.00,,0.0838,0.00,0
2025-08-01,ACC0000006225,CUST0003127,SAVINGS,Tabungan Rencana,2024-11-19,DORMANT,22177835.44,,0.0421,0.00,0
2025-08-01,ACC0000006515,CUST0003271,SAVINGS,Tabungan Rencana,2023-07-13,DORMANT,46956714.00,,0.0901,0.00,0
2025-08-01,ACC0000006626,CUST0003328,CREDIT_CARD,Kartu Platinum,2024-07-12,DORMANT,0.00,38851284.57,0.0269,0.00,0
2025-08-01,ACC0000006682,CUST0003357,SAVINGS,Tabungan Haji,2023-10-31,ACTIVE,39750727.04,,0.1224,0.00,0
2025-08-01,ACC0000006852,CUST0003440,SAVINGS,Tabungan Berjangka,2024-10-05,CLOSED,33592696.02,,0.0473,0.00,0
2025-08-01,ACC0000007254,CUST0003649,INVESTMENT,Deposito,2024-08-12,ACTIVE,0.00,,0.0253,6655643.09,4
2025-08-01,ACC0000007519,CUST0003777,SAVINGS,Tabungan Berjangka,2024-06-13,ACTIVE,47929392.93,,0.1354,-4584536.72,1
2025-08-01,ACC0000007718,CUST0003880,LOAN,KTA Personal,2024-09-21,ACTIVE,0.00,,0.0815,91361.43,1
2025-08-01,ACC0000007781,CUST0003912,SAVINGS,Tabungan Rencana,2024-03-05,ACTIVE,36910510.71,,0.0289,-1198813.94,2
2025-08-01,ACC0000007860,CUST0003950,INVESTMENT,SBN Retail,2021-11-26,ACTIVE,0.00,,0.1462,206770.50,3
2025-08-01,ACC0000000196,CUST0000097,SAVINGS,Tabungan Haji,2022-10-15,ACTIVE,24326192.93,,0.0784,-2713588.01,2
2025-08-01,ACC0000000442,CUST0000223,INVESTMENT,Deposito,2023-06-03,ACTIVE,0.00,,0.0757,-1832203.31,1
2025-08-01,ACC0000000508,CUST0000257,CREDIT_CARD,Kartu Platinum,2021-08-31,ACTIVE,0.00,12364127.83,0.1363,-3025995.28,1
2025-08-01,ACC0000000684,CUST0000339,CREDIT_CARD,Kartu Virtual,2024-03-01,ACTIVE,0.00,37429932.70,0.0308,0.00,0
2025-08-01,ACC0000000974,CUST0000489,SAVINGS,Tabungan Rencana,2023-04-19,ACTIVE,46822058.70,,0.0917,762239.01,2
2025-08-01,ACC0000001172,CUST0000588,LOAN,KTA Personal,2025-06-27,CLOSED,0.00,,0.1312,0.00,0
2025-08-01,ACC0000001347,CUST0000677,SAVINGS,Tabungan Rencana,2022-08-07,ACTIVE,19628244.57,,0.1339,1248285.67,3
2025-08-01,ACC0000001527,CUST0000765,SAVINGS,Tabungan Rencana,2023-01-20,ACTIVE,24226972.46,,0.0988,0.00,0
2025-08-01,ACC0000001676,CUST0000845,LOAN,KPR Rumah,2025-02-25,DORMANT,0.00,,0.1327,0.00,0
2025-08-01,ACC0000002314,CUST0001158,LOAN,Kredit Usaha,2021-09-18,ACTIVE,0.00,,0.044,494562.05,1
2025-08-01,ACC0000002758,CUST0001394,INVESTMENT,Deposito,2023-03-04,ACTIVE,0.00,,0.0986,5181601.70,3
2025-08-01,ACC0000003027,CUST0001526,CREDIT_CARD,Kartu Platinum,2022-10-10,SUSPENDED,0.00,29919958.44,0.0206,0.00,0
2025-08-01,ACC0000003137,CUST0001580,CREDIT_CARD,Kartu Classic,2023-09-11,ACTIVE,0.00,26329918.37,0.0116,5528566.31,3
2025-08-01,ACC0000003554,CUST0001791,SAVINGS,Tabungan Haji,2023-12-25,ACTIVE,37665696.50,,0.0126,106376.92,2
2025-08-01,ACC0000003765,CUST0001898,CREDIT_CARD,Kartu Classic,2024-03-20,ACTIVE,0.00,42463111.07,0.0811,-6607103.97,4
2025-08-01,ACC0000003803,CUST0001919,LOAN,Kredit Usaha,2022-01-29,ACTIVE,0.00,,0.1071,-852847.86,2
2025-08-01,ACC0000003848,CUST0001941,CREDIT_CARD,Kartu Classic,2024-01-05,CLOSED,0.00,25298008.43,0.0238,0.00,0
2025-08-01,ACC0000004037,CUST0002037,SAVINGS,Tabungan Haji,2025-01-02,ACTIVE,4678111.88,,0.1499,5370959.51,2
2025-08-01,ACC0000004183,CUST0002108,SAVINGS,Tabungan Berjangka,2022-05-22,ACTIVE,5383721.27,,0.1077,0.00,0
2025-08-01,ACC0000004242,CUST0002134,SAVINGS,Tabungan Rencana,2024-03-06,ACTIVE,21087310.85,,0.0657,-2905815.24,1
2025-08-01,ACC0000004255,CUST0002141,SAVINGS,Tabungan Berjangka,2022-05-10,ACTIVE,22851155.14,,0.1107,0.00,0
2025-08-01,ACC0000004383,CUST0002203,CREDIT_CARD,Kartu Platinum,2024-03-05,ACTIVE,0.00,11191117.19,0.0294,-5280118.18,2
2025-08-01,ACC0000004856,CUST0002435,INVESTMENT,Deposito,2025-06-23,DORMANT,0.00,,0.0723,0.00,0
2025-08-01,ACC0000004921,CUST0002469,LOAN,KPR Rumah,2022-07-15,ACTIVE,0.00,,0.0258,-4935546.41,1
2025-08-01,ACC0000005004,CUST0002509,LOAN,Kredit Usaha,2022-08-27,ACTIVE,0.00,,0.0879,2390618.09,2
2025-08-01,ACC0000005047,CUST0002529,SAVINGS,Tabungan Haji,2021-07-14,DORMANT,34783850.46,,0.1004,0.00,0
2025-08-01,ACC0000005115,CUST0002569,SAVINGS,Tabungan Rencana,2025-01-29,ACTIVE,49644199.30,,0.0702,-1183889.31,4
2025-08-01,ACC0000005134,CUST0002577,SAVINGS,Tabungan Berjangka,2024-02-02,ACTIVE,45672643.44,,0.0249,0.00,0
2025-08-01,ACC0000005191,CUST0002605,CREDIT_CARD,Kartu Platinum,2023-12-19,ACTIVE,0.00,10379480.12,0.1422,0.00,0
2025-08-01,ACC0000005486,CUST0002752,INVESTMENT,Deposito,2022-01-27,DORMANT,0.00,,0.111,0.00,0
2025-08-01,ACC0000005621,CUST0002822,INVESTMENT,Deposito,2024-06-02,ACTIVE,0.00,,0.112,0.00,0
2025-08-01,ACC0000005651,CUST0002836,CREDIT_CARD,Kartu Classic,2022-08-21,SUSPENDED,0.00,25653625.91,0.1211,0.00,0
2025-08-01,ACC0000005658,CUST0002838,LOAN,Kredit Kendaraan,2022-07-04,ACTIVE,0.00,,0.1255,0.00,0
2025-08-01,ACC0000006188,CUST0003109,INVESTMENT,SBN Retail,2021-11-19,ACTIVE,0.00,,0.1084,45024.30,1
2025-08-01,ACC0000007057,CUST0003549,LOAN,KPR Rumah,2022-07-01,ACTIVE,0.00,,0.0814,-4813894.16,4
2025-08-01,ACC0000007217,CUST0003632,LOAN,Kredit Usaha,2024-05-09,ACTIVE,0.00,,0.1026,-11757297.64,3
2025-08-01,ACC0000007222,CUST0003635,INVESTMENT,Deposito,2022-03-17,CLOSED,0.00,,0.1292,0.00,0
2025-08-01,ACC0000007306,CUST0003672,LOAN,Kredit Usaha,2021-06-10,ACTIVE,0.00,,0.1231,1177678.51,1
2025-08-01,ACC0000007426,CUST0003732,INVESTMENT,Deposito,2021-06-17,ACTIVE,0.00,,0.0738,317835.74,4
2025-08-01,ACC0000007436,CUST0003735,LOAN,KPR Rumah,2023-12-18,ACTIVE,0.00,,0.0236,3978397.62,1
2025-08-01,ACC0000007457,CUST0003748,CREDIT_CARD,Kartu Virtual,2022-09-02,ACTIVE,0.00,29535973.99,0.1361,-9803048.50,3
2025-08-01,ACC0000007497,CUST0003765,SAVINGS,Tabungan Haji,2024-06-08,ACTIVE,41968289.69,,0.0495,-4100947.39,4
2025-08-01,ACC0000007528,CUST0003782,INVESTMENT,SBN Retail,2023-08-12,ACTIVE,0.00,,0.0595,3517618.93,6
2025-08-01,ACC0000007784,CUST0003914,INVESTMENT,Obligasi,2022-10-30,CLOSED,0.00,,0.0123,0.00,0
2025-08-01,ACC0000000365,CUST0000182,LOAN,Kredit Kendaraan,2025-03-10,ACTIVE,0.00,,0.0819,538920.81,2
2025-08-01,ACC0000000696,CUST0000346,SAVINGS,Tabungan Haji,2024-02-02,ACTIVE,41931986.68,,0.1203,-757783.42,2
2025-08-01,ACC0000000724,CUST0000359,INVESTMENT,Obligasi,2024-01-06,ACTIVE,0.00,,0.0391,0.00,0
2025-08-01,ACC0000000775,CUST0000385,SAVINGS,Tabungan Haji,2025-03-22,ACTIVE,10010373.94,,0.0619,514759.49,2
2025-08-01,ACC0000000844,CUST0000419,SAVINGS,Tabungan Haji,2024-02-26,ACTIVE,17183043.35,,0.0177,5230635.48,7
2025-08-01,ACC0000001111,CUST0000555,INVESTMENT,SBN Retail,2023-03-16,ACTIVE,0.00,,0.0462,2108039.69,1
2025-08-01,ACC0000001502,CUST0000753,INVESTMENT,SBN Retail,2023-11-15,DORMANT,0.00,,0.0271,0.00,0
2025-08-01,ACC0000001739,CUST0000878,LOAN,KPR Rumah,2025-03-09,ACTIVE,0.00,,0.0833,5163515.29,4
2025-08-01,ACC0000001765,CUST0000890,SAVINGS,Tabungan Haji,2024-01-30,ACTIVE,41632795.93,,0.0995,-2147503.71,3
2025-08-01,ACC0000002015,CUST0001014,INVESTMENT,Deposito,2022-06-08,ACTIVE,0.00,,0.0805,13403196.03,3
2025-08-01,ACC0000002860,CUST0001446,SAVINGS,Tabungan Berjangka,2023-02-21,SUSPENDED,45424784.07,,0.015,0.00,0
2025-08-01,ACC0000004190,CUST0002112,LOAN,KTA Personal,2024-12-13,ACTIVE,0.00,,0.0124,-1580997.05,5
2025-08-01,ACC0000004529,CUST0002277,CREDIT_CARD,Kartu Virtual,2021-04-11,DORMANT,0.00,33990450.52,0.1303,0.00,0
2025-08-01,ACC0000004765,CUST0002388,LOAN,KPR Rumah,2023-09-23,ACTIVE,0.00,,0.0224,-1550224.59,2
2025-08-01,ACC0000004949,CUST0002482,SAVINGS,Tabungan Berjangka,2023-11-13,SUSPENDED,16223101.49,,0.0903,0.00,0
2025-08-01,ACC0000005230,CUST0002626,CREDIT_CARD,Kartu Gold,2024-09-03,ACTIVE,0.00,26985517.36,0.0803,-3273164.45,2
2025-08-01,ACC0000005325,CUST0002672,SAVINGS,Tabungan Berjangka,2023-10-26,ACTIVE,26312537.74,,0.1078,0.00,0
2025-08-01,ACC0000005575,CUST0002797,LOAN,KPR Rumah,2023-08-04,ACTIVE,0.00,,0.064,0.00,0
2025-08-01,ACC0000005659,CUST0002839,INVESTMENT,Obligasi,2022-03-28,ACTIVE,0.00,,0.1395,3632324.55,1
2025-08-01,ACC0000005665,CUST0002842,INVESTMENT,Deposito,2024-02-19,DORMANT,0.00,,0.1018,0.00,0
2025-08-01,ACC0000005702,CUST0002860,LOAN,Kredit Usaha,2023-07-22,ACTIVE,0.00,,0.1406,0.00,0
2025-08-01,ACC0000005808,CUST0002918,INVESTMENT,SBN Retail,2024-07-26,DORMANT,0.00,,0.0527,0.00,0
2025-08-01,ACC0000006401,CUST0003216,CREDIT_CARD,Kartu Virtual,2021-02-06,SUSPENDED,0.00,14782887.15,0.0548,0.00,0
2025-08-01,ACC0000006436,CUST0003234,LOAN,KTA Personal,2022-08-24,ACTIVE,0.00,,0.0522,-1690934.66,2
2025-08-01,ACC0000006517,CUST0003272,INVESTMENT,Reksa Dana,2023-11-03,DORMANT,0.00,,0.0741,0.00,0
2025-08-01,ACC0000007272,CUST0003658,LOAN,Kredit Kendaraan,2023-01-31,CLOSED,0.00,,0.0282,0.00,0
2025-08-01,ACC0000007485,CUST0003760,CREDIT_CARD,Kartu Virtual,2024-11-15,ACTIVE,0.00,37945788.95,0.0652,-3439348.88,1
2025-08-01,ACC0000007606,CUST0003820,LOAN,KPR Rumah,2024-11-07,SUSPENDED,0.00,,0.0713,0.00,0
2025-08-01,ACC0000007644,CUST0003840,CREDIT_CARD,Kartu Classic,2022-09-26,ACTIVE,0.00,22743727.04,0.1177,0.00,0
2025-08-01,ACC0000007680,CUST0003858,LOAN,Kredit Usaha,2023-04-07,DORMANT,0.00,,0.0846,0.00,0
2025-08-01,ACC0000007842,CUST0003940,LOAN,KTA Personal,2024-10-29,ACTIVE,0.00,,0.1469,5818895.70,2
2025-08-01,ACC0000000490,CUST0000247,CREDIT_CARD,Kartu Gold,2024-03-19,CLOSED,0.00,37306992.52,0.1466,0.00,0
2025-08-01,ACC0000000723,CUST0000358,LOAN,Kredit Kendaraan,2024-04-28,ACTIVE,0.00,,0.0185,-4745994.14,4
2025-08-01,ACC0000000825,CUST0000411,INVESTMENT,Deposito,2023-06-30,ACTIVE,0.00,,0.0692,5735959.84,2
2025-08-01,ACC0000001003,CUST0000500,LOAN,Kredit Usaha,2021-11-04,ACTIVE,0.00,,0.0366,0.00,0
2025-08-01,ACC0000001132,CUST0000566,CREDIT_CARD,Kartu Gold,2021-11-21,DORMANT,0.00,47243134.56,0.0869,0.00,0
2025-08-01,ACC0000001415,CUST0000713,INVESTMENT,Reksa Dana,2022-08-16,SUSPENDED,0.00,,0.0719,0.00,0
2025-08-01,ACC0000001631,CUST0000822,INVESTMENT,Obligasi,2021-06-28,ACTIVE,0.00,,0.1458,-738587.20,3
2025-08-01,ACC0000001857,CUST0000934,SAVINGS,Tabungan Berjangka,2022-09-18,CLOSED,13736080.86,,0.0762,0.00,0
2025-08-01,ACC0000002023,CUST0001018,CREDIT_CARD,Kartu Platinum,2023-12-28,DORMANT,0.00,18821778.07,0.1132,0.00,0
2025-08-01,ACC0000002204,CUST0001106,CREDIT_CARD,Kartu Platinum,2023-02-06,ACTIVE,0.00,46890620.05,0.0771,-9311745.30,4
2025-08-01,ACC0000002265,CUST0001135,SAVINGS,Tabungan Berjangka,2023-01-15,ACTIVE,17233688.57,,0.1301,-5765852.44,2
2025-08-01,ACC0000003244,CUST0001636,LOAN,KPR Rumah,2024-12-18,CLOSED,0.00,,0.0145,0.00,0
2025-08-01,ACC0000003360,CUST0001691,LOAN,Kredit Usaha,2023-03-10,DORMANT,0.00,,0.0632,0.00,0
2025-08-01,ACC0000003369,CUST0001694,CREDIT_CARD,Kartu Gold,2021-10-17,ACTIVE,0.00,37752186.20,0.0309,1913364.34,1
2025-08-01,ACC0000003556,CUST0001791,INVESTMENT,SBN Retail,2024-04-21,CLOSED,0.00,,0.0993,0.00,0
2025-08-01,ACC0000003676,CUST0001854,SAVINGS,Tabungan Negara Plus,2022-04-29,DORMANT,29778246.72,,0.0846,0.00,0
2025-08-01,ACC0000003926,CUST0001980,LOAN,KTA Personal,2024-08-19,DORMANT,0.00,,0.0738,0.00,0
2025-08-01,ACC0000004132,CUST0002080,SAVINGS,Tabungan Haji,2022-07-13,ACTIVE,8038592.89,,0.1497,-508372.39,1
2025-08-01,ACC0000004473,CUST0002246,LOAN,KPR Rumah,2021-07-01,ACTIVE,0.00,,0.095,22902.50,3
2025-08-01,ACC0000004476,CUST0002248,INVESTMENT,Deposito,2024-06-19,ACTIVE,0.00,,0.1464,-3803826.93,2
2025-08-01,ACC0000004553,CUST0002286,INVESTMENT,SBN Retail,2024-08-13,ACTIVE,0.00,,0.1212,-3374993.71,3
2025-08-01,ACC0000004565,CUST0002292,CREDIT_CARD,Kartu Platinum,2023-03-19,ACTIVE,0.00,38325822.59,0.0846,-1827216.97,1
2025-08-01,ACC0000004697,CUST0002360,SAVINGS,Tabungan Haji,2023-07-01,ACTIVE,48931497.62,,0.1471,1356616.35,1
2025-08-01,ACC0000005152,CUST0002586,CREDIT_CARD,Kartu Platinum,2022-01-01,CLOSED,0.00,14019140.83,0.0541,0.00,0
2025-08-01,ACC0000005454,CUST0002735,SAVINGS,Tabungan Negara Plus,2023-07-01,ACTIVE,18211340.82,,0.1147,1461910.12,1
2025-08-01,ACC0000005567,CUST0002792,SAVINGS,Tabungan Berjangka,2021-10-29,ACTIVE,32422704.64,,0.0426,3927242.23,2
2025-08-01,ACC0000005823,CUST0002926,CREDIT_CARD,Kartu Platinum,2024-08-31,ACTIVE,0.00,32074065.35,0.1131,810642.75,3
2025-08-01,ACC0000006135,CUST0003083,LOAN,Kredit Kendaraan,2022-11-10,ACTIVE,0.00,,0.1274,0.00,0
2025-08-01,ACC0000006148,CUST0003089,INVESTMENT,Reksa Dana,2021-05-13,ACTIVE,0.00,,0.0226,-5201628.97,3
2025-08-01,ACC0000006292,CUST0003160,LOAN,KPR Rumah,2023-12-21,ACTIVE,0.00,,0.0722,0.00,0
2025-08-01,ACC0000006582,CUST0003306,INVESTMENT,Obligasi,2023-08-16,ACTIVE,0.00,,0.0797,4044379.90,3
2025-08-01,ACC0000006694,CUST0003362,SAVINGS,Tabungan Rencana,2024-03-14,ACTIVE,35429982.93,,0.1181,-2650733.67,1
2025-08-01,ACC0000007026,CUST0003533,CREDIT_CARD,Kartu Platinum,2024-05-16,ACTIVE,0.00,41663675.38,0.0389,5452722.91,3
2025-08-01,ACC0000007314,CUST0003677,LOAN,KPR Rumah,2022-08-09,ACTIVE,0.00,,0.0149,0.00,0
2025-08-01,ACC0000007322,CUST0003680,LOAN,Kredit Usaha,2022-11-02,ACTIVE,0.00,,0.0404,-9382315.06,4
2025-08-01,ACC0000007569,CUST0003801,CREDIT_CARD,Kartu Classic,2024-12-16,ACTIVE,0.00,18754303.01,0.0339,-2840062.07,1
2025-08-01,ACC0000007949,CUST0003996,LOAN,Kredit Usaha,2021-06-11,ACTIVE,0.00,,0.1318,3799563.19,5
2025-08-01,ACC0000000395,CUST0000199,INVESTMENT,Deposito,2022-12-13,ACTIVE,0.00,,0.1414,0.00,0
2025-08-01,ACC0000000778,CUST0000386,SAVINGS,Tabungan Rencana,2021-09-11,ACTIVE,11817408.42,,0.0944,-1626929.82,1
2025-08-01,ACC0000000916,CUST0000458,CREDIT_CARD,Kartu Virtual,2023-12-13,ACTIVE,0.00,15475334.81,0.0248,2840870.68,2
2025-08-01,ACC0000001337,CUST0000672,INVESTMENT,Reksa Dana,2024-10-31,ACTIVE,0.00,,0.0336,-11927080.24,4
2025-08-01,ACC0000001401,CUST0000703,CREDIT_CARD,Kartu Classic,2021-07-07,ACTIVE,0.00,41959008.77,0.1462,-993364.83,1
2025-08-01,ACC0000001469,CUST0000736,LOAN,Kredit Kendaraan,2025-01-30,ACTIVE,0.00,,0.0791,2688215.01,1
2025-08-01,ACC0000001547,CUST0000778,INVESTMENT,Deposito,2023-01-23,ACTIVE,0.00,,0.1188,-7569828.60,2
2025-08-01,ACC0000001797,CUST0000903,INVESTMENT,Reksa Dana,2022-09-25,ACTIVE,0.00,,0.1446,3384603.74,1
2025-08-01,ACC0000001840,CUST0000925,LOAN,KPR Rumah,2022-08-15,ACTIVE,0.00,,0.0809,-4682661.53,2
2025-08-01,ACC0000001891,CUST0000953,SAVINGS,Tabungan Berjangka,2023-04-10,ACTIVE,36172162.14,,0.0571,0.00,0
2025-08-01,ACC0000002108,CUST0001061,INVESTMENT,Reksa Dana,2024-09-14,ACTIVE,0.00,,0.1352,3054646.67,2
2025-08-01,ACC0000002218,CUST0001112,CREDIT_CARD,Kartu Platinum,2024-10-11,ACTIVE,0.00,46813934.78,0.0573,-4349410.91,2
2025-08-01,ACC0000002459,CUST0001235,SAVINGS,Tabungan Haji,2023-12-26,ACTIVE,20564558.24,,0.0665,-3655662.74,1
2025-08-01,ACC0000002846,CUST0001437,INVESTMENT,Deposito,2024-02-14,ACTIVE,0.00,,0.1401,-4450019.90,1
2025-08-01,ACC0000002926,CUST0001476,CREDIT_CARD,Kartu Virtual,2023-08-31,DORMANT,0.00,48756142.35,0.1208,0.00,0
2025-08-01,ACC0000003180,CUST0001601,CREDIT_CARD,Kartu Virtual,2024-03-14,ACTIVE,0.00,10465568.80,0.1412,1304084.75,5
2025-08-01,ACC0000003218,CUST0001624,SAVINGS,Tabungan Negara Plus,2025-02-06,ACTIVE,18530408.53,,0.0702,-859305.90,2
2025-08-01,ACC0000003354,CUST0001688,INVESTMENT,Reksa Dana,2021-08-16,ACTIVE,0.00,,0.0481,-477022.09,3
2025-08-01,ACC0000003391,CUST0001705,CREDIT_CARD,Kartu Virtual,2025-01-02,ACTIVE,0.00,5182894.11,0.1023,8636791.82,5
2025-08-01,ACC0000004198,CUST0002115,CREDIT_CARD,Kartu Virtual,2024-04-10,ACTIVE,0.00,33716836.63,0.0489,1621907.50,2
2025-08-01,ACC0000004657,CUST0002338,CREDIT_CARD,Kartu Classic,2025-03-16,ACTIVE,0.00,26528341.86,0.0142,4057122.42,1
2025-08-01,ACC0000004753,CUST0002383,INVESTMENT,SBN Retail,2023-09-17,ACTIVE,0.00,,0.1348,-445208.08,1
2025-08-01,ACC0000005303,CUST0002663,LOAN,Kredit Kendaraan,2023-05-13,DORMANT,0.00,,0.0826,0.00,0
2025-08-01,ACC0000005560,CUST0002789,LOAN,Kredit Usaha,2023-09-03,DORMANT,0.00,,0.058,0.00,0
2025-08-01,ACC0000006005,CUST0003018,SAVINGS,Tabungan Haji,2023-12-10,DORMANT,48208886.06,,0.0267,0.00,0
2025-08-01,ACC0000006574,CUST0003301,CREDIT_CARD,Kartu Platinum,2023-01-07,ACTIVE,0.00,21620659.33,0.0549,-2848750.47,1
2025-08-01,ACC0000006728,CUST0003379,CREDIT_CARD,Kartu Gold,2021-08-23,ACTIVE,0.00,26375635.09,0.1126,0.00,0
2025-08-01,ACC0000006884,CUST0003458,SAVINGS,Tabungan Berjangka,2022-11-28,ACTIVE,37799267.99,,0.1108,2185239.92,1
2025-08-01,ACC0000007731,CUST0003886,LOAN,KPR Rumah,2023-02-28,ACTIVE,0.00,,0.0477,-3268870.55,1
2025-08-01,ACC0000007775,CUST0003909,INVESTMENT,Deposito,2022-04-24,ACTIVE,0.00,,0.1201,-1581649.67,2
2025-08-01,ACC0000000149,CUST0000074,INVESTMENT,Deposito,2021-10-23,DORMANT,0.00,,0.0113,0.00,0
2025-08-01,ACC0000000384,CUST0000193,SAVINGS,Tabungan Berjangka,2024-05-20,ACTIVE,15389173.54,,0.0181,-5532411.49,3
2025-08-01,ACC0000000436,CUST0000219,INVESTMENT,Obligasi,2024-11-19,DORMANT,0.00,,0.0841,0.00,0
2025-08-01,ACC0000000934,CUST0000465,CREDIT_CARD,Kartu Platinum,2022-11-27,ACTIVE,0.00,43541644.71,0.1401,-1605516.41,1
2025-08-01,ACC0000001039,CUST0000519,LOAN,Kredit Kendaraan,2022-01-31,DORMANT,0.00,,0.0564,0.00,0
2025-08-01,ACC0000001582,CUST0000795,CREDIT_CARD,Kartu Virtual,2022-08-15,ACTIVE,0.00,31237444.65,0.015,4200091.51,1
2025-08-01,ACC0000002550,CUST0001282,LOAN,Kredit Kendaraan,2025-03-31,ACTIVE,0.00,,0.1291,2352843.57,1
2025-08-01,ACC0000002696,CUST0001360,SAVINGS,Tabungan Rencana,2021-11-09,ACTIVE,36326590.87,,0.0846,0.00,0
2025-08-01,ACC0000003032,CUST0001528,LOAN,Kredit Kendaraan,2022-02-02,DORMANT,0.00,,0.0252,0.00,0
2025-08-01,ACC0000003048,CUST0001534,INVESTMENT,Reksa Dana,2024-08-08,ACTIVE,0.00,,0.0421,-1111043.18,5
2025-08-01,ACC0000003247,CUST0001637,LOAN,Kredit Usaha,2022-07-24,ACTIVE,0.00,,0.033,0.00,0
2025-08-01,ACC0000003591,CUST0001811,INVESTMENT,Deposito,2024-03-03,ACTIVE,0.00,,0.0336,4637788.67,2
2025-08-01,ACC0000003843,CUST0001939,SAVINGS,Tabungan Negara Plus,2022-03-15,ACTIVE,512182.19,,0.0718,1649119.56,1
2025-08-01,ACC0000004515,CUST0002269,LOAN,KPR Rumah,2023-10-28,ACTIVE,0.00,,0.0625,-5510026.34,2
2025-08-01,ACC0000004620,CUST0002319,SAVINGS,Tabungan Negara Plus,2022-08-24,ACTIVE,49563035.53,,0.03,-1877641.50,1
2025-08-01,ACC0000004631,CUST0002326,INVESTMENT,Deposito,2023-05-19,ACTIVE,0.00,,0.1301,-1986573.98,1
2025-08-01,ACC0000004787,CUST0002400,CREDIT_CARD,Kartu Gold,2021-06-18,ACTIVE,0.00,40711278.34,0.0277,0.00,0
2025-08-01,ACC0000004904,CUST0002460,INVESTMENT,SBN Retail,2021-12-16,DORMANT,0.00,,0.0141,0.00,0
2025-08-01,ACC0000004967,CUST0002491,SAVINGS,Tabungan Berjangka,2024-05-04,DORMANT,14677789.62,,0.0716,0.00,0
2025-08-01,ACC0000005055,CUST0002533,CREDIT_CARD,Kartu Virtual,2023-02-18,ACTIVE,0.00,21199940.38,0.1318,-722836.00,2
2025-08-01,ACC0000005482,CUST0002750,SAVINGS,Tabungan Rencana,2023-07-28,ACTIVE,7788705.04,,0.0245,-107907.75,2
2025-08-01,ACC0000005852,CUST0002943,CREDIT_CARD,Kartu Platinum,2024-12-20,ACTIVE,0.00,47828240.49,0.1279,4524335.46,1
2025-08-01,ACC0000005936,CUST0002983,INVESTMENT,Deposito,2022-03-26,DORMANT,0.00,,0.0623,0.00,0
2025-08-01,ACC0000005965,CUST0002997,CREDIT_CARD,Kartu Gold,2024-07-09,ACTIVE,0.00,10566292.11,0.0438,308202.59,1
2025-08-01,ACC0000006140,CUST0003085,INVESTMENT,Reksa Dana,2023-09-04,ACTIVE,0.00,,0.0327,-3208984.56,2
2025-08-01,ACC0000006273,CUST0003150,SAVINGS,Tabungan Berjangka,2022-07-02,SUSPENDED,6384526.21,,0.0984,0.00,0
2025-08-01,ACC0000006538,CUST0003282,CREDIT_CARD,Kartu Virtual,2021-11-02,ACTIVE,0.00,28217811.66,0.0413,0.00,0
2025-08-01,ACC0000006720,CUST0003376,CREDIT_CARD,Kartu Gold,2022-09-05,ACTIVE,0.00,38136156.67,0.0622,4079430.48,1
2025-08-01,ACC0000006820,CUST0003426,CREDIT_CARD,Kartu Gold,2023-01-25,ACTIVE,0.00,16765007.24,0.0493,0.00,0
2025-08-01,ACC0000007002,CUST0003522,LOAN,Kredit Usaha,2024-05-04,ACTIVE,0.00,,0.1413,5126303.45,4
2025-08-01,ACC0000007386,CUST0003714,CREDIT_CARD,Kartu Gold,2021-09-20,ACTIVE,0.00,34619192.02,0.119,590305.19,2
2025-08-01,ACC0000007406,CUST0003723,LOAN,Kredit Kendaraan,2021-12-28,ACTIVE,0.00,,0.0313,0.00,0
2025-08-01,ACC0000007785,CUST0003914,INVESTMENT,SBN Retail,2023-01-14,ACTIVE,0.00,,0.1419,7806533.55,2
2025-08-01,ACC0000007804,CUST0003923,CREDIT_CARD,Kartu Platinum,2023-03-14,SUSPENDED,0.00,8821174.13,0.0971,0.00,0
2025-08-01,ACC0000007823,CUST0003931,SAVINGS,Tabungan Negara Plus,2024-11-24,ACTIVE,8649137.60,,0.1358,3940757.23,1
2025-08-01,ACC0000007887,CUST0003965,INVESTMENT,Deposito,2022-05-14,ACTIVE,0.00,,0.078,0.00,0
2025-08-01,ACC0000000334,CUST0000169,INVESTMENT,SBN Retail,2022-09-10,ACTIVE,0.00,,0.144,0.00,0
2025-08-01,ACC0000000404,CUST0000204,CREDIT_CARD,Kartu Gold,2024-04-17,DORMANT,0.00,25248415.36,0.0971,0.00,0
2025-08-01,ACC0000000702,CUST0000349,INVESTMENT,Deposito,2021-10-03,ACTIVE,0.00,,0.0101,-3741786.26,4
2025-08-01,ACC0000000850,CUST0000422,SAVINGS,Tabungan Negara Plus,2021-07-16,ACTIVE,658654.89,,0.1311,7070272.38,2
2025-08-01,ACC0000000999,CUST0000499,CREDIT_CARD,Kartu Classic,2024-05-12,ACTIVE,0.00,44539302.96,0.0247,1031792.59,1
2025-08-01,ACC0000001021,CUST0000511,SAVINGS,Tabungan Haji,2021-06-20,ACTIVE,24507455.25,,0.0715,-174566.56,6
2025-08-01,ACC0000001156,CUST0000579,CREDIT_CARD,Kartu Platinum,2024-08-03,ACTIVE,0.00,24685684.14,0.0971,7418111.29,4
2025-08-01,ACC0000001280,CUST0000645,CREDIT_CARD,Kartu Platinum,2024-12-05,ACTIVE,0.00,23655475.11,0.1464,0.00,0
2025-08-01,ACC0000001817,CUST0000914,CREDIT_CARD,Kartu Gold,2023-11-23,ACTIVE,0.00,44949113.33,0.0134,-198443.24,1
2025-08-01,ACC0000001949,CUST0000980,LOAN,Kredit Kendaraan,2022-08-23,ACTIVE,0.00,,0.1115,0.00,0
2025-08-01,ACC0000001981,CUST0000996,SAVINGS,Tabungan Rencana,2025-07-11,ACTIVE,40958069.78,,0.1418,0.00,0
2025-08-01,ACC0000002334,CUST0001170,SAVINGS,Tabungan Berjangka,2021-08-31,ACTIVE,10765344.25,,0.0817,4262428.86,1
2025-08-01,ACC0000002338,CUST0001172,LOAN,Kredit Usaha,2024-06-29,ACTIVE,0.00,,0.0475,83734.12,2
2025-08-01,ACC0000002446,CUST0001227,CREDIT_CARD,Kartu Gold,2022-08-16,ACTIVE,0.00,37643113.79,0.1027,710248.98,1
2025-08-01,ACC0000002540,CUST0001276,SAVINGS,Tabungan Rencana,2021-07-20,ACTIVE,10446360.52,,0.141,-1996095.96,1
2025-08-01,ACC0000002843,CUST0001436,SAVINGS,Tabungan Berjangka,2023-08-31,ACTIVE,24396994.13,,0.1022,1651536.78,1
2025-08-01,ACC0000002919,CUST0001474,INVESTMENT,Obligasi,2022-11-15,ACTIVE,0.00,,0.0565,812864.88,2
2025-08-01,ACC0000003332,CUST0001676,LOAN,KPR Rumah,2025-03-07,ACTIVE,0.00,,0.1009,4810452.36,2
2025-08-01,ACC0000003393,CUST0001706,LOAN,Kredit Usaha,2024-03-04,ACTIVE,0.00,,0.0263,364357.22,4
2025-08-01,ACC0000003626,CUST0001829,LOAN,Kredit Kendaraan,2022-12-29,ACTIVE,0.00,,0.0641,-9926739.18,3
2025-08-01,ACC0000004016,CUST0002026,SAVINGS,Tabungan Negara Plus,2022-10-14,ACTIVE,44758510.28,,0.1216,-4811085.78,2
2025-08-01,ACC0000004044,CUST0002040,INVESTMENT,SBN Retail,2024-11-29,ACTIVE,0.00,,0.0965,-6993361.65,5
2025-08-01,ACC0000004209,CUST0002121,CREDIT_CARD,Kartu Gold,2023-01-08,ACTIVE,0.00,48170717.40,0.147,-605041.42,1
2025-08-01,ACC0000004228,CUST0002128,SAVINGS,Tabungan Rencana,2021-10-14,SUSPENDED,14225209.54,,0.0139,0.00,0
2025-08-01,ACC0000004350,CUST0002186,INVESTMENT,SBN Retail,2022-06-12,ACTIVE,0.00,,0.0682,-329167.87,2
2025-08-01,ACC0000005156,CUST0002587,SAVINGS,Tabungan Negara Plus,2024-07-01,ACTIVE,13661309.94,,0.0766,2474050.41,2
2025-08-01,ACC0000005168,CUST0002593,CREDIT_CARD,Kartu Virtual,2022-01-24,DORMANT,0.00,14577052.18,0.1143,0.00,0
2025-08-01,ACC0000005292,CUST0002657,CREDIT_CARD,Kartu Platinum,2022-02-09,ACTIVE,0.00,25572040.70,0.0509,0.00,0
2025-08-01,ACC0000005338,CUST0002680,INVESTMENT,Deposito,2022-01-27,ACTIVE,0.00,,0.0531,-2588346.70,1
2025-08-01,ACC0000005896,CUST0002964,CREDIT_CARD,Kartu Platinum,2021-10-04,ACTIVE,0.00,24417769.29,0.111,4314460.70,1
2025-08-01,ACC0000006136,CUST0003084,SAVINGS,Tabungan Rencana,2024-09-29,ACTIVE,32551893.98,,0.128,2621169.81,2
2025-08-01,ACC0000006254,CUST0003141,LOAN,KTA Personal,2022-10-14,ACTIVE,0.00,,0.0823,1448229.25,1
2025-08-01,ACC0000006388,CUST0003209,SAVINGS,Tabungan Berjangka,2025-01-13,ACTIVE,38780077.33,,0.1165,771870.99,2
2025-08-01,ACC0000006469,CUST0003250,SAVINGS,Tabungan Berjangka,2022-03-26,ACTIVE,32056769.34,,0.133,4373373.37,2
2025-08-01,ACC0000006570,CUST0003298,SAVINGS,Tabungan Rencana,2021-06-24,ACTIVE,2069587.06,,0.0663,2895769.88,4
2025-08-01,ACC0000006584,CUST0003307,SAVINGS,Tabungan Negara Plus,2021-11-19,ACTIVE,26772810.10,,0.0524,-5217738.89,2
2025-08-01,ACC0000006588,CUST0003309,LOAN,Kredit Kendaraan,2024-06-26,ACTIVE,0.00,,0.0549,1475215.18,1
2025-08-01,ACC0000006606,CUST0003318,SAVINGS,Tabungan Rencana,2023-05-12,ACTIVE,32592887.04,,0.1112,-3431210.59,1
2025-08-01,ACC0000006837,CUST0003433,CREDIT_CARD,Kartu Platinum,2023-05-19,ACTIVE,0.00,30486738.27,0.0596,1805434.59,1
2025-08-01,ACC0000006856,CUST0003443,CREDIT_CARD,Kartu Gold,2022-02-28,ACTIVE,0.00,18552893.81,0.0117,-4924915.33,2
2025-08-01,ACC0000006913,CUST0003474,LOAN,Kredit Kendaraan,2021-02-10,ACTIVE,0.00,,0.0424,5819274.93,2
2025-08-01,ACC0000006979,CUST0003511,LOAN,Kredit Kendaraan,2024-12-29,ACTIVE,0.00,,0.0958,10092179.05,3
2025-08-01,ACC0000007035,CUST0003538,CREDIT_CARD,Kartu Platinum,2024-12-25,ACTIVE,0.00,15567747.06,0.0302,-427143.32,2
2025-08-01,ACC0000007106,CUST0003576,LOAN,KPR Rumah,2024-12-29,ACTIVE,0.00,,0.1392,342427.93,2
2025-08-01,ACC0000007301,CUST0003671,LOAN,Kredit Usaha,2022-12-04,ACTIVE,0.00,,0.0332,-920769.63,1
2025-08-01,ACC0000007367,CUST0003703,INVESTMENT,SBN Retail,2023-04-27,ACTIVE,0.00,,0.1028,5233004.29,3
2025-08-01,ACC0000007799,CUST0003921,LOAN,KPR Rumah,2022-05-20,ACTIVE,0.00,,0.1054,0.00,0
2025-08-01,ACC0000000198,CUST0000098,CREDIT_CARD,Kartu Virtual,2023-11-18,ACTIVE,0.00,47864409.23,0.1472,-1042373.39,1
2025-08-01,ACC0000000361,CUST0000181,LOAN,Kredit Kendaraan,2021-07-12,ACTIVE,0.00,,0.0768,-2784711.32,1
2025-08-01,ACC0000000528,CUST0000265,INVESTMENT,Reksa Dana,2023-12-10,DORMANT,0.00,,0.054,0.00,0
2025-08-01,ACC0000000533,CUST0000269,INVESTMENT,SBN Retail,2022-07-07,CLOSED,0.00,,0.1353,0.00,0
2025-08-01,ACC0000000553,CUST0000279,LOAN,KTA Personal,2024-09-12,ACTIVE,0.00,,0.0896,388377.46,1
2025-08-01,ACC0000000764,CUST0000378,LOAN,Kredit Kendaraan,2025-04-09,ACTIVE,0.00,,0.0267,3877706.54,1
2025-08-01,ACC0000000772,CUST0000384,SAVINGS,Tabungan Berjangka,2023-05-15,ACTIVE,22416787.59,,0.1284,1618992.99,3
2025-08-01,ACC0000000888,CUST0000440,LOAN,KTA Personal,2022-04-14,DORMANT,0.00,,0.0577,0.00,0
2025-08-01,ACC0000001253,CUST0000629,SAVINGS,Tabungan Berjangka,2021-12-28,ACTIVE,6756313.75,,0.1169,4355124.65,3
2025-08-01,ACC0000001294,CUST0000652,SAVINGS,Tabungan Rencana,2022-04-28,CLOSED,28290566.81,,0.096,0.00,0
2025-08-01,ACC0000001528,CUST0000765,CREDIT_CARD,Kartu Gold,2023-01-25,ACTIVE,0.00,47401906.72,0.0687,-6121022.88,2
2025-08-01,ACC0000001630,CUST0000822,INVESTMENT,Reksa Dana,2021-03-04,ACTIVE,0.00,,0.0118,-848673.25,1
2025-08-01,ACC0000001671,CUST0000843,LOAN,Kredit Usaha,2023-07-04,CLOSED,0.00,,0.0777,0.00,0
2025-08-01,ACC0000001675,CUST0000844,SAVINGS,Tabungan Berjangka,2025-01-04,CLOSED,40672623.27,,0.024,0.00,0
2025-08-01,ACC0000001887,CUST0000950,SAVINGS,Tabungan Negara Plus,2022-06-06,ACTIVE,6593692.74,,0.1015,0.00,0
2025-08-01,ACC0000002039,CUST0001027,INVESTMENT,Deposito,2021-05-19,CLOSED,0.00,,0.1151,0.00,0
2025-08-01,ACC0000002196,CUST0001103,INVESTMENT,Obligasi,2024-04-16,ACTIVE,0.00,,0.0658,-4097510.44,2
2025-08-01,ACC0000002197,CUST0001103,SAVINGS,Tabungan Negara Plus,2024-02-23,ACTIVE,23446888.37,,0.0187,7177041.57,2
2025-08-01,ACC0000002536,CUST0001275,SAVINGS,Tabungan Negara Plus,2023-06-02,ACTIVE,1605915.30,,0.0814,-8200649.06,4
2025-08-01,ACC0000003409,CUST0001714,INVESTMENT,Reksa Dana,2024-10-31,CLOSED,0.00,,0.0734,0.00,0
2025-08-01,ACC0000003418,CUST0001718,LOAN,Kredit Kendaraan,2021-08-18,DORMANT,0.00,,0.0237,0.00,0
2025-08-01,ACC0000003427,CUST0001721,INVESTMENT,Obligasi,2023-07-05,SUSPENDED,0.00,,0.1466,0.00,0
2025-08-01,ACC0000003471,CUST0001744,SAVINGS,Tabungan Rencana,2024-05-17,ACTIVE,39871077.47,,0.0747,-1465681.19,2
2025-08-01,ACC0000003514,CUST0001767,INVESTMENT,Reksa Dana,2022-11-12,ACTIVE,0.00,,0.1432,-1143780.17,2
2025-08-01,ACC0000003728,CUST0001877,LOAN,Kredit Kendaraan,2023-11-06,DORMANT,0.00,,0.0117,0.00,0
2025-08-01,ACC0000004153,CUST0002090,SAVINGS,Tabungan Berjangka,2023-07-21,DORMANT,20144422.53,,0.0625,0.00,0
2025-08-01,ACC0000004340,CUST0002182,CREDIT_CARD,Kartu Gold,2022-11-19,ACTIVE,0.00,12176881.01,0.1054,2719454.05,2
2025-08-01,ACC0000004362,CUST0002194,CREDIT_CARD,Kartu Platinum,2022-02-28,ACTIVE,0.00,42245834.31,0.097,-2384368.94,2
2025-08-01,ACC0000004668,CUST0002342,INVESTMENT,Deposito,2024-11-11,DORMANT,0.00,,0.0955,0.00,0
2025-08-01,ACC0000005014,CUST0002514,CREDIT_CARD,Kartu Gold,2025-01-04,CLOSED,0.00,13216494.90,0.1351,0.00,0
2025-08-01,ACC0000005255,CUST0002640,CREDIT_CARD,Kartu Classic,2022-12-04,ACTIVE,0.00,26722211.19,0.0976,-1034781.98,1
2025-08-01,ACC0000005543,CUST0002781,SAVINGS,Tabungan Berjangka,2021-02-26,DORMANT,16158948.21,,0.0623,0.00,0
2025-08-01,ACC0000005807,CUST0002918,CREDIT_CARD,Kartu Gold,2024-02-24,ACTIVE,0.00,9551702.99,0.0281,-4631301.22,2
2025-08-01,ACC0000006378,CUST0003204,LOAN,Kredit Usaha,2024-02-23,ACTIVE,0.00,,0.0477,-487260.16,2
2025-08-01,ACC0000006554,CUST0003291,CREDIT_CARD,Kartu Virtual,2025-02-08,ACTIVE,0.00,21770456.76,0.1139,-3427432.16,1
2025-08-01,ACC0000006653,CUST0003342,SAVINGS,Tabungan Haji,2022-03-06,ACTIVE,46954873.59,,0.0506,324286.13,1
2025-08-01,ACC0000006672,CUST0003353,SAVINGS,Tabungan Berjangka,2022-09-20,ACTIVE,23663149.93,,0.1009,-2342916.11,2
2025-08-01,ACC0000006816,CUST0003422,CREDIT_CARD,Kartu Classic,2023-06-02,ACTIVE,0.00,48982069.18,0.059,-4512145.96,1
2025-08-01,ACC0000006933,CUST0003484,SAVINGS,Tabungan Berjangka,2022-03-12,ACTIVE,8751179.03,,0.0245,-2684120.53,1
2025-08-01,ACC0000006941,CUST0003490,SAVINGS,Tabungan Negara Plus,2024-05-16,ACTIVE,16017050.70,,0.1233,-11821994.41,3
2025-08-01,ACC0000007048,CUST0003544,INVESTMENT,Obligasi,2024-09-25,ACTIVE,0.00,,0.0121,0.00,0
2025-08-01,ACC0000007064,CUST0003553,CREDIT_CARD,Kartu Gold,2025-02-22,ACTIVE,0.00,33346943.53,0.1238,0.00,0
2025-08-01,ACC0000007179,CUST0003613,LOAN,Kredit Kendaraan,2023-09-16,ACTIVE,0.00,,0.096,-2303193.83,1
2025-08-01,ACC0000007696,CUST0003866,CREDIT_CARD,Kartu Platinum,2023-01-07,DORMANT,0.00,24500902.13,0.0434,0.00,0
2025-08-01,ACC0000000151,CUST0000076,SAVINGS,Tabungan Negara Plus,2024-03-15,ACTIVE,15960552.12,,0.0251,0.00,0
2025-08-01,ACC0000000476,CUST0000240,SAVINGS,Tabungan Negara Plus,2024-04-23,ACTIVE,3261008.89,,0.1301,-1242650.49,3
2025-08-01,ACC0000001088,CUST0000545,SAVINGS,Tabungan Haji,2022-03-29,ACTIVE,23653647.14,,0.0515,0.00,0
2025-08-01,ACC0000001142,CUST0000574,SAVINGS,Tabungan Haji,2022-12-20,ACTIVE,46368687.19,,0.1435,-3211982.03,2
2025-08-01,ACC0000001174,CUST0000589,LOAN,Kredit Kendaraan,2023-08-18,ACTIVE,0.00,,0.1499,-7404733.25,3
2025-08-01,ACC0000001192,CUST0000597,SAVINGS,Tabungan Negara Plus,2023-05-23,ACTIVE,4050715.13,,0.067,-273485.32,1
2025-08-01,ACC0000001220,CUST0000612,CREDIT_CARD,Kartu Virtual,2023-09-22,DORMANT,0.00,11734436.59,0.0244,0.00,0
2025-08-01,ACC0000001439,CUST0000724,SAVINGS,Tabungan Haji,2021-11-08,CLOSED,3606651.63,,0.0935,0.00,0
2025-08-01,ACC0000001916,CUST0000963,SAVINGS,Tabungan Negara Plus,2022-10-20,ACTIVE,30702801.89,,0.0857,-4228448.91,1
2025-08-01,ACC0000002468,CUST0001240,INVESTMENT,SBN Retail,2023-05-23,ACTIVE,0.00,,0.0368,-592425.46,1
2025-08-01,ACC0000002565,CUST0001288,INVESTMENT,Deposito,2022-03-29,ACTIVE,0.00,,0.1487,0.00,0
2025-08-01,ACC0000002790,CUST0001408,INVESTMENT,Deposito,2022-06-03,ACTIVE,0.00,,0.0211,0.00,0
2025-08-01,ACC0000002923,CUST0001475,CREDIT_CARD,Kartu Platinum,2023-08-30,ACTIVE,0.00,14780812.93,0.0423,7905761.34,5
2025-08-01,ACC0000002956,CUST0001489,SAVINGS,Tabungan Rencana,2023-09-04,ACTIVE,35137727.54,,0.1235,0.00,0
2025-08-01,ACC0000003047,CUST0001533,SAVINGS,Tabungan Negara Plus,2021-03-24,DORMANT,9007703.24,,0.0919,0.00,0
2025-08-01,ACC0000003108,CUST0001565,LOAN,KTA Personal,2024-07-16,ACTIVE,0.00,,0.0659,0.00,0
2025-08-01,ACC0000003421,CUST0001719,INVESTMENT,SBN Retail,2023-12-03,ACTIVE,0.00,,0.1227,4761665.72,2
2025-08-01,ACC0000003631,CUST0001831,INVESTMENT,SBN Retail,2021-06-12,ACTIVE,0.00,,0.1119,9826558.73,3
2025-08-01,ACC0000003706,CUST0001867,INVESTMENT,Deposito,2022-04-11,ACTIVE,0.00,,0.0614,0.00,0
2025-08-01,ACC0000003823,CUST0001928,LOAN,KTA Personal,2022-11-18,ACTIVE,0.00,,0.1315,-2326138.02,2
2025-08-01,ACC0000003898,CUST0001966,SAVINGS,Tabungan Negara Plus,2021-05-14,ACTIVE,10459272.67,,0.0631,-2330789.34,2
2025-08-01,ACC0000004066,CUST0002051,CREDIT_CARD,Kartu Classic,2024-01-10,ACTIVE,0.00,6526613.71,0.095,-269451.37,3
2025-08-01,ACC0000004297,CUST0002160,INVESTMENT,Obligasi,2024-11-21,DORMANT,0.00,,0.0802,0.00,0
2025-08-01,ACC0000004395,CUST0002207,CREDIT_CARD,Kartu Gold,2021-03-19,DORMANT,0.00,44843971.35,0.1249,0.00,0
2025-08-01,ACC0000004670,CUST0002343,CREDIT_CARD,Kartu Virtual,2023-11-13,ACTIVE,0.00,22883023.23,0.0941,0.00,0
2025-08-01,ACC0000004705,CUST0002363,CREDIT_CARD,Kartu Virtual,2021-07-31,ACTIVE,0.00,48920235.81,0.0688,0.00,0
2025-08-01,ACC0000004785,CUST0002399,INVESTMENT,Obligasi,2021-08-15,ACTIVE,0.00,,0.1188,679037.39,1
2025-08-01,ACC0000005311,CUST0002666,SAVINGS,Tabungan Rencana,2021-10-18,ACTIVE,3865790.87,,0.0123,0.00,0
2025-08-01,ACC0000005371,CUST0002696,CREDIT_CARD,Kartu Classic,2025-02-22,ACTIVE,0.00,20200745.79,0.0946,0.00,0
2025-08-01,ACC0000005383,CUST0002703,LOAN,KPR Rumah,2021-08-22,ACTIVE,0.00,,0.1153,10021795.06,3
2025-08-01,ACC0000005431,CUST0002725,INVESTMENT,SBN Retail,2024-03-05,CLOSED,0.00,,0.0748,0.00,0
2025-08-01,ACC0000005582,CUST0002801,CREDIT_CARD,Kartu Gold,2024-07-05,ACTIVE,0.00,12242849.82,0.1043,-1176005.43,1
2025-08-01,ACC0000006494,CUST0003261,SAVINGS,Tabungan Berjangka,2021-08-18,ACTIVE,11133158.71,,0.0849,-1572208.31,1
2025-08-01,ACC0000006565,CUST0003296,INVESTMENT,SBN Retail,2023-03-20,ACTIVE,0.00,,0.0386,-615120.98,5
2025-08-01,ACC0000006597,CUST0003312,SAVINGS,Tabungan Berjangka,2024-06-04,ACTIVE,18078026.42,,0.0118,-217536.80,1
2025-08-01,ACC0000006623,CUST0003326,SAVINGS,Tabungan Berjangka,2025-02-10,DORMANT,34959711.19,,0.1106,0.00,0
2025-08-01,ACC0000006971,CUST0003507,INVESTMENT,Obligasi,2025-07-03,ACTIVE,0.00,,0.1042,-1973466.40,2
2025-08-01,ACC0000007325,CUST0003682,LOAN,KPR Rumah,2023-08-22,DORMANT,0.00,,0.1186,0.00,0
2025-08-01,ACC0000007444,CUST0003740,LOAN,Kredit Kendaraan,2021-11-02,ACTIVE,0.00,,0.1269,0.00,0
2025-08-01,ACC0000007509,CUST0003771,LOAN,Kredit Kendaraan,2025-03-15,ACTIVE,0.00,,0.1472,5849905.26,3
2025-08-01,ACC0000007587,CUST0003811,LOAN,Kredit Usaha,2022-10-17,DORMANT,0.00,,0.1044,0.00,0
2025-08-01,ACC0000000928,CUST0000463,SAVINGS,Tabungan Rencana,2024-12-03,ACTIVE,21287076.48,,0.1384,1142038.84,2
2025-08-01,ACC0000001188,CUST0000595,CREDIT_CARD,Kartu Gold,2022-10-16,ACTIVE,0.00,9503342.77,0.0719,-1369563.98,1
2025-08-01,ACC0000001405,CUST0000707,CREDIT_CARD,Kartu Classic,2021-10-18,ACTIVE,0.00,42833483.43,0.0621,3758325.64,1
2025-08-01,ACC0000002026,CUST0001020,INVESTMENT,Deposito,2022-11-03,ACTIVE,0.00,,0.1059,0.00,0
2025-08-01,ACC0000003076,CUST0001548,LOAN,KTA Personal,2021-08-12,ACTIVE,0.00,,0.0639,-1231418.94,3
2025-08-01,ACC0000003107,CUST0001565,SAVINGS,Tabungan Haji,2024-07-26,CLOSED,24759368.56,,0.1256,0.00,0
2025-08-01,ACC0000003133,CUST0001579,LOAN,Kredit Kendaraan,2024-05-08,ACTIVE,0.00,,0.0356,4835973.01,2
2025-08-01,ACC0000003211,CUST0001620,CREDIT_CARD,Kartu Gold,2022-11-10,ACTIVE,0.00,20379142.61,0.0503,-1941415.96,2
2025-08-01,ACC0000003234,CUST0001631,INVESTMENT,Deposito,2022-09-02,ACTIVE,0.00,,0.115,-7284535.84,2
2025-08-01,ACC0000003577,CUST0001802,LOAN,Kredit Kendaraan,2024-08-30,ACTIVE,0.00,,0.048,-223898.40,1
2025-08-01,ACC0000003633,CUST0001832,SAVINGS,Tabungan Negara Plus,2024-09-10,ACTIVE,45631798.78,,0.038,-4790788.56,1
2025-08-01,ACC0000003634,CUST0001832,SAVINGS,Tabungan Negara Plus,2024-10-21,ACTIVE,32807887.36,,0.014,3308651.17,1
2025-08-01,ACC0000003796,CUST0001914,CREDIT_CARD,Kartu Gold,2023-08-06,CLOSED,0.00,15259350.36,0.0753,0.00,0
2025-08-01,ACC0000003958,CUST0001995,LOAN,Kredit Kendaraan,2021-12-21,ACTIVE,0.00,,0.0193,-2025685.46,1
2025-08-01,ACC0000004173,CUST0002102,INVESTMENT,Deposito,2023-03-31,ACTIVE,0.00,,0.0753,2431180.77,2
2025-08-01,ACC0000004206,CUST0002120,CREDIT_CARD,Kartu Platinum,2022-11-02,ACTIVE,0.00,23213344.26,0.1211,0.00,0
2025-08-01,ACC0000004207,CUST0002120,CREDIT_CARD,Kartu Gold,2023-01-27,ACTIVE,0.00,19642333.06,0.1091,4340226.74,4
2025-08-01,ACC0000004311,CUST0002167,CREDIT_CARD,Kartu Platinum,2022-04-23,ACTIVE,0.00,7320534.53,0.1153,0.00,0
2025-08-01,ACC0000004435,CUST0002227,SAVINGS,Tabungan Berjangka,2025-02-18,ACTIVE,29684200.12,,0.0148,0.00,0
2025-08-01,ACC0000004944,CUST0002480,SAVINGS,Tabungan Haji,2023-07-04,ACTIVE,5786986.24,,0.012,3676898.96,3
2025-08-01,ACC0000005281,CUST0002652,CREDIT_CARD,Kartu Virtual,2022-08-18,ACTIVE,0.00,14852518.76,0.1384,0.00,0
2025-08-01,ACC0000005416,CUST0002718,CREDIT_CARD,Kartu Virtual,2024-12-30,CLOSED,0.00,9551621.55,0.0611,0.00,0
2025-08-01,ACC0000005694,CUST0002857,INVESTMENT,Obligasi,2024-03-27,CLOSED,0.00,,0.1434,0.00,0
2025-08-01,ACC0000005767,CUST0002896,LOAN,KTA Personal,2023-01-10,CLOSED,0.00,,0.1002,0.00,0
2025-08-01,ACC0000005848,CUST0002941,INVESTMENT,SBN Retail,2025-05-23,CLOSED,0.00,,0.1205,0.00,0
2025-08-01,ACC0000005887,CUST0002960,INVESTMENT,Deposito,2024-12-27,ACTIVE,0.00,,0.0166,2555017.11,2
2025-08-01,ACC0000006426,CUST0003231,CREDIT_CARD,Kartu Gold,2024-08-11,ACTIVE,0.00,28075245.71,0.1313,718526.36,1
2025-08-01,ACC0000006762,CUST0003396,SAVINGS,Tabungan Haji,2025-04-11,DORMANT,37195821.79,,0.0804,0.00,0
2025-08-01,ACC0000007095,CUST0003569,INVESTMENT,Deposito,2023-04-06,ACTIVE,0.00,,0.0971,4038014.34,1
2025-08-01,ACC0000007118,CUST0003583,INVESTMENT,Deposito,2023-10-22,ACTIVE,0.00,,0.125,-37959.61,3
2025-08-01,ACC0000007186,CUST0003616,CREDIT_CARD,Kartu Virtual,2021-08-25,ACTIVE,0.00,18433546.75,0.1444,0.00,0
2025-08-01,ACC0000007358,CUST0003699,LOAN,Kredit Usaha,2022-10-22,ACTIVE,0.00,,0.1468,5045848.87,4
2025-08-01,ACC0000007403,CUST0003722,CREDIT_CARD,Kartu Virtual,2025-02-05,ACTIVE,0.00,21373032.80,0.0956,0.00,0
2025-08-01,ACC0000007532,CUST0003783,SAVINGS,Tabungan Berjangka,2024-01-23,ACTIVE,44901051.48,,0.0529,0.00,0
2025-08-01,ACC0000007580,CUST0003808,CREDIT_CARD,Kartu Virtual,2025-04-15,ACTIVE,0.00,43672367.30,0.0656,-3065673.82,2
2025-08-01,ACC0000007946,CUST0003994,SAVINGS,Tabungan Haji,2022-09-08,ACTIVE,9430026.28,,0.0427,3836760.49,2
2025-08-01,ACC0000000451,CUST0000228,INVESTMENT,Deposito,2022-07-30,ACTIVE,0.00,,0.132,-766633.56,2
2025-08-01,ACC0000000599,CUST0000301,CREDIT_CARD,Kartu Platinum,2022-05-15,ACTIVE,0.00,13271746.16,0.0342,-4922021.05,1
2025-08-01,ACC0000000865,CUST0000429,SAVINGS,Tabungan Haji,2021-04-27,ACTIVE,20197714.65,,0.1019,-4294169.01,1
2025-08-01,ACC0000000881,CUST0000436,CREDIT_CARD,Kartu Classic,2023-09-09,ACTIVE,0.00,25927424.91,0.0991,8373507.09,4
2025-08-01,ACC0000001298,CUST0000655,LOAN,Kredit Kendaraan,2024-02-05,ACTIVE,0.00,,0.0746,0.00,0
2025-08-01,ACC0000001381,CUST0000694,SAVINGS,Tabungan Berjangka,2022-08-20,ACTIVE,38247381.96,,0.1093,-8815582.46,3
2025-08-01,ACC0000001499,CUST0000752,LOAN,Kredit Usaha,2021-10-19,ACTIVE,0.00,,0.0493,5630727.85,2
2025-08-01,ACC0000001566,CUST0000785,INVESTMENT,SBN Retail,2024-10-05,ACTIVE,0.00,,0.0399,1594244.26,2
2025-08-01,ACC0000001583,CUST0000795,SAVINGS,Tabungan Rencana,2022-10-01,DORMANT,7743830.63,,0.0555,0.00,0
2025-08-01,ACC0000001713,CUST0000865,SAVINGS,Tabungan Negara Plus,2024-08-21,ACTIVE,14951874.57,,0.1121,-6514937.66,2
2025-08-01,ACC0000001983,CUST0000997,LOAN,Kredit Kendaraan,2022-04-12,ACTIVE,0.00,,0.0804,2741510.97,1
2025-08-01,ACC0000002033,CUST0001024,LOAN,Kredit Usaha,2024-01-25,ACTIVE,0.00,,0.0163,0.00,0
2025-08-01,ACC0000002435,CUST0001221,INVESTMENT,SBN Retail,2022-09-19,SUSPENDED,0.00,,0.1379,0.00,0
2025-08-01,ACC0000002480,CUST0001245,CREDIT_CARD,Kartu Gold,2021-04-11,ACTIVE,0.00,45185103.79,0.0518,7378889.15,2
2025-08-01,ACC0000003043,CUST0001532,LOAN,Kredit Kendaraan,2021-06-25,ACTIVE,0.00,,0.0128,2708015.39,1
2025-08-01,ACC0000003358,CUST0001690,SAVINGS,Tabungan Haji,2021-12-25,ACTIVE,26170139.43,,0.1416,-3200668.01,1
2025-08-01,ACC0000003771,CUST0001901,LOAN,KPR Rumah,2021-02-26,ACTIVE,0.00,,0.1283,1343999.24,2
2025-08-01,ACC0000004120,CUST0002075,LOAN,Kredit Kendaraan,2023-11-26,ACTIVE,0.00,,0.0322,290496.34,1
2025-08-01,ACC0000004140,CUST0002083,LOAN,KPR Rumah,2021-09-16,DORMANT,0.00,,0.0771,0.00,0
2025-08-01,ACC0000004468,CUST0002243,SAVINGS,Tabungan Rencana,2021-02-26,ACTIVE,3853917.79,,0.146,0.00,0
2025-08-01,ACC0000004831,CUST0002424,SAVINGS,Tabungan Rencana,2024-11-08,ACTIVE,14201660.30,,0.0161,-2524491.44,1
2025-08-01,ACC0000005101,CUST0002560,SAVINGS,Tabungan Negara Plus,2021-12-22,DORMANT,9925377.29,,0.0921,0.00,0
2025-08-01,ACC0000005559,CUST0002789,LOAN,KTA Personal,2023-08-03,ACTIVE,0.00,,0.1217,0.00,0
2025-08-01,ACC0000005682,CUST0002850,INVESTMENT,SBN Retail,2024-07-27,ACTIVE,0.00,,0.1265,-6841666.74,6
2025-08-01,ACC0000005885,CUST0002959,SAVINGS,Tabungan Negara Plus,2022-07-24,ACTIVE,48425563.05,,0.1038,-6881224.71,2
2025-08-01,ACC0000006483,CUST0003256,SAVINGS,Tabungan Rencana,2023-05-26,DORMANT,1482440.98,,0.0801,0.00,0
2025-08-01,ACC0000007145,CUST0003597,LOAN,KTA Personal,2022-06-28,ACTIVE,0.00,,0.0584,1291849.82,1
2025-08-01,ACC0000007265,CUST0003654,INVESTMENT,SBN Retail,2021-04-24,ACTIVE,0.00,,0.0935,1652077.11,4
2025-08-01,ACC0000007469,CUST0003753,CREDIT_CARD,Kartu Platinum,2023-05-27,ACTIVE,0.00,38053079.72,0.1439,-3075803.45,2
2025-08-01,ACC0000007908,CUST0003976,INVESTMENT,Deposito,2024-06-16,DORMANT,0.00,,0.1475,0.00,0
2025-08-01,ACC0000000034,CUST0000018,CREDIT_CARD,Kartu Gold,2023-03-06,ACTIVE,0.00,41655309.59,0.0993,-1362849.18,3
2025-08-01,ACC0000000234,CUST0000118,CREDIT_CARD,Kartu Gold,2025-02-28,DORMANT,0.00,19576826.55,0.0971,0.00,0
2025-08-01,ACC0000000255,CUST0000128,LOAN,KTA Personal,2024-09-22,ACTIVE,0.00,,0.0631,3602823.05,2
2025-08-01,ACC0000000497,CUST0000251,INVESTMENT,Obligasi,2025-03-02,CLOSED,0.00,,0.0422,0.00,0
2025-08-01,ACC0000000498,CUST0000252,CREDIT_CARD,Kartu Gold,2021-05-31,ACTIVE,0.00,22339012.33,0.1079,-2258019.08,1
2025-08-01,ACC0000000521,CUST0000262,SAVINGS,Tabungan Berjangka,2022-12-31,CLOSED,2139463.99,,0.088,0.00,0
2025-08-01,ACC0000000651,CUST0000323,SAVINGS,Tabungan Rencana,2021-08-30,ACTIVE,20656361.52,,0.0421,1970212.63,1
2025-08-01,ACC0000001146,CUST0000575,LOAN,KTA Personal,2022-12-25,ACTIVE,0.00,,0.0685,-2314991.89,1
2025-08-01,ACC0000002012,CUST0001012,INVESTMENT,Obligasi,2023-03-12,ACTIVE,0.00,,0.0869,-1881280.50,1
2025-08-01,ACC0000002025,CUST0001020,SAVINGS,Tabungan Rencana,2022-08-17,ACTIVE,12056380.34,,0.0128,2572491.45,1
2025-08-01,ACC0000002449,CUST0001229,LOAN,Kredit Kendaraan,2023-03-22,ACTIVE,0.00,,0.0131,-2714840.67,2
2025-08-01,ACC0000002477,CUST0001243,CREDIT_CARD,Kartu Platinum,2024-05-03,SUSPENDED,0.00,27446369.88,0.1123,0.00,0
2025-08-01,ACC0000002524,CUST0001267,INVESTMENT,Reksa Dana,2024-12-20,ACTIVE,0.00,,0.0253,715583.29,1
2025-08-01,ACC0000002568,CUST0001289,SAVINGS,Tabungan Haji,2023-01-20,ACTIVE,13770440.60,,0.1032,-6653463.03,2
2025-08-01,ACC0000002662,CUST0001341,INVESTMENT,Reksa Dana,2023-10-21,ACTIVE,0.00,,0.0736,-1574071.81,4
2025-08-01,ACC0000002783,CUST0001406,LOAN,KTA Personal,2021-10-28,DORMANT,0.00,,0.1302,0.00,0
2025-08-01,ACC0000003545,CUST0001785,LOAN,Kredit Kendaraan,2024-10-12,ACTIVE,0.00,,0.0876,1234269.74,2
2025-08-01,ACC0000003613,CUST0001822,CREDIT_CARD,Kartu Virtual,2023-11-26,ACTIVE,0.00,15395687.89,0.1485,2104395.36,1
2025-08-01,ACC0000003619,CUST0001825,SAVINGS,Tabungan Haji,2021-08-22,DORMANT,16177706.23,,0.1275,0.00,0
2025-08-01,ACC0000004799,CUST0002408,SAVINGS,Tabungan Negara Plus,2023-04-06,ACTIVE,2532251.03,,0.0941,-1192425.65,1
2025-08-01,ACC0000004850,CUST0002433,LOAN,Kredit Kendaraan,2023-04-10,DORMANT,0.00,,0.0931,0.00,0
2025-08-01,ACC0000004962,CUST0002489,CREDIT_CARD,Kartu Classic,2021-12-09,ACTIVE,0.00,11340101.89,0.0752,-7466112.24,3
2025-08-01,ACC0000005036,CUST0002525,INVESTMENT,Reksa Dana,2023-09-30,ACTIVE,0.00,,0.0667,-682309.70,2
2025-08-01,ACC0000005188,CUST0002603,INVESTMENT,Obligasi,2024-10-29,ACTIVE,0.00,,0.1314,-2437869.92,1
2025-08-01,ACC0000005222,CUST0002619,SAVINGS,Tabungan Rencana,2025-04-11,ACTIVE,32866130.62,,0.083,0.00,0
2025-08-01,ACC0000005361,CUST0002691,LOAN,Kredit Kendaraan,2024-06-12,ACTIVE,0.00,,0.0835,-785802.86,1
2025-08-01,ACC0000005776,CUST0002901,CREDIT_CARD,Kartu Gold,2024-01-04,ACTIVE,0.00,41048428.48,0.0907,-7767934.27,2
2025-08-01,ACC0000005844,CUST0002938,INVESTMENT,Reksa Dana,2022-10-26,ACTIVE,0.00,,0.1203,2120284.27,5
2025-08-01,ACC0000005909,CUST0002971,LOAN,KTA Personal,2021-09-21,SUSPENDED,0.00,,0.0572,0.00,0
2025-08-01,ACC0000005935,CUST0002982,CREDIT_CARD,Kartu Platinum,2024-07-02,ACTIVE,0.00,45116276.15,0.0755,4068862.95,2
2025-08-01,ACC0000006062,CUST0003048,INVESTMENT,SBN Retail,2024-12-02,DORMANT,0.00,,0.082,0.00,0
2025-08-01,ACC0000006520,CUST0003274,SAVINGS,Tabungan Rencana,2024-07-15,DORMANT,35032040.75,,0.0715,0.00,0
2025-08-01,ACC0000006658,CUST0003344,SAVINGS,Tabungan Berjangka,2021-09-30,ACTIVE,31052821.53,,0.1422,0.00,0
2025-08-01,ACC0000006750,CUST0003391,LOAN,KTA Personal,2023-05-07,ACTIVE,0.00,,0.0323,-667810.75,2
2025-08-01,ACC0000007083,CUST0003563,LOAN,Kredit Usaha,2023-11-23,ACTIVE,0.00,,0.0944,-3168842.64,1
2025-08-01,ACC0000007176,CUST0003612,INVESTMENT,SBN Retail,2024-06-29,ACTIVE,0.00,,0.1386,3502450.48,3
2025-08-01,ACC0000007312,CUST0003675,CREDIT_CARD,Kartu Classic,2022-09-18,ACTIVE,0.00,32015189.85,0.1257,22350.43,2
2025-08-01,ACC0000007598,CUST0003815,LOAN,KPR Rumah,2025-02-01,ACTIVE,0.00,,0.1228,3637597.15,2
2025-08-01,ACC0000007793,CUST0003918,CREDIT_CARD,Kartu Platinum,2021-07-28,DORMANT,0.00,30779861.04,0.0601,0.00,0
2025-08-01,ACC0000000333,CUST0000168,CREDIT_CARD,Kartu Gold,2023-02-16,ACTIVE,0.00,9535085.27,0.1276,3308500.25,1
2025-08-01,ACC0000000833,CUST0000415,CREDIT_CARD,Kartu Platinum,2023-11-07,ACTIVE,0.00,15470143.29,0.1014,0.00,0
2025-08-01,ACC0000001505,CUST0000754,LOAN,Kredit Usaha,2022-01-17,ACTIVE,0.00,,0.0895,2068985.73,1
2025-08-01,ACC0000001698,CUST0000858,LOAN,Kredit Kendaraan,2022-10-26,ACTIVE,0.00,,0.0992,6527201.84,2
2025-08-01,ACC0000001733,CUST0000874,SAVINGS,Tabungan Rencana,2021-07-27,DORMANT,831887.23,,0.1223,0.00,0
2025-08-01,ACC0000001861,CUST0000936,INVESTMENT,SBN Retail,2023-12-06,ACTIVE,0.00,,0.0269,-6052818.17,2
2025-08-01,ACC0000001984,CUST0000997,CREDIT_CARD,Kartu Virtual,2022-05-10,CLOSED,0.00,8061284.33,0.0823,0.00,0
2025-08-01,ACC0000002283,CUST0001144,CREDIT_CARD,Kartu Platinum,2024-12-30,CLOSED,0.00,5049042.29,0.0152,0.00,0
2025-08-01,ACC0000002442,CUST0001226,INVESTMENT,Deposito,2023-06-22,ACTIVE,0.00,,0.082,-1077774.56,3
2025-08-01,ACC0000002778,CUST0001404,CREDIT_CARD,Kartu Gold,2024-02-16,ACTIVE,0.00,40138000.33,0.0678,4640849.93,1
2025-08-01,ACC0000002981,CUST0001501,CREDIT_CARD,Kartu Platinum,2023-10-25,ACTIVE,0.00,28476682.27,0.0645,-5342766.96,4
2025-08-01,ACC0000003258,CUST0001642,INVESTMENT,SBN Retail,2023-01-05,SUSPENDED,0.00,,0.0596,0.00,0
2025-08-01,ACC0000003262,CUST0001644,SAVINGS,Tabungan Haji,2023-07-06,ACTIVE,48914418.36,,0.0395,1357050.38,2
2025-08-01,ACC0000003457,CUST0001739,CREDIT_CARD,Kartu Classic,2025-01-28,ACTIVE,0.00,10069298.66,0.0597,-2544955.74,1
2025-08-01,ACC0000003913,CUST0001974,CREDIT_CARD,Kartu Virtual,2025-04-14,ACTIVE,0.00,45021854.01,0.0508,-2705914.57,4
2025-08-01,ACC0000003928,CUST0001981,INVESTMENT,Reksa Dana,2024-08-28,ACTIVE,0.00,,0.0203,-5173830.43,4
2025-08-01,ACC0000004300,CUST0002161,SAVINGS,Tabungan Berjangka,2024-05-23,ACTIVE,35893847.68,,0.1373,4522817.92,1
2025-08-01,ACC0000004344,CUST0002183,SAVINGS,Tabungan Berjangka,2025-01-04,ACTIVE,49271244.97,,0.1386,-1298456.32,5
2025-08-01,ACC0000004628,CUST0002325,INVESTMENT,Reksa Dana,2024-11-26,ACTIVE,0.00,,0.0822,0.00,0
2025-08-01,ACC0000004824,CUST0002420,SAVINGS,Tabungan Negara Plus,2023-12-11,ACTIVE,9166620.99,,0.0974,-7593577.45,2
2025-08-01,ACC0000004878,CUST0002448,INVESTMENT,SBN Retail,2024-07-26,ACTIVE,0.00,,0.13,-1448653.76,1
2025-08-01,ACC0000005138,CUST0002578,SAVINGS,Tabungan Rencana,2022-02-19,ACTIVE,34625302.33,,0.0736,6770492.90,2
2025-08-01,ACC0000005478,CUST0002749,LOAN,Kredit Kendaraan,2022-06-23,ACTIVE,0.00,,0.0687,-1836192.29,5
2025-08-01,ACC0000005525,CUST0002771,SAVINGS,Tabungan Berjangka,2021-11-24,DORMANT,2295685.69,,0.1158,0.00,0
2025-08-01,ACC0000005570,CUST0002794,SAVINGS,Tabungan Negara Plus,2024-05-03,ACTIVE,22682872.44,,0.0902,3846836.20,1
2025-08-01,ACC0000005633,CUST0002827,CREDIT_CARD,Kartu Platinum,2023-11-26,ACTIVE,0.00,37278840.18,0.0315,3865448.17,1
2025-08-01,ACC0000005813,CUST0002922,INVESTMENT,SBN Retail,2025-01-02,ACTIVE,0.00,,0.108,0.00,0
2025-08-01,ACC0000005879,CUST0002956,CREDIT_CARD,Kartu Virtual,2021-07-04,ACTIVE,0.00,47577473.87,0.0633,0.00,0
2025-08-01,ACC0000005966,CUST0002997,SAVINGS,Tabungan Rencana,2024-05-19,DORMANT,13080970.67,,0.0284,0.00,0
2025-08-01,ACC0000006018,CUST0003025,INVESTMENT,Deposito,2023-12-22,ACTIVE,0.00,,0.1068,1501914.27,4
2025-08-01,ACC0000006085,CUST0003058,SAVINGS,Tabungan Haji,2023-06-10,ACTIVE,26238953.80,,0.0124,-2043657.69,3
2025-08-01,ACC0000006349,CUST0003188,INVESTMENT,Deposito,2024-12-29,ACTIVE,0.00,,0.1272,0.00,0
2025-08-01,ACC0000006618,CUST0003324,LOAN,Kredit Kendaraan,2024-09-12,ACTIVE,0.00,,0.0452,7286408.04,2
2025-08-01,ACC0000006651,CUST0003341,SAVINGS,Tabungan Rencana,2023-05-17,ACTIVE,36274943.46,,0.0574,3299225.89,1
2025-08-01,ACC0000007040,CUST0003540,INVESTMENT,Obligasi,2021-06-05,ACTIVE,0.00,,0.0395,7921975.59,2
2025-08-01,ACC0000007043,CUST0003541,CREDIT_CARD,Kartu Gold,2024-06-01,ACTIVE,0.00,48769341.03,0.0708,-3229382.73,3
2025-08-01,ACC0000007059,CUST0003550,INVESTMENT,SBN Retail,2023-01-04,ACTIVE,0.00,,0.0918,-970791.85,1
2025-08-01,ACC0000007481,CUST0003758,SAVINGS,Tabungan Negara Plus,2021-07-05,ACTIVE,26128808.51,,0.1413,8261662.02,4
2025-08-01,ACC0000007493,CUST0003763,SAVINGS,Tabungan Rencana,2022-02-25,ACTIVE,33082699.58,,0.1094,2315257.14,1
2025-08-01,ACC0000007581,CUST0003808,CREDIT_CARD,Kartu Platinum,2024-11-05,ACTIVE,0.00,31558699.80,0.0813,0.00,0
2025-08-01,ACC0000007620,CUST0003828,SAVINGS,Tabungan Rencana,2023-10-28,ACTIVE,49058719.95,,0.1147,1837381.31,3
2025-08-01,ACC0000000175,CUST0000086,CREDIT_CARD,Kartu Classic,2021-01-25,SUSPENDED,0.00,18372739.88,0.1263,0.00,0
2025-08-01,ACC0000000531,CUST0000267,LOAN,Kredit Usaha,2024-08-08,ACTIVE,0.00,,0.1479,-4814435.32,2
2025-08-01,ACC0000000766,CUST0000379,SAVINGS,Tabungan Negara Plus,2021-04-01,ACTIVE,11124094.16,,0.0811,-2560595.30,1
2025-08-01,ACC0000001386,CUST0000697,INVESTMENT,SBN Retail,2024-09-15,ACTIVE,0.00,,0.1004,0.00,0
2025-08-01,ACC0000001417,CUST0000714,CREDIT_CARD,Kartu Platinum,2024-02-23,ACTIVE,0.00,12774391.07,0.1063,-2264100.87,1
2025-08-01,ACC0000001478,CUST0000741,CREDIT_CARD,Kartu Classic,2023-02-25,ACTIVE,0.00,36258186.69,0.1246,0.00,0
2025-08-01,ACC0000002029,CUST0001022,CREDIT_CARD,Kartu Gold,2024-12-04,ACTIVE,0.00,44390737.54,0.0419,5794360.77,5
2025-08-01,ACC0000002209,CUST0001109,LOAN,KTA Personal,2024-12-03,DORMANT,0.00,,0.0227,0.00,0
2025-08-01,ACC0000002278,CUST0001142,SAVINGS,Tabungan Haji,2024-09-17,ACTIVE,18007288.44,,0.0974,0.00,0
2025-08-01,ACC0000002315,CUST0001158,SAVINGS,Tabungan Berjangka,2021-08-12,ACTIVE,34678207.38,,0.0225,1684047.50,4
2025-08-01,ACC0000002572,CUST0001291,SAVINGS,Tabungan Negara Plus,2023-04-15,ACTIVE,1758360.97,,0.0478,0.00,0
2025-08-01,ACC0000002699,CUST0001361,INVESTMENT,Reksa Dana,2025-02-17,ACTIVE,0.00,,0.0713,0.00,0
2025-08-01,ACC0000002757,CUST0001393,INVESTMENT,SBN Retail,2021-12-22,ACTIVE,0.00,,0.0477,6235377.04,3
2025-08-01,ACC0000002999,CUST0001511,SAVINGS,Tabungan Berjangka,2023-06-09,SUSPENDED,48916337.31,,0.0502,0.00,0
2025-08-01,ACC0000003271,CUST0001649,LOAN,KTA Personal,2023-07-08,ACTIVE,0.00,,0.0385,-4372809.73,1
2025-08-01,ACC0000003274,CUST0001650,LOAN,Kredit Usaha,2021-10-12,ACTIVE,0.00,,0.1027,0.00,0
2025-08-01,ACC0000003338,CUST0001679,LOAN,KPR Rumah,2023-07-05,DORMANT,0.00,,0.0455,0.00,0
2025-08-01,ACC0000003585,CUST0001808,LOAN,Kredit Usaha,2021-04-04,ACTIVE,0.00,,0.0865,-105949.30,1
2025-08-01,ACC0000003604,CUST0001816,CREDIT_CARD,Kartu Classic,2024-11-01,ACTIVE,0.00,42293409.14,0.086,3273484.94,1
2025-08-01,ACC0000003732,CUST0001879,INVESTMENT,SBN Retail,2025-04-16,ACTIVE,0.00,,0.0843,3805590.07,4
2025-08-01,ACC0000003969,CUST0002001,CREDIT_CARD,Kartu Virtual,2023-04-28,ACTIVE,0.00,5492775.44,0.0926,-7288041.89,2
2025-08-01,ACC0000004202,CUST0002118,LOAN,Kredit Kendaraan,2023-04-23,ACTIVE,0.00,,0.1105,-2292070.12,1
2025-08-01,ACC0000004270,CUST0002148,LOAN,KPR Rumah,2022-12-27,ACTIVE,0.00,,0.0281,11618385.79,4
2025-08-01,ACC0000004407,CUST0002213,CREDIT_CARD,Kartu Classic,2024-12-18,ACTIVE,0.00,44595605.16,0.1171,0.00,0
2025-08-01,ACC0000004463,CUST0002241,LOAN,KTA Personal,2024-03-03,ACTIVE,0.00,,0.1117,128551.77,2
2025-08-01,ACC0000004782,CUST0002397,SAVINGS,Tabungan Haji,2023-03-05,ACTIVE,41792883.33,,0.14,0.00,0
2025-08-01,ACC0000004937,CUST0002476,SAVINGS,Tabungan Berjangka,2024-09-28,ACTIVE,13485454.53,,0.1478,3395304.15,1
2025-08-01,ACC0000004970,CUST0002492,INVESTMENT,Reksa Dana,2022-02-22,ACTIVE,0.00,,0.031,0.00,0
2025-08-01,ACC0000005008,CUST0002511,INVESTMENT,Deposito,2025-01-21,ACTIVE,0.00,,0.0736,4828809.86,3
2025-08-01,ACC0000005153,CUST0002586,INVESTMENT,Deposito,2022-04-03,ACTIVE,0.00,,0.0299,0.00,0
2025-08-01,ACC0000005590,CUST0002805,SAVINGS,Tabungan Rencana,2025-02-23,ACTIVE,46597026.40,,0.0466,6086929.54,2
2025-08-01,ACC0000005600,CUST0002812,SAVINGS,Tabungan Haji,2022-10-04,ACTIVE,32869339.18,,0.0134,10266329.70,5
2025-08-01,ACC0000005845,CUST0002939,INVESTMENT,Obligasi,2024-01-21,ACTIVE,0.00,,0.0432,-2737005.60,4
2025-08-01,ACC0000006057,CUST0003045,CREDIT_CARD,Kartu Virtual,2022-03-15,ACTIVE,0.00,31761896.89,0.047,-1445612.64,1
2025-08-01,ACC0000006159,CUST0003095,LOAN,Kredit Kendaraan,2022-12-18,ACTIVE,0.00,,0.1153,1204478.44,2
2025-08-01,ACC0000006278,CUST0003153,LOAN,KTA Personal,2024-03-12,ACTIVE,0.00,,0.1389,0.00,0
2025-08-01,ACC0000006286,CUST0003157,LOAN,KPR Rumah,2023-12-02,ACTIVE,0.00,,0.1409,4143281.91,1
2025-08-01,ACC0000006412,CUST0003222,INVESTMENT,Obligasi,2025-02-06,ACTIVE,0.00,,0.0353,104529.50,3
2025-08-01,ACC0000006476,CUST0003253,INVESTMENT,Reksa Dana,2022-04-12,ACTIVE,0.00,,0.0228,-2135100.12,1
2025-08-01,ACC0000006487,CUST0003258,INVESTMENT,SBN Retail,2021-11-09,DORMANT,0.00,,0.0711,0.00,0
2025-08-01,ACC0000006506,CUST0003268,LOAN,Kredit Kendaraan,2023-07-31,ACTIVE,0.00,,0.1197,-252963.71,1
2025-08-01,ACC0000006552,CUST0003290,SAVINGS,Tabungan Rencana,2024-06-18,DORMANT,1681700.90,,0.0417,0.00,0
2025-08-01,ACC0000006660,CUST0003346,INVESTMENT,Reksa Dana,2022-05-13,ACTIVE,0.00,,0.0759,-2751723.03,1
2025-08-01,ACC0000006711,CUST0003371,INVESTMENT,Deposito,2021-06-27,CLOSED,0.00,,0.0156,0.00,0
2025-08-01,ACC0000007108,CUST0003577,INVESTMENT,SBN Retail,2023-11-04,ACTIVE,0.00,,0.0365,-2555391.48,1
2025-08-01,ACC0000007134,CUST0003591,LOAN,KTA Personal,2024-09-25,ACTIVE,0.00,,0.039,-3706035.08,2
2025-08-01,ACC0000007247,CUST0003646,LOAN,Kredit Kendaraan,2022-12-12,CLOSED,0.00,,0.0753,0.00,0
2025-08-01,ACC0000007504,CUST0003769,CREDIT_CARD,Kartu Virtual,2023-03-28,ACTIVE,0.00,32107706.82,0.0202,3900248.20,2
2025-08-01,ACC0000007640,CUST0003839,INVESTMENT,Deposito,2024-02-07,ACTIVE,0.00,,0.0206,-2632864.68,1
2025-08-01,ACC0000007652,CUST0003845,SAVINGS,Tabungan Haji,2024-06-24,ACTIVE,3201994.78,,0.0258,-552722.49,3
2025-08-01,ACC0000007874,CUST0003957,SAVINGS,Tabungan Haji,2023-07-17,ACTIVE,42499937.51,,0.0615,-635086.20,1
2025-08-01,ACC0000000179,CUST0000088,LOAN,Kredit Kendaraan,2023-05-19,ACTIVE,0.00,,0.0992,-2115968.38,1
2025-08-01,ACC0000000246,CUST0000124,CREDIT_CARD,Kartu Gold,2021-12-10,ACTIVE,0.00,19704722.44,0.1145,-3652897.89,1
2025-08-01,ACC0000000470,CUST0000238,SAVINGS,Tabungan Rencana,2023-06-08,ACTIVE,15895430.86,,0.0638,0.00,0
2025-08-01,ACC0000000479,CUST0000242,SAVINGS,Tabungan Negara Plus,2023-05-14,ACTIVE,484472.87,,0.1023,4110421.33,4
2025-08-01,ACC0000000641,CUST0000319,SAVINGS,Tabungan Negara Plus,2023-06-22,ACTIVE,18213423.86,,0.0157,3248190.02,1
2025-08-01,ACC0000000682,CUST0000338,CREDIT_CARD,Kartu Classic,2023-02-26,ACTIVE,0.00,19419040.74,0.0808,-4251569.72,1
2025-08-01,ACC0000001197,CUST0000599,LOAN,KTA Personal,2024-03-30,CLOSED,0.00,,0.1429,0.00,0
2025-08-01,ACC0000001396,CUST0000701,CREDIT_CARD,Kartu Classic,2023-04-09,ACTIVE,0.00,39797935.78,0.0898,445869.68,1
2025-08-01,ACC0000001523,CUST0000762,LOAN,KTA Personal,2021-07-06,ACTIVE,0.00,,0.1373,908165.45,2
2025-08-01,ACC0000001567,CUST0000786,INVESTMENT,Reksa Dana,2023-10-07,DORMANT,0.00,,0.0673,0.00,0
2025-08-01,ACC0000001616,CUST0000814,CREDIT_CARD,Kartu Classic,2022-07-05,ACTIVE,0.00,36973799.45,0.0927,-1120581.80,1
2025-08-01,ACC0000001764,CUST0000889,CREDIT_CARD,Kartu Platinum,2024-05-30,ACTIVE,0.00,30066523.47,0.1145,0.00,0
2025-08-01,ACC0000001866,CUST0000939,SAVINGS,Tabungan Negara Plus,2023-12-02,ACTIVE,10813673.48,,0.1436,4443562.39,3
2025-08-01,ACC0000002479,CUST0001244,LOAN,KTA Personal,2023-12-22,ACTIVE,0.00,,0.1166,-117799.32,3
2025-08-01,ACC0000002953,CUST0001488,CREDIT_CARD,Kartu Platinum,2023-12-23,ACTIVE,0.00,37031637.79,0.0885,-1329525.33,1
2025-08-01,ACC0000003057,CUST0001538,LOAN,KPR Rumah,2024-12-06,ACTIVE,0.00,,0.0791,-4207093.50,2
2025-08-01,ACC0000003166,CUST0001594,CREDIT_CARD,Kartu Platinum,2025-02-18,ACTIVE,0.00,39436339.50,0.1027,4656656.95,2
2025-08-01,ACC0000003239,CUST0001634,CREDIT_CARD,Kartu Platinum,2023-01-19,DORMANT,0.00,34723110.90,0.1148,0.00,0
2025-08-01,ACC0000003344,CUST0001682,CREDIT_CARD,Kartu Virtual,2024-06-12,ACTIVE,0.00,29061674.29,0.0455,-9185921.16,4
2025-08-01,ACC0000003769,CUST0001900,LOAN,Kredit Usaha,2024-08-04,ACTIVE,0.00,,0.0775,3327533.21,2
2025-08-01,ACC0000004124,CUST0002076,INVESTMENT,Obligasi,2023-10-06,ACTIVE,0.00,,0.013,-4070588.43,2
2025-08-01,ACC0000004238,CUST0002132,SAVINGS,Tabungan Berjangka,2021-12-20,CLOSED,22282398.93,,0.1312,0.00,0
2025-08-01,ACC0000004860,CUST0002437,SAVINGS,Tabungan Haji,2022-11-01,DORMANT,12520405.86,,0.0841,0.00,0
2025-08-01,ACC0000005114,CUST0002568,CREDIT_CARD,Kartu Virtual,2024-06-19,ACTIVE,0.00,28453376.90,0.1007,1687594.05,4
2025-08-01,ACC0000005148,CUST0002584,LOAN,Kredit Usaha,2024-01-17,CLOSED,0.00,,0.0514,0.00,0
2025-08-01,ACC0000005347,CUST0002684,LOAN,Kredit Kendaraan,2021-04-03,ACTIVE,0.00,,0.069,3051878.94,2
2025-08-01,ACC0000005627,CUST0002825,CREDIT_CARD,Kartu Gold,2021-06-24,CLOSED,0.00,41844420.45,0.0116,0.00,0
2025-08-01,ACC0000005897,CUST0002964,INVESTMENT,SBN Retail,2022-01-30,ACTIVE,0.00,,0.0365,3100882.99,1
2025-08-01,ACC0000006223,CUST0003126,LOAN,Kredit Usaha,2023-07-29,ACTIVE,0.00,,0.1006,4079980.73,2
2025-08-01,ACC0000006416,CUST0003224,INVESTMENT,Deposito,2023-11-27,ACTIVE,0.00,,0.0444,5590311.25,3
2025-08-01,ACC0000006449,CUST0003241,SAVINGS,Tabungan Rencana,2021-07-09,ACTIVE,832590.40,,0.0168,0.00,0
2025-08-01,ACC0000006474,CUST0003252,INVESTMENT,Deposito,2024-09-14,SUSPENDED,0.00,,0.0762,0.00,0
2025-08-01,ACC0000006603,CUST0003316,INVESTMENT,Obligasi,2023-03-08,ACTIVE,0.00,,0.0909,5152140.45,2
2025-08-01,ACC0000006814,CUST0003421,CREDIT_CARD,Kartu Gold,2022-08-17,ACTIVE,0.00,42698090.59,0.1409,1365081.37,4
2025-08-01,ACC0000006993,CUST0003518,CREDIT_CARD,Kartu Platinum,2022-07-14,DORMANT,0.00,16247018.17,0.0537,0.00,0
2025-08-01,ACC0000007232,CUST0003640,SAVINGS,Tabungan Haji,2023-08-22,ACTIVE,18549596.99,,0.1073,2352429.02,2
2025-08-01,ACC0000007242,CUST0003643,LOAN,Kredit Kendaraan,2024-07-30,ACTIVE,0.00,,0.079,-2100437.99,1
2025-08-01,ACC0000007277,CUST0003660,INVESTMENT,Deposito,2023-08-12,ACTIVE,0.00,,0.0578,673219.30,3
2025-08-01,ACC0000007597,CUST0003815,LOAN,KPR Rumah,2025-01-02,ACTIVE,0.00,,0.0161,-2307164.39,2
2025-08-01,ACC0000007717,CUST0003879,CREDIT_CARD,Kartu Gold,2022-12-29,ACTIVE,0.00,39532561.58,0.0815,961154.09,4
2025-08-01,ACC0000000433,CUST0000217,INVESTMENT,Obligasi,2021-12-12,CLOSED,0.00,,0.0347,0.00,0
2025-08-01,ACC0000000620,CUST0000310,SAVINGS,Tabungan Rencana,2022-07-14,DORMANT,35927354.32,,0.0772,0.00,0
2025-08-01,ACC0000000628,CUST0000314,LOAN,KPR Rumah,2025-01-16,ACTIVE,0.00,,0.1032,-7510433.91,2
2025-08-01,ACC0000000657,CUST0000325,INVESTMENT,Reksa Dana,2022-03-22,ACTIVE,0.00,,0.0894,0.00,0
2025-08-01,ACC0000001702,CUST0000860,SAVINGS,Tabungan Berjangka,2024-08-28,ACTIVE,36972706.29,,0.1018,-787916.35,2
2025-08-01,ACC0000002527,CUST0001269,INVESTMENT,SBN Retail,2023-08-30,ACTIVE,0.00,,0.1445,1689056.34,3
2025-08-01,ACC0000002558,CUST0001285,SAVINGS,Tabungan Berjangka,2023-08-17,ACTIVE,11708862.82,,0.0725,-2900482.85,1
2025-08-01,ACC0000002574,CUST0001292,LOAN,KTA Personal,2022-05-20,ACTIVE,0.00,,0.0819,-3834994.02,1
2025-08-01,ACC0000002814,CUST0001422,CREDIT_CARD,Kartu Gold,2023-03-10,ACTIVE,0.00,35951815.15,0.0325,-202465.63,3
2025-08-01,ACC0000002838,CUST0001433,INVESTMENT,Reksa Dana,2022-04-29,DORMANT,0.00,,0.1414,0.00,0
2025-08-01,ACC0000002899,CUST0001463,CREDIT_CARD,Kartu Virtual,2023-03-21,ACTIVE,0.00,13044511.39,0.1432,-2671418.76,7
2025-08-01,ACC0000003568,CUST0001798,SAVINGS,Tabungan Negara Plus,2023-12-11,ACTIVE,5274460.14,,0.0281,4062075.48,2
2025-08-01,ACC0000003651,CUST0001843,INVESTMENT,Obligasi,2023-10-07,ACTIVE,0.00,,0.0565,2933160.89,2
2025-08-01,ACC0000003847,CUST0001941,LOAN,KPR Rumah,2023-10-27,ACTIVE,0.00,,0.1185,-2808317.11,1
2025-08-01,ACC0000004025,CUST0002030,INVESTMENT,Reksa Dana,2025-03-20,ACTIVE,0.00,,0.0356,1424199.74,4
2025-08-01,ACC0000004076,CUST0002055,CREDIT_CARD,Kartu Classic,2023-06-10,ACTIVE,0.00,8350518.11,0.0968,573540.17,3
2025-08-01,ACC0000004249,CUST0002138,SAVINGS,Tabungan Berjangka,2022-09-19,ACTIVE,39972348.54,,0.0885,-1115326.63,1
2025-08-01,ACC0000004422,CUST0002220,INVESTMENT,SBN Retail,2022-12-22,ACTIVE,0.00,,0.0652,0.00,0
2025-08-01,ACC0000004699,CUST0002361,CREDIT_CARD,Kartu Classic,2022-06-27,ACTIVE,0.00,9544173.74,0.1014,0.00,0
2025-08-01,ACC0000004827,CUST0002423,LOAN,Kredit Usaha,2022-06-13,ACTIVE,0.00,,0.1212,2044936.12,1
2025-08-01,ACC0000004929,CUST0002473,INVESTMENT,Obligasi,2022-05-29,CLOSED,0.00,,0.1401,0.00,0
2025-08-01,ACC0000005206,CUST0002613,CREDIT_CARD,Kartu Classic,2022-10-01,DORMANT,0.00,35844027.17,0.0748,0.00,0
2025-08-01,ACC0000005377,CUST0002699,LOAN,KPR Rumah,2025-06-15,ACTIVE,0.00,,0.1274,1460101.25,2
2025-08-01,ACC0000005536,CUST0002777,SAVINGS,Tabungan Berjangka,2021-11-13,ACTIVE,18231590.43,,0.0159,1844132.27,1
2025-08-01,ACC0000005591,CUST0002805,LOAN,Kredit Kendaraan,2025-04-18,ACTIVE,0.00,,0.1112,-1518970.11,1
2025-08-01,ACC0000005635,CUST0002828,SAVINGS,Tabungan Berjangka,2023-02-27,ACTIVE,31484915.23,,0.1204,317532.17,2
2025-08-01,ACC0000006094,CUST0003062,LOAN,KPR Rumah,2024-03-31,ACTIVE,0.00,,0.0525,5681562.95,3
2025-08-01,ACC0000006139,CUST0003085,CREDIT_CARD,Kartu Virtual,2023-10-09,ACTIVE,0.00,38448025.82,0.0767,-3255100.41,2
2025-08-01,ACC0000006403,CUST0003218,SAVINGS,Tabungan Negara Plus,2022-10-27,ACTIVE,26973865.85,,0.0395,3101356.00,1
2025-08-01,ACC0000006424,CUST0003229,SAVINGS,Tabungan Berjangka,2024-08-16,CLOSED,6608499.26,,0.0402,0.00,0
2025-08-01,ACC0000006859,CUST0003445,CREDIT_CARD,Kartu Platinum,2025-04-09,ACTIVE,0.00,33629797.33,0.0907,4220191.04,1
2025-08-01,ACC0000006957,CUST0003499,SAVINGS,Tabungan Haji,2024-04-14,DORMANT,5216011.38,,0.0906,0.00,0
2025-08-01,ACC0000007036,CUST0003538,INVESTMENT,Deposito,2025-05-19,ACTIVE,0.00,,0.092,-3681924.09,1
2025-08-01,ACC0000007268,CUST0003656,SAVINGS,Tabungan Berjangka,2023-05-02,ACTIVE,13305612.24,,0.0521,-2218609.30,1
2025-08-01,ACC0000007416,CUST0003727,INVESTMENT,Deposito,2022-11-20,ACTIVE,0.00,,0.096,-1415715.89,2
2025-08-01,ACC0000007678,CUST0003857,LOAN,Kredit Kendaraan,2025-06-23,ACTIVE,0.00,,0.0858,-1217010.78,2
2025-08-01,ACC0000007818,CUST0003929,CREDIT_CARD,Kartu Classic,2022-07-31,ACTIVE,0.00,10591730.37,0.1022,1508208.98,1
2025-08-01,ACC0000000120,CUST0000063,SAVINGS,Tabungan Berjangka,2021-06-27,CLOSED,206629.51,,0.1291,0.00,0
2025-08-01,ACC0000001244,CUST0000626,LOAN,KTA Personal,2022-07-04,ACTIVE,0.00,,0.1208,-2108614.58,1
2025-08-01,ACC0000001734,CUST0000875,INVESTMENT,SBN Retail,2024-12-22,ACTIVE,0.00,,0.1425,0.00,0
2025-08-01,ACC0000001793,CUST0000902,INVESTMENT,Obligasi,2025-02-28,ACTIVE,0.00,,0.0801,-180301.73,2
2025-08-01,ACC0000001795,CUST0000902,INVESTMENT,Reksa Dana,2025-03-25,ACTIVE,0.00,,0.0745,0.00,0
2025-08-01,ACC0000001893,CUST0000954,CREDIT_CARD,Kartu Gold,2024-01-09,ACTIVE,0.00,47747428.98,0.0379,-149085.73,2
2025-08-01,ACC0000002236,CUST0001120,CREDIT_CARD,Kartu Gold,2023-09-13,ACTIVE,0.00,31577843.53,0.1381,3714289.03,1
2025-08-01,ACC0000002328,CUST0001166,LOAN,KPR Rumah,2024-08-31,ACTIVE,0.00,,0.0673,2729588.38,1
2025-08-01,ACC0000002400,CUST0001202,CREDIT_CARD,Kartu Virtual,2025-02-25,ACTIVE,0.00,35240054.83,0.028,-7060143.57,5
2025-08-01,ACC0000002461,CUST0001236,LOAN,Kredit Kendaraan,2024-04-24,ACTIVE,0.00,,0.0928,2519634.25,2
2025-08-01,ACC0000002498,CUST0001255,INVESTMENT,Obligasi,2023-12-04,ACTIVE,0.00,,0.0499,-3854550.39,1
2025-08-01,ACC0000002772,CUST0001401,LOAN,KPR Rumah,2023-01-19,ACTIVE,0.00,,0.1316,3074687.02,3
2025-08-01,ACC0000002910,CUST0001470,SAVINGS,Tabungan Negara Plus,2025-04-05,DORMANT,17959750.03,,0.1155,0.00,0
2025-08-01,ACC0000003127,CUST0001576,INVESTMENT,Reksa Dana,2022-01-29,SUSPENDED,0.00,,0.0592,0.00,0
2025-08-01,ACC0000003236,CUST0001633,CREDIT_CARD,Kartu Virtual,2021-11-22,ACTIVE,0.00,18054973.34,0.0166,1387749.56,3
2025-08-01,ACC0000003475,CUST0001746,CREDIT_CARD,Kartu Virtual,2025-02-27,ACTIVE,0.00,19437797.79,0.1412,3072022.33,4
2025-08-01,ACC0000003776,CUST0001904,LOAN,Kredit Kendaraan,2021-12-29,ACTIVE,0.00,,0.0486,-2622421.86,3
2025-08-01,ACC0000003800,CUST0001916,SAVINGS,Tabungan Negara Plus,2023-08-25,ACTIVE,30082434.91,,0.0558,3499362.69,1
2025-08-01,ACC0000003817,CUST0001925,SAVINGS,Tabungan Rencana,2022-01-24,ACTIVE,20516093.37,,0.0525,3009197.26,1
2025-08-01,ACC0000004585,CUST0002300,LOAN,Kredit Usaha,2022-03-04,ACTIVE,0.00,,0.1073,0.00,0
2025-08-01,ACC0000004688,CUST0002352,CREDIT_CARD,Kartu Gold,2023-05-16,ACTIVE,0.00,48576433.37,0.1254,3582694.25,1
2025-08-01,ACC0000004712,CUST0002366,SAVINGS,Tabungan Negara Plus,2023-04-12,ACTIVE,32544392.60,,0.0277,1922601.23,1
2025-08-01,ACC0000004780,CUST0002396,INVESTMENT,SBN Retail,2025-03-19,ACTIVE,0.00,,0.0359,2931513.87,3
2025-08-01,ACC0000004884,CUST0002450,SAVINGS,Tabungan Negara Plus,2024-04-06,ACTIVE,46038126.28,,0.0278,0.00,0
2025-08-01,ACC0000005074,CUST0002546,SAVINGS,Tabungan Negara Plus,2025-06-25,ACTIVE,1305721.15,,0.0906,-1112114.75,3
2025-08-01,ACC0000005558,CUST0002788,CREDIT_CARD,Kartu Gold,2021-05-23,ACTIVE,0.00,26521994.96,0.1073,2724285.38,1
2025-08-01,ACC0000005648,CUST0002835,SAVINGS,Tabungan Rencana,2022-12-09,ACTIVE,36109586.13,,0.1462,0.00,0
2025-08-01,ACC0000005888,CUST0002961,LOAN,Kredit Kendaraan,2021-08-26,SUSPENDED,0.00,,0.0402,0.00,0
2025-08-01,ACC0000006059,CUST0003047,CREDIT_CARD,Kartu Classic,2021-10-27,ACTIVE,0.00,8862382.03,0.0858,5909321.62,3
2025-08-01,ACC0000006089,CUST0003060,LOAN,Kredit Usaha,2025-03-26,ACTIVE,0.00,,0.0527,335266.76,3
2025-08-01,ACC0000006438,CUST0003235,INVESTMENT,SBN Retail,2024-04-24,ACTIVE,0.00,,0.0968,-923618.96,1
2025-08-01,ACC0000006631,CUST0003329,LOAN,KPR Rumah,2022-10-27,ACTIVE,0.00,,0.0562,3809244.49,4
2025-08-01,ACC0000006801,CUST0003414,CREDIT_CARD,Kartu Gold,2023-05-10,CLOSED,0.00,11773057.19,0.1423,0.00,0
2025-08-01,ACC0000006832,CUST0003432,INVESTMENT,Deposito,2023-12-10,ACTIVE,0.00,,0.022,0.00,0
2025-08-01,ACC0000006849,CUST0003438,SAVINGS,Tabungan Berjangka,2025-06-03,ACTIVE,30028068.59,,0.0796,9562341.85,4
2025-08-01,ACC0000006876,CUST0003453,CREDIT_CARD,Kartu Classic,2025-04-20,ACTIVE,0.00,48205551.81,0.1432,-2391993.15,1
2025-08-01,ACC0000006919,CUST0003478,SAVINGS,Tabungan Negara Plus,2025-03-09,ACTIVE,43944142.65,,0.0141,-4281708.92,2
2025-08-01,ACC0000007031,CUST0003536,SAVINGS,Tabungan Haji,2024-04-06,SUSPENDED,725189.79,,0.0972,0.00,0
2025-08-01,ACC0000007112,CUST0003580,CREDIT_CARD,Kartu Virtual,2021-08-15,ACTIVE,0.00,38069790.76,0.0271,2039726.43,3
2025-08-01,ACC0000007117,CUST0003582,SAVINGS,Tabungan Berjangka,2021-10-06,DORMANT,13751560.63,,0.1451,0.00,0
2025-08-01,ACC0000007167,CUST0003608,INVESTMENT,Obligasi,2023-06-11,ACTIVE,0.00,,0.1492,1599077.37,1
2025-08-01,ACC0000007535,CUST0003784,LOAN,Kredit Usaha,2021-05-20,ACTIVE,0.00,,0.1248,-3000919.33,4
2025-08-01,ACC0000007677,CUST0003857,INVESTMENT,SBN Retail,2025-07-23,CLOSED,0.00,,0.1013,0.00,0
2025-08-01,ACC0000000299,CUST0000149,SAVINGS,Tabungan Negara Plus,2023-05-09,ACTIVE,28252948.28,,0.1293,0.00,0
2025-08-01,ACC0000000942,CUST0000470,LOAN,KPR Rumah,2024-03-24,SUSPENDED,0.00,,0.0997,0.00,0
2025-08-01,ACC0000001015,CUST0000508,CREDIT_CARD,Kartu Gold,2024-06-06,ACTIVE,0.00,21210747.69,0.1234,0.00,0
2025-08-01,ACC0000001079,CUST0000539,SAVINGS,Tabungan Rencana,2024-05-08,ACTIVE,19760206.60,,0.072,4196125.76,1
2025-08-01,ACC0000001178,CUST0000591,LOAN,KPR Rumah,2023-10-20,ACTIVE,0.00,,0.0625,-856253.25,1
2025-08-01,ACC0000001272,CUST0000641,INVESTMENT,SBN Retail,2024-06-18,ACTIVE,0.00,,0.0155,5110562.46,2
2025-08-01,ACC0000001745,CUST0000880,SAVINGS,Tabungan Berjangka,2024-11-19,ACTIVE,19236273.04,,0.1378,-3306213.31,1
2025-08-01,ACC0000001820,CUST0000916,SAVINGS,Tabungan Negara Plus,2023-07-27,ACTIVE,13819432.46,,0.0416,-5479353.77,2
2025-08-01,ACC0000001883,CUST0000949,INVESTMENT,Deposito,2022-01-26,ACTIVE,0.00,,0.1,0.00,0
2025-08-01,ACC0000001989,CUST0001000,CREDIT_CARD,Kartu Classic,2024-07-19,ACTIVE,0.00,26253206.17,0.0703,1213524.96,3
2025-08-01,ACC0000002067,CUST0001041,LOAN,KTA Personal,2022-12-23,ACTIVE,0.00,,0.0188,216733.01,1
2025-08-01,ACC0000002693,CUST0001359,INVESTMENT,Obligasi,2023-04-16,ACTIVE,0.00,,0.0962,-936295.96,2
2025-08-01,ACC0000002710,CUST0001367,LOAN,KPR Rumah,2024-07-11,ACTIVE,0.00,,0.0408,-762597.99,3
2025-08-01,ACC0000002916,CUST0001473,LOAN,Kredit Kendaraan,2022-09-29,DORMANT,0.00,,0.0246,0.00,0
2025-08-01,ACC0000003156,CUST0001589,SAVINGS,Tabungan Rencana,2024-04-03,ACTIVE,29258618.56,,0.1,2988594.35,2
2025-08-01,ACC0000003214,CUST0001622,SAVINGS,Tabungan Rencana,2023-02-03,ACTIVE,17191743.74,,0.1095,0.00,0
2025-08-01,ACC0000003276,CUST0001651,LOAN,KPR Rumah,2022-08-09,DORMANT,0.00,,0.1312,0.00,0
2025-08-01,ACC0000003417,CUST0001718,SAVINGS,Tabungan Berjangka,2021-03-15,ACTIVE,4700180.49,,0.1373,-2807728.65,2
2025-08-01,ACC0000003645,CUST0001839,SAVINGS,Tabungan Negara Plus,2021-12-03,ACTIVE,15596306.37,,0.1099,2489637.02,3
2025-08-01,ACC0000003673,CUST0001853,LOAN,KPR Rumah,2022-09-14,ACTIVE,0.00,,0.127,-1159385.55,1
2025-08-01,ACC0000003705,CUST0001867,LOAN,Kredit Usaha,2022-01-12,ACTIVE,0.00,,0.1494,2874910.00,1
2025-08-01,ACC0000003802,CUST0001918,LOAN,Kredit Usaha,2021-09-08,ACTIVE,0.00,,0.0182,-4937436.43,6
2025-08-01,ACC0000004171,CUST0002101,SAVINGS,Tabungan Rencana,2022-08-18,ACTIVE,1135289.96,,0.0665,-9491207.28,3
2025-08-01,ACC0000004329,CUST0002177,LOAN,KPR Rumah,2021-11-19,ACTIVE,0.00,,0.1288,-2023353.49,2
2025-08-01,ACC0000004418,CUST0002218,LOAN,KTA Personal,2021-05-27,ACTIVE,0.00,,0.1201,-3490934.53,2
2025-08-01,ACC0000004439,CUST0002229,LOAN,KPR Rumah,2021-07-09,ACTIVE,0.00,,0.04,334382.35,1
2025-08-01,ACC0000004597,CUST0002306,SAVINGS,Tabungan Rencana,2021-09-14,ACTIVE,35866838.02,,0.134,3342925.72,2
2025-08-01,ACC0000005280,CUST0002652,SAVINGS,Tabungan Berjangka,2022-07-18,ACTIVE,44815821.93,,0.0584,-2252056.39,2
2025-08-01,ACC0000005320,CUST0002670,CREDIT_CARD,Kartu Virtual,2021-08-13,ACTIVE,0.00,19697216.81,0.1213,-9008213.73,2
2025-08-01,ACC0000005700,CUST0002859,LOAN,KPR Rumah,2022-12-20,ACTIVE,0.00,,0.0254,-7381225.01,3
2025-08-01,ACC0000005717,CUST0002868,SAVINGS,Tabungan Haji,2024-08-03,CLOSED,47946698.39,,0.0995,0.00,0
2025-08-01,ACC0000005989,CUST0003010,CREDIT_CARD,Kartu Platinum,2023-10-09,ACTIVE,0.00,18444990.15,0.1201,0.00,0
2025-08-01,ACC0000006099,CUST0003065,LOAN,Kredit Kendaraan,2025-04-03,CLOSED,0.00,,0.0993,0.00,0
2025-08-01,ACC0000006115,CUST0003072,CREDIT_CARD,Kartu Virtual,2022-08-25,ACTIVE,0.00,37457047.72,0.1007,0.00,0
2025-08-01,ACC0000006151,CUST0003091,LOAN,KPR Rumah,2021-11-18,ACTIVE,0.00,,0.0918,-2447247.24,2
2025-08-01,ACC0000006252,CUST0003140,SAVINGS,Tabungan Rencana,2021-09-23,SUSPENDED,1672871.58,,0.1412,0.00,0
2025-08-01,ACC0000006272,CUST0003150,INVESTMENT,Reksa Dana,2022-05-14,ACTIVE,0.00,,0.1397,-17139.95,3
2025-08-01,ACC0000006333,CUST0003180,CREDIT_CARD,Kartu Platinum,2024-10-13,ACTIVE,0.00,40433231.59,0.0938,-704355.20,1
2025-08-01,ACC0000006407,CUST0003219,LOAN,Kredit Kendaraan,2021-07-04,ACTIVE,0.00,,0.1088,-7165422.86,2
2025-08-01,ACC0000006594,CUST0003311,SAVINGS,Tabungan Haji,2021-06-20,ACTIVE,18952411.08,,0.0539,-3695867.48,1
2025-08-01,ACC0000006654,CUST0003343,SAVINGS,Tabungan Rencana,2022-03-26,ACTIVE,12191858.24,,0.1453,-659470.67,3
2025-08-01,ACC0000007169,CUST0003609,INVESTMENT,SBN Retail,2023-07-21,ACTIVE,0.00,,0.0101,0.00,0
2025-08-01,ACC0000007251,CUST0003647,SAVINGS,Tabungan Haji,2021-08-15,ACTIVE,27738160.85,,0.0123,7527486.85,5
2025-08-01,ACC0000007266,CUST0003655,LOAN,Kredit Usaha,2021-11-14,ACTIVE,0.00,,0.016,-4723604.98,1
2025-08-01,ACC0000007369,CUST0003704,INVESTMENT,Reksa Dana,2024-12-21,ACTIVE,0.00,,0.0718,1444546.54,2
2025-08-01,ACC0000007419,CUST0003728,SAVINGS,Tabungan Rencana,2023-05-12,ACTIVE,39806153.59,,0.0407,-2500934.72,1
2025-08-01,ACC0000007466,CUST0003752,SAVINGS,Tabungan Rencana,2021-08-03,ACTIVE,36357662.02,,0.027,58336.58,3
2025-08-01,ACC0000007695,CUST0003866,SAVINGS,Tabungan Berjangka,2022-08-02,ACTIVE,46165822.79,,0.0675,-1636529.69,9
2025-08-01,ACC0000007830,CUST0003934,CREDIT_CARD,Kartu Virtual,2022-12-15,CLOSED,0.00,25134483.02,0.114,0.00,0
2025-08-01,ACC0000000362,CUST0000181,INVESTMENT,Reksa Dana,2021-07-12,DORMANT,0.00,,0.0662,0.00,0
2025-08-01,ACC0000000673,CUST0000332,LOAN,KPR Rumah,2022-12-22,DORMANT,0.00,,0.0423,0.00,0
2025-08-01,ACC0000000763,CUST0000378,CREDIT_CARD,Kartu Gold,2025-05-23,ACTIVE,0.00,47899200.76,0.1008,7676.95,3
2025-08-01,ACC0000001026,CUST0000513,INVESTMENT,SBN Retail,2021-07-15,ACTIVE,0.00,,0.1165,161838.45,2
2025-08-01,ACC0000001472,CUST0000737,INVESTMENT,SBN Retail,2023-06-18,CLOSED,0.00,,0.1492,0.00,0
2025-08-01,ACC0000001727,CUST0000871,CREDIT_CARD,Kartu Virtual,2022-12-30,ACTIVE,0.00,41857626.78,0.0838,0.00,0
2025-08-01,ACC0000001728,CUST0000872,CREDIT_CARD,Kartu Gold,2023-01-31,ACTIVE,0.00,19572925.02,0.0516,-1879584.02,2
2025-08-01,ACC0000002117,CUST0001066,INVESTMENT,Reksa Dana,2022-03-16,ACTIVE,0.00,,0.1064,-3898985.88,4
2025-08-01,ACC0000002947,CUST0001485,LOAN,KTA Personal,2025-03-16,ACTIVE,0.00,,0.0838,-450456.42,1
2025-08-01,ACC0000003056,CUST0001538,SAVINGS,Tabungan Haji,2024-08-11,DORMANT,4845331.30,,0.1417,0.00,0
2025-08-01,ACC0000003198,CUST0001612,CREDIT_CARD,Kartu Platinum,2022-01-23,ACTIVE,0.00,43813460.56,0.138,4337816.18,2
2025-08-01,ACC0000003726,CUST0001876,INVESTMENT,Deposito,2022-06-07,ACTIVE,0.00,,0.0648,926178.96,4
2025-08-01,ACC0000003773,CUST0001902,CREDIT_CARD,Kartu Virtual,2024-07-28,ACTIVE,0.00,10146613.69,0.1222,4273025.30,2
2025-08-01,ACC0000003836,CUST0001935,CREDIT_CARD,Kartu Gold,2024-11-06,ACTIVE,0.00,46968611.67,0.1425,1062996.31,3
2025-08-01,ACC0000003998,CUST0002017,CREDIT_CARD,Kartu Classic,2023-07-08,DORMANT,0.00,24889368.37,0.0681,0.00,0
2025-08-01,ACC0000004029,CUST0002032,CREDIT_CARD,Kartu Virtual,2023-10-23,ACTIVE,0.00,22109014.92,0.1041,0.00,0
2025-08-01,ACC0000004483,CUST0002251,CREDIT_CARD,Kartu Gold,2023-03-19,ACTIVE,0.00,6462976.62,0.0127,4964526.95,1
2025-08-01,ACC0000004485,CUST0002252,SAVINGS,Tabungan Rencana,2023-01-23,ACTIVE,12968044.84,,0.0553,-4106307.32,2
2025-08-01,ACC0000005021,CUST0002518,LOAN,Kredit Usaha,2023-12-30,ACTIVE,0.00,,0.1457,-4426023.94,5
2025-08-01,ACC0000005296,CUST0002659,SAVINGS,Tabungan Rencana,2021-03-07,ACTIVE,43011287.85,,0.0703,1449228.84,1
2025-08-01,ACC0000005319,CUST0002669,CREDIT_CARD,Kartu Virtual,2022-08-04,ACTIVE,0.00,47442056.33,0.1198,-1665879.98,2
2025-08-01,ACC0000005352,CUST0002686,LOAN,KTA Personal,2024-09-03,ACTIVE,0.00,,0.0616,2994630.56,1
2025-08-01,ACC0000006022,CUST0003027,INVESTMENT,Reksa Dana,2024-07-02,ACTIVE,0.00,,0.0288,0.00,0
2025-08-01,ACC0000006050,CUST0003042,LOAN,Kredit Usaha,2023-01-27,ACTIVE,0.00,,0.044,-545204.41,4
2025-08-01,ACC0000006372,CUST0003202,LOAN,KPR Rumah,2021-05-12,DORMANT,0.00,,0.1396,0.00,0
2025-08-01,ACC0000006445,CUST0003239,SAVINGS,Tabungan Negara Plus,2023-12-15,ACTIVE,8936900.40,,0.1141,0.00,0
2025-08-01,ACC0000006931,CUST0003483,LOAN,Kredit Usaha,2024-06-09,ACTIVE,0.00,,0.0899,1771086.09,4
2025-08-01,ACC0000007328,CUST0003683,LOAN,Kredit Kendaraan,2024-07-04,ACTIVE,0.00,,0.0194,0.00,0
2025-08-01,ACC0000007510,CUST0003771,SAVINGS,Tabungan Negara Plus,2024-10-22,DORMANT,4719338.49,,0.135,0.00,0
2025-08-01,ACC0000000117,CUST0000062,LOAN,KTA Personal,2024-03-07,DORMANT,0.00,,0.0827,0.00,0
2025-08-01,ACC0000000263,CUST0000130,LOAN,Kredit Kendaraan,2024-01-29,ACTIVE,0.00,,0.0416,-702508.49,1
2025-08-01,ACC0000000264,CUST0000131,LOAN,KTA Personal,2021-07-08,ACTIVE,0.00,,0.0156,-5736426.70,3
2025-08-01,ACC0000000492,CUST0000248,LOAN,Kredit Usaha,2025-05-11,ACTIVE,0.00,,0.1213,0.00,0
2025-08-01,ACC0000000849,CUST0000422,CREDIT_CARD,Kartu Classic,2021-10-09,ACTIVE,0.00,37808092.30,0.0661,-3721740.68,1
2025-08-01,ACC0000000922,CUST0000461,SAVINGS,Tabungan Haji,2024-09-23,ACTIVE,44345513.98,,0.0546,2623789.61,1
2025-08-01,ACC0000000980,CUST0000491,INVESTMENT,Reksa Dana,2023-06-12,ACTIVE,0.00,,0.0411,-1929574.24,2
2025-08-01,ACC0000001303,CUST0000657,LOAN,Kredit Usaha,2021-04-16,SUSPENDED,0.00,,0.0168,0.00,0
2025-08-01,ACC0000001599,CUST0000805,SAVINGS,Tabungan Berjangka,2025-02-10,DORMANT,306019.79,,0.0102,0.00,0
2025-08-01,ACC0000001646,CUST0000830,LOAN,Kredit Usaha,2025-01-01,CLOSED,0.00,,0.1254,0.00,0
2025-08-01,ACC0000001915,CUST0000962,LOAN,Kredit Usaha,2022-09-28,ACTIVE,0.00,,0.0423,-7142983.26,2
2025-08-01,ACC0000002168,CUST0001090,SAVINGS,Tabungan Negara Plus,2024-10-25,ACTIVE,15675510.35,,0.0987,0.00,0
2025-08-01,ACC0000002394,CUST0001200,SAVINGS,Tabungan Berjangka,2021-10-19,ACTIVE,24466720.14,,0.1089,1860250.59,1
2025-08-01,ACC0000002511,CUST0001261,SAVINGS,Tabungan Negara Plus,2022-12-25,ACTIVE,4111513.56,,0.1407,6866726.19,2
2025-08-01,ACC0000002749,CUST0001388,SAVINGS,Tabungan Haji,2024-11-16,ACTIVE,1212969.08,,0.0315,-415034.54,3
2025-08-01,ACC0000002784,CUST0001406,INVESTMENT,SBN Retail,2022-01-07,ACTIVE,0.00,,0.1141,307197.32,2
2025-08-01,ACC0000003178,CUST0001600,SAVINGS,Tabungan Berjangka,2023-05-20,ACTIVE,37445170.13,,0.0676,3984611.58,1
2025-08-01,ACC0000003252,CUST0001640,CREDIT_CARD,Kartu Classic,2024-07-28,ACTIVE,0.00,44728495.94,0.0944,0.00,0
2025-08-01,ACC0000003295,CUST0001659,CREDIT_CARD,Kartu Virtual,2022-06-18,ACTIVE,0.00,22017263.91,0.1092,3653499.95,1
2025-08-01,ACC0000003466,CUST0001742,SAVINGS,Tabungan Rencana,2022-05-17,ACTIVE,17527173.22,,0.0821,1324610.85,2
2025-08-01,ACC0000003708,CUST0001868,LOAN,Kredit Usaha,2024-12-21,ACTIVE,0.00,,0.0783,1702674.78,1
2025-08-01,ACC0000003778,CUST0001905,CREDIT_CARD,Kartu Virtual,2025-02-21,ACTIVE,0.00,20135893.72,0.0326,-304430.77,1
2025-08-01,ACC0000003785,CUST0001909,CREDIT_CARD,Kartu Gold,2021-05-15,ACTIVE,0.00,16725980.62,0.1156,3887695.61,1
2025-08-01,ACC0000004196,CUST0002115,LOAN,Kredit Usaha,2024-03-07,ACTIVE,0.00,,0.0299,-2688816.13,2
2025-08-01,ACC0000004336,CUST0002180,SAVINGS,Tabungan Berjangka,2021-10-27,ACTIVE,25800815.60,,0.0877,0.00,0
2025-08-01,ACC0000005121,CUST0002572,SAVINGS,Tabungan Berjangka,2024-09-19,ACTIVE,40336977.75,,0.0571,-3499834.15,4
2025-08-01,ACC0000005233,CUST0002628,SAVINGS,Tabungan Rencana,2024-04-08,DORMANT,6864863.77,,0.0477,0.00,0
2025-08-01,ACC0000005817,CUST0002923,LOAN,KPR Rumah,2023-10-11,ACTIVE,0.00,,0.0679,3140023.87,2
2025-08-01,ACC0000005980,CUST0003005,LOAN,KTA Personal,2024-05-29,ACTIVE,0.00,,0.1076,0.00,0
2025-08-01,ACC0000006234,CUST0003132,SAVINGS,Tabungan Negara Plus,2023-08-07,SUSPENDED,44182516.39,,0.059,0.00,0
2025-08-01,ACC0000006271,CUST0003149,CREDIT_CARD,Kartu Platinum,2021-09-07,ACTIVE,0.00,49785128.37,0.047,563666.81,2
2025-08-01,ACC0000006451,CUST0003242,CREDIT_CARD,Kartu Classic,2022-02-24,ACTIVE,0.00,15101501.24,0.0199,-4912064.54,2
2025-08-01,ACC0000006527,CUST0003277,LOAN,KPR Rumah,2025-01-29,ACTIVE,0.00,,0.1064,0.00,0
2025-08-01,ACC0000006559,CUST0003293,LOAN,KTA Personal,2025-02-08,ACTIVE,0.00,,0.103,-1437171.53,1
2025-08-01,ACC0000006842,CUST0003436,INVESTMENT,Reksa Dana,2022-01-31,ACTIVE,0.00,,0.1398,640482.08,1
2025-08-01,ACC0000007004,CUST0003523,INVESTMENT,Obligasi,2024-12-04,ACTIVE,0.00,,0.0212,2059247.25,1
2025-08-01,ACC0000007153,CUST0003601,LOAN,KPR Rumah,2024-06-29,ACTIVE,0.00,,0.0804,1094765.21,2
2025-08-01,ACC0000007348,CUST0003691,CREDIT_CARD,Kartu Classic,2021-11-22,ACTIVE,0.00,28630972.61,0.0339,0.00,0
2025-08-01,ACC0000007407,CUST0003723,SAVINGS,Tabungan Rencana,2021-11-02,ACTIVE,29437575.63,,0.1375,4374638.34,1
2025-08-01,ACC0000007418,CUST0003728,LOAN,Kredit Kendaraan,2023-08-28,ACTIVE,0.00,,0.0105,4861612.93,2
2025-08-01,ACC0000007826,CUST0003932,INVESTMENT,SBN Retail,2021-11-20,ACTIVE,0.00,,0.0292,4764491.11,1
2025-08-01,ACC0000007936,CUST0003988,INVESTMENT,Obligasi,2023-01-06,CLOSED,0.00,,0.018,0.00,0
2025-08-01,ACC0000000142,CUST0000072,SAVINGS,Tabungan Rencana,2023-08-17,ACTIVE,43724656.29,,0.0637,0.00,0
2025-08-01,ACC0000000256,CUST0000128,CREDIT_CARD,Kartu Platinum,2024-05-27,ACTIVE,0.00,14963013.73,0.1166,-3630602.80,2
2025-08-01,ACC0000000757,CUST0000376,LOAN,KPR Rumah,2021-10-10,ACTIVE,0.00,,0.044,0.00,0
2025-08-01,ACC0000000813,CUST0000404,LOAN,KTA Personal,2022-08-16,SUSPENDED,0.00,,0.0737,0.00,0
2025-08-01,ACC0000001001,CUST0000500,SAVINGS,Tabungan Haji,2022-01-26,ACTIVE,20835278.05,,0.0838,-857539.57,4
2025-08-01,ACC0000001268,CUST0000638,LOAN,KTA Personal,2024-07-03,ACTIVE,0.00,,0.1032,1148252.38,2
2025-08-01,ACC0000001311,CUST0000661,LOAN,Kredit Usaha,2025-01-01,DORMANT,0.00,,0.0384,0.00,0
2025-08-01,ACC0000001584,CUST0000796,SAVINGS,Tabungan Berjangka,2022-07-11,ACTIVE,34263159.90,,0.1446,419148.27,2
2025-08-01,ACC0000001592,CUST0000801,CREDIT_CARD,Kartu Classic,2023-06-09,ACTIVE,0.00,46922418.93,0.0264,0.00,0
2025-08-01,ACC0000001621,CUST0000816,SAVINGS,Tabungan Negara Plus,2022-06-21,ACTIVE,17957617.20,,0.1311,2300737.55,2
2025-08-01,ACC0000001852,CUST0000931,SAVINGS,Tabungan Rencana,2021-06-06,DORMANT,15161545.84,,0.0402,0.00,0
2025-08-01,ACC0000001878,CUST0000945,CREDIT_CARD,Kartu Classic,2023-01-28,DORMANT,0.00,45892022.45,0.0899,0.00,0
2025-08-01,ACC0000002299,CUST0001151,LOAN,KPR Rumah,2024-09-21,ACTIVE,0.00,,0.0101,-299717.05,1
2025-08-01,ACC0000002373,CUST0001188,CREDIT_CARD,Kartu Gold,2024-07-01,ACTIVE,0.00,17616070.88,0.0341,231891.68,1
2025-08-01,ACC0000002535,CUST0001274,CREDIT_CARD,Kartu Gold,2021-12-14,DORMANT,0.00,19441148.91,0.0294,0.00,0
2025-08-01,ACC0000002786,CUST0001407,SAVINGS,Tabungan Berjangka,2023-08-29,ACTIVE,12846491.30,,0.0401,554759.94,2
2025-08-01,ACC0000003916,CUST0001975,SAVINGS,Tabungan Haji,2024-06-28,ACTIVE,32072255.26,,0.1213,1310000.98,2
2025-08-01,ACC0000004390,CUST0002205,LOAN,Kredit Kendaraan,2023-11-27,ACTIVE,0.00,,0.0768,5424352.17,2
2025-08-01,ACC0000004555,CUST0002287,LOAN,Kredit Kendaraan,2024-03-13,ACTIVE,0.00,,0.037,-9299637.80,3
2025-08-01,ACC0000004677,CUST0002346,CREDIT_CARD,Kartu Virtual,2023-10-10,ACTIVE,0.00,6573419.17,0.0163,-376895.99,3
2025-08-01,ACC0000004918,CUST0002467,INVESTMENT,Reksa Dana,2021-05-15,CLOSED,0.00,,0.0591,0.00,0
2025-08-01,ACC0000005284,CUST0002653,LOAN,KPR Rumah,2023-07-30,ACTIVE,0.00,,0.0646,-3803061.10,2
2025-08-01,ACC0000005321,CUST0002671,SAVINGS,Tabungan Rencana,2024-02-03,ACTIVE,9140567.90,,0.0405,0.00,0
2025-08-01,ACC0000005346,CUST0002683,SAVINGS,Tabungan Berjangka,2021-10-13,ACTIVE,8844690.61,,0.022,667600.50,2
2025-08-01,ACC0000005375,CUST0002698,SAVINGS,Tabungan Berjangka,2022-01-10,ACTIVE,17902343.81,,0.0275,-14915330.79,4
2025-08-01,ACC0000005380,CUST0002701,INVESTMENT,Obligasi,2022-02-08,ACTIVE,0.00,,0.0628,1484626.24,1
2025-08-01,ACC0000005444,CUST0002732,INVESTMENT,SBN Retail,2023-07-04,DORMANT,0.00,,0.0121,0.00,0
2025-08-01,ACC0000005502,CUST0002760,LOAN,Kredit Usaha,2022-07-15,ACTIVE,0.00,,0.1211,-158505.18,4
2025-08-01,ACC0000006092,CUST0003062,INVESTMENT,Reksa Dana,2024-03-04,ACTIVE,0.00,,0.0759,-972499.86,1
2025-08-01,ACC0000006250,CUST0003139,LOAN,KPR Rumah,2024-03-12,ACTIVE,0.00,,0.0551,-1348901.02,5
2025-08-01,ACC0000006366,CUST0003199,CREDIT_CARD,Kartu Platinum,2021-07-12,ACTIVE,0.00,31980072.64,0.0128,1968740.52,2
2025-08-01,ACC0000006528,CUST0003277,CREDIT_CARD,Kartu Platinum,2025-02-26,ACTIVE,0.00,44789572.24,0.0951,0.00,0
2025-08-01,ACC0000006857,CUST0003443,INVESTMENT,SBN Retail,2022-01-21,DORMANT,0.00,,0.0305,0.00,0
2025-08-01,ACC0000007080,CUST0003561,LOAN,KPR Rumah,2021-06-22,ACTIVE,0.00,,0.043,0.00,0
2025-08-01,ACC0000007279,CUST0003660,INVESTMENT,SBN Retail,2023-06-05,ACTIVE,0.00,,0.1462,1314431.34,3
2025-08-01,ACC0000007408,CUST0003724,CREDIT_CARD,Kartu Platinum,2024-03-26,CLOSED,0.00,11476300.51,0.1238,0.00,0
2025-08-01,ACC0000007614,CUST0003824,SAVINGS,Tabungan Rencana,2022-03-01,ACTIVE,3578211.19,,0.1285,371146.24,1
2025-08-01,ACC0000007623,CUST0003829,SAVINGS,Tabungan Rencana,2024-01-15,ACTIVE,40331356.77,,0.0782,-6061502.77,2
2025-08-01,ACC0000007783,CUST0003913,INVESTMENT,Obligasi,2024-04-22,ACTIVE,0.00,,0.0666,80757.20,1
2025-08-01,ACC0000000219,CUST0000110,CREDIT_CARD,Kartu Platinum,2023-11-07,ACTIVE,0.00,6895356.13,0.1098,-1447751.84,1
2025-08-01,ACC0000000350,CUST0000175,LOAN,Kredit Kendaraan,2024-12-09,ACTIVE,0.00,,0.1399,-5815057.42,2
2025-08-01,ACC0000000660,CUST0000327,LOAN,Kredit Kendaraan,2021-09-05,ACTIVE,0.00,,0.0199,2483441.74,2
2025-08-01,ACC0000000679,CUST0000335,INVESTMENT,Deposito,2025-06-17,ACTIVE,0.00,,0.1434,4937050.26,2
2025-08-01,ACC0000000903,CUST0000450,CREDIT_CARD,Kartu Gold,2022-12-24,ACTIVE,0.00,26447312.18,0.1079,2989005.70,3
2025-08-01,ACC0000001532,CUST0000768,INVESTMENT,SBN Retail,2025-01-27,ACTIVE,0.00,,0.1464,2090042.85,1
2025-08-01,ACC0000001577,CUST0000792,INVESTMENT,Deposito,2024-06-14,ACTIVE,0.00,,0.1377,-4693063.50,1
2025-08-01,ACC0000001680,CUST0000846,INVESTMENT,Deposito,2024-05-25,ACTIVE,0.00,,0.0462,1335276.58,1
2025-08-01,ACC0000001755,CUST0000885,LOAN,KPR Rumah,2024-06-15,CLOSED,0.00,,0.0763,0.00,0
2025-08-01,ACC0000002324,CUST0001164,LOAN,Kredit Kendaraan,2021-03-05,ACTIVE,0.00,,0.0274,0.00,0
2025-08-01,ACC0000002865,CUST0001448,SAVINGS,Tabungan Rencana,2023-11-06,ACTIVE,44660094.86,,0.1164,-892690.67,1
2025-08-01,ACC0000002904,CUST0001467,CREDIT_CARD,Kartu Platinum,2025-07-18,CLOSED,0.00,40879105.52,0.0167,0.00,0
2025-08-01,ACC0000002939,CUST0001482,LOAN,Kredit Usaha,2022-05-06,ACTIVE,0.00,,0.1153,0.00,0
2025-08-01,ACC0000003006,CUST0001514,LOAN,KTA Personal,2023-11-06,ACTIVE,0.00,,0.0612,-2184827.72,1
2025-08-01,ACC0000003012,CUST0001518,INVESTMENT,Deposito,2022-10-26,CLOSED,0.00,,0.0552,0.00,0
2025-08-01,ACC0000003033,CUST0001528,SAVINGS,Tabungan Berjangka,2021-12-13,CLOSED,19731970.81,,0.0337,0.00,0
2025-08-01,ACC0000003336,CUST0001678,INVESTMENT,Deposito,2022-08-06,ACTIVE,0.00,,0.1017,-5608629.21,2
2025-08-01,ACC0000003349,CUST0001685,INVESTMENT,Deposito,2021-09-07,CLOSED,0.00,,0.0192,0.00,0
2025-08-01,ACC0000003378,CUST0001699,INVESTMENT,Obligasi,2024-11-14,DORMANT,0.00,,0.097,0.00,0
2025-08-01,ACC0000003572,CUST0001800,LOAN,KPR Rumah,2021-12-17,DORMANT,0.00,,0.0126,0.00,0
2025-08-01,ACC0000003704,CUST0001867,INVESTMENT,Deposito,2021-12-13,DORMANT,0.00,,0.0726,0.00,0
2025-08-01,ACC0000003764,CUST0001897,INVESTMENT,SBN Retail,2024-05-31,ACTIVE,0.00,,0.11,-2443746.20,1
2025-08-01,ACC0000003971,CUST0002002,CREDIT_CARD,Kartu Classic,2024-04-19,ACTIVE,0.00,19784684.67,0.1432,-268705.81,2
2025-08-01,ACC0000003980,CUST0002007,SAVINGS,Tabungan Negara Plus,2023-12-01,ACTIVE,5082539.84,,0.0382,638282.87,3
2025-08-01,ACC0000004152,CUST0002089,SAVINGS,Tabungan Negara Plus,2024-03-26,ACTIVE,42316307.01,,0.1015,-411621.85,3
2025-08-01,ACC0000004424,CUST0002221,CREDIT_CARD,Kartu Platinum,2022-08-04,ACTIVE,0.00,39277834.94,0.052,1932060.74,1
2025-08-01,ACC0000004495,CUST0002257,LOAN,KTA Personal,2022-03-16,CLOSED,0.00,,0.0881,0.00,0
2025-08-01,ACC0000004593,CUST0002305,INVESTMENT,SBN Retail,2021-05-19,ACTIVE,0.00,,0.0267,-207815.98,2
2025-08-01,ACC0000005078,CUST0002548,CREDIT_CARD,Kartu Virtual,2022-12-15,ACTIVE,0.00,7738039.00,0.148,0.00,0
2025-08-01,ACC0000005126,CUST0002573,SAVINGS,Tabungan Negara Plus,2023-02-08,ACTIVE,34157586.23,,0.1402,-8440936.58,2
2025-08-01,ACC0000005282,CUST0002653,SAVINGS,Tabungan Rencana,2023-09-28,ACTIVE,10009692.24,,0.149,-2303513.43,1
2025-08-01,ACC0000005526,CUST0002772,LOAN,Kredit Kendaraan,2021-02-24,ACTIVE,0.00,,0.0311,0.00,0
2025-08-01,ACC0000005549,CUST0002783,LOAN,KTA Personal,2022-12-07,ACTIVE,0.00,,0.0855,3410851.91,3
2025-08-01,ACC0000005553,CUST0002784,SAVINGS,Tabungan Berjangka,2022-02-18,ACTIVE,5389559.77,,0.1265,-851085.22,3
2025-08-01,ACC0000005736,CUST0002877,SAVINGS,Tabungan Haji,2022-03-06,ACTIVE,28549380.49,,0.1458,4568931.56,5
2025-08-01,ACC0000006130,CUST0003080,LOAN,KTA Personal,2021-08-05,CLOSED,0.00,,0.0443,0.00,0
2025-08-01,ACC0000006211,CUST0003121,INVESTMENT,SBN Retail,2021-05-19,CLOSED,0.00,,0.0942,0.00,0
2025-08-01,ACC0000006617,CUST0003323,LOAN,KTA Personal,2024-04-20,ACTIVE,0.00,,0.036,0.00,0
2025-08-01,ACC0000006748,CUST0003391,SAVINGS,Tabungan Negara Plus,2023-07-27,ACTIVE,38838415.01,,0.1,-570316.50,1
2025-08-01,ACC0000007160,CUST0003604,INVESTMENT,Reksa Dana,2024-09-25,DORMANT,0.00,,0.1016,0.00,0
2025-08-01,ACC0000007197,CUST0003621,SAVINGS,Tabungan Negara Plus,2022-02-18,ACTIVE,30828988.88,,0.0169,-4212307.08,1
2025-08-01,ACC0000007250,CUST0003647,SAVINGS,Tabungan Haji,2022-01-03,ACTIVE,8596788.20,,0.0618,-3671710.89,1
2025-08-01,ACC0000007479,CUST0003757,LOAN,Kredit Kendaraan,2022-01-29,ACTIVE,0.00,,0.1307,4998269.62,2
2025-08-01,ACC0000007505,CUST0003769,INVESTMENT,Obligasi,2023-05-05,ACTIVE,0.00,,0.1409,2855093.30,1
2025-08-01,ACC0000000085,CUST0000044,SAVINGS,Tabungan Berjangka,2024-10-08,ACTIVE,25147816.62,,0.0774,0.00,0
2025-08-01,ACC0000000378,CUST0000190,CREDIT_CARD,Kartu Gold,2024-04-26,ACTIVE,0.00,22015492.95,0.1086,0.00,0
2025-08-01,ACC0000000449,CUST0000227,SAVINGS,Tabungan Rencana,2021-06-14,ACTIVE,16360634.62,,0.0411,0.00,0
2025-08-01,ACC0000000636,CUST0000317,INVESTMENT,Deposito,2024-12-01,ACTIVE,0.00,,0.1138,4210223.27,1
2025-08-01,ACC0000000815,CUST0000406,INVESTMENT,SBN Retail,2024-11-07,ACTIVE,0.00,,0.0687,1404835.78,2
2025-08-01,ACC0000001053,CUST0000526,LOAN,Kredit Usaha,2024-07-27,ACTIVE,0.00,,0.036,-3817236.51,2
2025-08-01,ACC0000001392,CUST0000699,CREDIT_CARD,Kartu Gold,2021-11-29,ACTIVE,0.00,29372546.04,0.0467,3402654.81,1
2025-08-01,ACC0000001455,CUST0000730,SAVINGS,Tabungan Haji,2025-05-05,ACTIVE,47609623.28,,0.0637,3868172.61,1
2025-08-01,ACC0000001529,CUST0000766,LOAN,Kredit Usaha,2023-02-12,ACTIVE,0.00,,0.1467,2559724.61,6
2025-08-01,ACC0000001741,CUST0000879,CREDIT_CARD,Kartu Platinum,2022-10-19,ACTIVE,0.00,16646183.55,0.1183,-5778907.71,2
2025-08-01,ACC0000002188,CUST0001100,CREDIT_CARD,Kartu Classic,2023-05-09,ACTIVE,0.00,34122209.50,0.1286,6428475.00,3
2025-08-01,ACC0000002521,CUST0001265,CREDIT_CARD,Kartu Classic,2022-03-19,ACTIVE,0.00,10252120.88,0.1132,0.00,0
2025-08-01,ACC0000002870,CUST0001451,CREDIT_CARD,Kartu Platinum,2022-11-25,ACTIVE,0.00,7896230.44,0.1244,0.00,0
2025-08-01,ACC0000002986,CUST0001505,SAVINGS,Tabungan Berjangka,2024-07-12,ACTIVE,34283056.67,,0.094,-1964613.77,1
2025-08-01,ACC0000004370,CUST0002198,SAVINGS,Tabungan Rencana,2023-03-18,CLOSED,27776644.66,,0.125,0.00,0
2025-08-01,ACC0000004461,CUST0002239,CREDIT_CARD,Kartu Classic,2021-08-28,ACTIVE,0.00,30093873.78,0.0848,5081186.20,3
2025-08-01,ACC0000004714,CUST0002367,SAVINGS,Tabungan Negara Plus,2023-12-16,ACTIVE,15460393.22,,0.1438,0.00,0
2025-08-01,ACC0000004784,CUST0002398,CREDIT_CARD,Kartu Classic,2024-01-05,ACTIVE,0.00,10652140.90,0.0672,-2284839.99,1
2025-08-01,ACC0000004872,CUST0002444,INVESTMENT,SBN Retail,2022-05-23,DORMANT,0.00,,0.08,0.00,0
2025-08-01,ACC0000005141,CUST0002580,SAVINGS,Tabungan Negara Plus,2024-10-08,ACTIVE,21280145.72,,0.0584,0.00,0
2025-08-01,ACC0000005249,CUST0002637,LOAN,Kredit Kendaraan,2024-03-19,ACTIVE,0.00,,0.1396,0.00,0
2025-08-01,ACC0000005269,CUST0002647,SAVINGS,Tabungan Haji,2023-06-19,ACTIVE,6062740.21,,0.0863,4887593.84,2
2025-08-01,ACC0000005572,CUST0002794,CREDIT_CARD,Kartu Classic,2024-08-15,ACTIVE,0.00,47557105.68,0.0521,0.00,0
2025-08-01,ACC0000005602,CUST0002812,LOAN,KPR Rumah,2022-05-17,ACTIVE,0.00,,0.1054,3414092.88,1
2025-08-01,ACC0000005671,CUST0002845,SAVINGS,Tabungan Rencana,2025-06-21,ACTIVE,43635696.39,,0.0402,-4692300.71,1
2025-08-01,ACC0000005712,CUST0002865,LOAN,Kredit Usaha,2021-02-08,ACTIVE,0.00,,0.0786,-4698232.59,3
2025-08-01,ACC0000006020,CUST0003026,LOAN,KTA Personal,2024-05-03,ACTIVE,0.00,,0.0397,-4737608.36,1
2025-08-01,ACC0000006141,CUST0003086,LOAN,KTA Personal,2024-08-13,ACTIVE,0.00,,0.0813,3677248.11,1
2025-08-01,ACC0000006421,CUST0003227,INVESTMENT,Reksa Dana,2024-05-16,ACTIVE,0.00,,0.0972,3591592.32,3
2025-08-01,ACC0000006759,CUST0003395,LOAN,KTA Personal,2023-12-28,ACTIVE,0.00,,0.1203,0.00,0
2025-08-01,ACC0000007204,CUST0003624,LOAN,Kredit Kendaraan,2024-12-10,ACTIVE,0.00,,0.1483,-281492.32,2
2025-08-01,ACC0000007357,CUST0003698,SAVINGS,Tabungan Berjangka,2022-12-18,ACTIVE,35127680.77,,0.048,0.00,0
2025-08-01,ACC0000007461,CUST0003749,INVESTMENT,SBN Retail,2023-04-30,ACTIVE,0.00,,0.1328,1940387.17,1
2025-08-01,ACC0000007492,CUST0003763,LOAN,Kredit Kendaraan,2022-02-25,CLOSED,0.00,,0.1078,0.00,0
2025-08-01,ACC0000007741,CUST0003891,LOAN,Kredit Usaha,2024-07-14,ACTIVE,0.00,,0.0822,-5442912.46,3
2025-08-01,ACC0000000081,CUST0000042,CREDIT_CARD,Kartu Gold,2025-02-21,ACTIVE,0.00,43582550.44,0.0483,12517832.29,4
2025-08-01,ACC0000000104,CUST0000053,INVESTMENT,Obligasi,2023-04-28,ACTIVE,0.00,,0.0354,-7669526.37,2
2025-08-01,ACC0000000136,CUST0000069,CREDIT_CARD,Kartu Gold,2023-06-26,ACTIVE,0.00,12201647.24,0.0936,-1500489.28,1
2025-08-01,ACC0000000239,CUST0000120,SAVINGS,Tabungan Berjangka,2025-02-06,ACTIVE,16933002.24,,0.0663,3611240.22,1
2025-08-01,ACC0000000376,CUST0000189,SAVINGS,Tabungan Haji,2024-01-07,ACTIVE,1665580.15,,0.089,0.00,0
2025-08-01,ACC0000000577,CUST0000292,INVESTMENT,Obligasi,2023-07-20,ACTIVE,0.00,,0.1015,-1992344.95,1
2025-08-01,ACC0000000582,CUST0000294,SAVINGS,Tabungan Rencana,2024-05-22,ACTIVE,18072355.28,,0.1067,2892403.66,1
2025-08-01,ACC0000000836,CUST0000416,LOAN,Kredit Usaha,2022-11-26,ACTIVE,0.00,,0.102,5904226.46,3
2025-08-01,ACC0000000871,CUST0000432,CREDIT_CARD,Kartu Gold,2023-07-20,ACTIVE,0.00,32356507.39,0.1292,0.00,0
2025-08-01,ACC0000001041,CUST0000520,LOAN,KPR Rumah,2024-07-29,ACTIVE,0.00,,0.0753,-291300.42,1
2025-08-01,ACC0000001393,CUST0000699,SAVINGS,Tabungan Haji,2021-08-16,ACTIVE,21560292.02,,0.0255,-6016172.06,3
2025-08-01,ACC0000001662,CUST0000837,SAVINGS,Tabungan Negara Plus,2022-11-26,ACTIVE,48021521.67,,0.1463,-4333309.03,1
2025-08-01,ACC0000001696,CUST0000856,CREDIT_CARD,Kartu Classic,2022-01-13,ACTIVE,0.00,30728190.37,0.0626,-3287878.58,1
2025-08-01,ACC0000001926,CUST0000967,LOAN,Kredit Kendaraan,2024-05-10,CLOSED,0.00,,0.114,0.00,0
2025-08-01,ACC0000002098,CUST0001057,SAVINGS,Tabungan Negara Plus,2021-08-03,DORMANT,13816246.34,,0.1166,0.00,0
2025-08-01,ACC0000002158,CUST0001086,LOAN,Kredit Usaha,2024-09-10,ACTIVE,0.00,,0.1039,4139848.81,1
2025-08-01,ACC0000002439,CUST0001223,SAVINGS,Tabungan Berjangka,2024-05-04,ACTIVE,11383097.52,,0.1242,3106499.48,1
2025-08-01,ACC0000002463,CUST0001237,INVESTMENT,SBN Retail,2024-07-31,ACTIVE,0.00,,0.1143,6280367.49,2
2025-08-01,ACC0000002487,CUST0001249,SAVINGS,Tabungan Rencana,2025-03-05,ACTIVE,1810348.00,,0.0471,-480805.02,3
2025-08-01,ACC0000002516,CUST0001263,LOAN,Kredit Usaha,2023-02-04,ACTIVE,0.00,,0.0856,4363629.23,1
2025-08-01,ACC0000002598,CUST0001306,LOAN,KPR Rumah,2023-10-09,ACTIVE,0.00,,0.0323,0.00,0
2025-08-01,ACC0000002954,CUST0001488,SAVINGS,Tabungan Haji,2023-10-25,ACTIVE,43777998.43,,0.0382,2753815.87,1
2025-08-01,ACC0000003444,CUST0001730,CREDIT_CARD,Kartu Gold,2024-10-12,DORMANT,0.00,46200967.17,0.0664,0.00,0
2025-08-01,ACC0000003513,CUST0001766,LOAN,KTA Personal,2025-02-04,CLOSED,0.00,,0.1085,0.00,0
2025-08-01,ACC0000003537,CUST0001778,SAVINGS,Tabungan Haji,2022-02-17,ACTIVE,811600.70,,0.0841,-2449838.04,2
2025-08-01,ACC0000003730,CUST0001878,SAVINGS,Tabungan Rencana,2024-01-16,SUSPENDED,20714397.44,,0.0239,0.00,0
2025-08-01,ACC0000003775,CUST0001904,CREDIT_CARD,Kartu Platinum,2022-03-31,ACTIVE,0.00,34523972.09,0.1065,1987853.10,1
2025-08-01,ACC0000003918,CUST0001976,LOAN,KTA Personal,2022-11-26,ACTIVE,0.00,,0.1079,5009586.47,5
2025-08-01,ACC0000003920,CUST0001978,SAVINGS,Tabungan Haji,2023-10-20,SUSPENDED,25255445.86,,0.0309,0.00,0
2025-08-01,ACC0000004112,CUST0002072,INVESTMENT,Deposito,2024-09-02,ACTIVE,0.00,,0.0909,-5671877.57,2
2025-08-01,ACC0000004193,CUST0002113,LOAN,Kredit Kendaraan,2023-09-11,ACTIVE,0.00,,0.1058,0.00,0
2025-08-01,ACC0000004234,CUST0002131,INVESTMENT,Deposito,2022-10-01,CLOSED,0.00,,0.1435,0.00,0
2025-08-01,ACC0000004636,CUST0002328,LOAN,KPR Rumah,2022-11-12,ACTIVE,0.00,,0.0213,-6627195.47,2
2025-08-01,ACC0000004980,CUST0002497,INVESTMENT,Deposito,2022-10-10,ACTIVE,0.00,,0.0879,-230093.74,3
2025-08-01,ACC0000004993,CUST0002503,SAVINGS,Tabungan Negara Plus,2022-02-01,CLOSED,40570084.30,,0.0458,0.00,0
2025-08-01,ACC0000005240,CUST0002633,INVESTMENT,Deposito,2025-02-20,ACTIVE,0.00,,0.1177,-9754500.33,3
2025-08-01,ACC0000005330,CUST0002674,LOAN,Kredit Kendaraan,2022-01-02,ACTIVE,0.00,,0.072,6842886.47,2
2025-08-01,ACC0000005799,CUST0002914,SAVINGS,Tabungan Berjangka,2022-11-20,ACTIVE,41431414.48,,0.0927,0.00,0
2025-08-01,ACC0000006183,CUST0003106,LOAN,KTA Personal,2023-06-27,ACTIVE,0.00,,0.1405,0.00,0
2025-08-01,ACC0000006590,CUST0003310,LOAN,Kredit Kendaraan,2025-02-16,ACTIVE,0.00,,0.0814,-2765642.85,1
2025-08-01,ACC0000006754,CUST0003393,CREDIT_CARD,Kartu Platinum,2021-07-25,ACTIVE,0.00,42589626.51,0.065,-4447121.86,3
2025-08-01,ACC0000007017,CUST0003529,SAVINGS,Tabungan Haji,2024-09-16,ACTIVE,27688612.11,,0.095,3052550.35,2
2025-08-01,ACC0000007156,CUST0003602,SAVINGS,Tabungan Haji,2022-04-21,ACTIVE,1419783.80,,0.0994,4558812.28,1
2025-08-01,ACC0000007305,CUST0003672,INVESTMENT,Reksa Dana,2021-06-11,ACTIVE,0.00,,0.0323,5549780.76,2
2025-08-01,ACC0000007491,CUST0003762,CREDIT_CARD,Kartu Platinum,2022-07-23,SUSPENDED,0.00,33255808.48,0.1074,0.00,0
2025-08-01,ACC0000007557,CUST0003795,SAVINGS,Tabungan Haji,2021-09-22,ACTIVE,25429945.35,,0.0922,-1622506.69,3
2025-08-01,ACC0000000010,CUST0000006,INVESTMENT,Deposito,2022-10-13,ACTIVE,0.00,,0.1019,-2030556.34,2
2025-08-01,ACC0000000296,CUST0000147,INVESTMENT,SBN Retail,2023-09-22,DORMANT,0.00,,0.1228,0.00,0
2025-08-01,ACC0000001209,CUST0000605,SAVINGS,Tabungan Negara Plus,2024-08-13,ACTIVE,36775922.58,,0.1196,2286970.27,3
2025-08-01,ACC0000001333,CUST0000670,SAVINGS,Tabungan Berjangka,2023-02-22,ACTIVE,11508265.97,,0.1229,6406206.25,3
2025-08-01,ACC0000001781,CUST0000897,LOAN,KPR Rumah,2023-12-23,CLOSED,0.00,,0.0391,0.00,0
2025-08-01,ACC0000002051,CUST0001033,CREDIT_CARD,Kartu Classic,2022-02-22,ACTIVE,0.00,41630307.94,0.0972,1114466.63,1
2025-08-01,ACC0000002155,CUST0001085,LOAN,KTA Personal,2021-04-06,ACTIVE,0.00,,0.0786,2351762.79,1
2025-08-01,ACC0000002207,CUST0001108,CREDIT_CARD,Kartu Classic,2024-07-25,ACTIVE,0.00,25849705.75,0.0973,-2902281.73,4
2025-08-01,ACC0000002313,CUST0001157,INVESTMENT,SBN Retail,2024-06-17,ACTIVE,0.00,,0.1298,-2576014.09,4
2025-08-01,ACC0000002332,CUST0001169,INVESTMENT,Obligasi,2023-03-09,ACTIVE,0.00,,0.0951,382357.62,1
2025-08-01,ACC0000002569,CUST0001290,LOAN,KTA Personal,2022-02-04,ACTIVE,0.00,,0.1433,-2505723.78,1
2025-08-01,ACC0000002694,CUST0001360,CREDIT_CARD,Kartu Classic,2022-03-20,ACTIVE,0.00,10372856.03,0.1119,0.00,0
2025-08-01,ACC0000002742,CUST0001385,CREDIT_CARD,Kartu Classic,2025-01-01,ACTIVE,0.00,47786599.34,0.1296,496255.95,2
2025-08-01,ACC0000002837,CUST0001433,INVESTMENT,Deposito,2022-04-15,ACTIVE,0.00,,0.1154,3114848.30,1
2025-08-01,ACC0000003246,CUST0001637,LOAN,KPR Rumah,2022-10-11,ACTIVE,0.00,,0.0389,1330031.63,2
2025-08-01,ACC0000003722,CUST0001875,CREDIT_CARD,Kartu Gold,2022-01-21,ACTIVE,0.00,36797297.10,0.1478,0.00,0
2025-08-01,ACC0000004012,CUST0002024,SAVINGS,Tabungan Berjangka,2023-02-14,ACTIVE,30636898.00,,0.1375,-2500749.86,2
2025-08-01,ACC0000004125,CUST0002077,INVESTMENT,Reksa Dana,2022-12-11,ACTIVE,0.00,,0.1372,3990029.12,1
2025-08-01,ACC0000004315,CUST0002170,LOAN,KPR Rumah,2023-03-05,ACTIVE,0.00,,0.0951,-6997968.83,3
2025-08-01,ACC0000004358,CUST0002190,LOAN,KTA Personal,2022-08-01,ACTIVE,0.00,,0.1495,3583463.39,1
2025-08-01,ACC0000004684,CUST0002349,LOAN,KPR Rumah,2025-03-25,ACTIVE,0.00,,0.0195,0.00,0
2025-08-01,ACC0000004952,CUST0002483,LOAN,KPR Rumah,2025-02-02,ACTIVE,0.00,,0.036,421339.16,2
2025-08-01,ACC0000005155,CUST0002587,SAVINGS,Tabungan Haji,2024-06-23,ACTIVE,4305319.46,,0.1332,889033.24,2
2025-08-01,ACC0000005203,CUST0002611,INVESTMENT,Deposito,2023-03-20,ACTIVE,0.00,,0.0979,0.00,0
2025-08-01,ACC0000005443,CUST0002731,LOAN,KPR Rumah,2023-11-11,DORMANT,0.00,,0.0769,0.00,0
2025-08-01,ACC0000005450,CUST0002734,INVESTMENT,Reksa Dana,2024-10-16,ACTIVE,0.00,,0.0667,9649424.09,3
2025-08-01,ACC0000005696,CUST0002857,SAVINGS,Tabungan Berjangka,2024-04-27,DORMANT,35235643.31,,0.0129,0.00,0
2025-08-01,ACC0000006019,CUST0003026,INVESTMENT,Deposito,2024-06-23,ACTIVE,0.00,,0.1098,-37815.77,2
2025-08-01,ACC0000006259,CUST0003143,LOAN,Kredit Usaha,2024-01-24,ACTIVE,0.00,,0.1225,1245060.71,2
2025-08-01,ACC0000006457,CUST0003244,CREDIT_CARD,Kartu Platinum,2024-11-11,ACTIVE,0.00,28253050.14,0.0542,0.00,0
2025-08-01,ACC0000006575,CUST0003301,LOAN,Kredit Usaha,2022-12-03,CLOSED,0.00,,0.0158,0.00,0
2025-08-01,ACC0000006866,CUST0003449,INVESTMENT,Reksa Dana,2021-12-27,ACTIVE,0.00,,0.076,2919117.84,1
2025-08-01,ACC0000006975,CUST0003509,CREDIT_CARD,Kartu Virtual,2022-11-19,DORMANT,0.00,42490231.67,0.1306,0.00,0
2025-08-01,ACC0000007009,CUST0003525,CREDIT_CARD,Kartu Platinum,2024-11-16,ACTIVE,0.00,33475102.81,0.0554,-2122339.29,5
2025-08-01,ACC0000007414,CUST0003726,LOAN,Kredit Usaha,2022-04-15,DORMANT,0.00,,0.1351,0.00,0
2025-08-01,ACC0000007476,CUST0003756,SAVINGS,Tabungan Rencana,2022-12-03,ACTIVE,11119218.75,,0.0796,387737.16,2
2025-08-01,ACC0000007507,CUST0003770,SAVINGS,Tabungan Rencana,2021-04-22,DORMANT,42194974.54,,0.078,0.00,0
2025-08-01,ACC0000007625,CUST0003830,SAVINGS,Tabungan Haji,2024-12-05,ACTIVE,20925272.22,,0.1498,-90018.43,4
2025-08-01,ACC0000000450,CUST0000228,LOAN,KPR Rumah,2022-07-13,ACTIVE,0.00,,0.0877,1411385.07,1
2025-08-01,ACC0000000567,CUST0000286,CREDIT_CARD,Kartu Virtual,2023-08-24,DORMANT,0.00,46679693.32,0.0107,0.00,0
2025-08-01,ACC0000000884,CUST0000438,SAVINGS,Tabungan Rencana,2023-04-21,ACTIVE,20177469.95,,0.0398,1058364.11,1
2025-08-01,ACC0000001238,CUST0000623,CREDIT_CARD,Kartu Virtual,2022-01-12,ACTIVE,0.00,28042708.57,0.092,0.00,0
2025-08-01,ACC0000001424,CUST0000717,CREDIT_CARD,Kartu Classic,2022-06-24,CLOSED,0.00,14859780.92,0.0108,0.00,0
2025-08-01,ACC0000001471,CUST0000736,INVESTMENT,Reksa Dana,2025-02-03,ACTIVE,0.00,,0.1037,-4671658.63,1
2025-08-01,ACC0000001556,CUST0000781,SAVINGS,Tabungan Haji,2025-02-28,ACTIVE,19476608.66,,0.0985,-2851636.19,1
2025-08-01,ACC0000001822,CUST0000917,SAVINGS,Tabungan Negara Plus,2025-04-30,ACTIVE,24401222.21,,0.1344,-2976058.23,1
2025-08-01,ACC0000001856,CUST0000934,SAVINGS,Tabungan Haji,2022-10-28,ACTIVE,46434341.83,,0.1489,-204374.04,4
2025-08-01,ACC0000002014,CUST0001013,CREDIT_CARD,Kartu Virtual,2024-09-30,ACTIVE,0.00,18272975.06,0.065,-5673188.79,3
2025-08-01,ACC0000002186,CUST0001099,SAVINGS,Tabungan Haji,2022-06-17,ACTIVE,5537963.41,,0.0262,3574856.12,1
2025-08-01,ACC0000002604,CUST0001310,SAVINGS,Tabungan Negara Plus,2024-04-20,ACTIVE,44333897.67,,0.0734,-3391423.00,1
2025-08-01,ACC0000002791,CUST0001409,INVESTMENT,SBN Retail,2024-08-20,ACTIVE,0.00,,0.0562,4440597.01,2
2025-08-01,ACC0000003005,CUST0001514,INVESTMENT,Reksa Dana,2023-09-19,ACTIVE,0.00,,0.1481,-3837781.12,1
2025-08-01,ACC0000003167,CUST0001595,INVESTMENT,Deposito,2022-05-03,ACTIVE,0.00,,0.0674,3626200.82,2
2025-08-01,ACC0000003222,CUST0001626,INVESTMENT,Reksa Dana,2022-04-23,CLOSED,0.00,,0.1208,0.00,0
2025-08-01,ACC0000003335,CUST0001678,CREDIT_CARD,Kartu Virtual,2022-09-09,ACTIVE,0.00,20083361.85,0.1308,261359.69,2
2025-08-01,ACC0000003636,CUST0001833,CREDIT_CARD,Kartu Gold,2023-06-20,CLOSED,0.00,11912624.37,0.1498,0.00,0
2025-08-01,ACC0000004083,CUST0002058,CREDIT_CARD,Kartu Gold,2021-06-02,DORMANT,0.00,10207370.86,0.03,0.00,0
2025-08-01,ACC0000004097,CUST0002066,SAVINGS,Tabungan Haji,2023-01-04,ACTIVE,29828876.46,,0.1243,883579.57,1
2025-08-01,ACC0000004133,CUST0002080,CREDIT_CARD,Kartu Gold,2022-10-16,ACTIVE,0.00,41084653.27,0.1335,-1535672.14,2
2025-08-01,ACC0000004512,CUST0002267,INVESTMENT,Reksa Dana,2024-11-21,ACTIVE,0.00,,0.1396,-1031264.60,2
2025-08-01,ACC0000004913,CUST0002464,SAVINGS,Tabungan Rencana,2024-11-01,CLOSED,48199434.22,,0.0532,0.00,0
2025-08-01,ACC0000005013,CUST0002513,CREDIT_CARD,Kartu Platinum,2021-11-26,ACTIVE,0.00,14351556.57,0.0695,1344278.10,2
2025-08-01,ACC0000005061,CUST0002537,INVESTMENT,Obligasi,2022-08-24,ACTIVE,0.00,,0.051,-3192871.75,1
2025-08-01,ACC0000005088,CUST0002554,CREDIT_CARD,Kartu Gold,2023-02-23,ACTIVE,0.00,18146491.56,0.1242,5819177.17,2
2025-08-01,ACC0000005267,CUST0002647,CREDIT_CARD,Kartu Gold,2023-02-12,ACTIVE,0.00,10747817.00,0.1369,0.00,0
2025-08-01,ACC0000005393,CUST0002707,LOAN,KTA Personal,2022-08-25,ACTIVE,0.00,,0.0705,0.00,0
2025-08-01,ACC0000005476,CUST0002747,INVESTMENT,SBN Retail,2024-11-18,ACTIVE,0.00,,0.0301,11452482.96,4
2025-08-01,ACC0000005626,CUST0002824,SAVINGS,Tabungan Haji,2021-09-18,ACTIVE,40163997.00,,0.0208,0.00,0
2025-08-01,ACC0000005649,CUST0002835,CREDIT_CARD,Kartu Classic,2022-10-26,ACTIVE,0.00,13716610.79,0.0616,-4219282.93,2
2025-08-01,ACC0000005654,CUST0002837,CREDIT_CARD,Kartu Platinum,2022-06-27,ACTIVE,0.00,11628009.13,0.1117,-2001203.59,2
2025-08-01,ACC0000006009,CUST0003020,SAVINGS,Tabungan Haji,2022-10-05,ACTIVE,49881022.11,,0.0677,862643.92,1
2025-08-01,ACC0000006167,CUST0003099,SAVINGS,Tabungan Rencana,2023-08-27,ACTIVE,4545487.97,,0.134,-2190230.26,1
2025-08-01,ACC0000006208,CUST0003120,SAVINGS,Tabungan Rencana,2023-05-12,ACTIVE,35374154.56,,0.029,-3678506.56,1
2025-08-01,ACC0000006215,CUST0003123,INVESTMENT,Reksa Dana,2023-11-16,ACTIVE,0.00,,0.1172,2561499.29,1
2025-08-01,ACC0000006287,CUST0003158,INVESTMENT,Deposito,2021-11-12,ACTIVE,0.00,,0.1363,0.00,0
2025-08-01,ACC0000007667,CUST0003851,SAVINGS,Tabungan Negara Plus,2022-12-26,ACTIVE,281203.79,,0.0493,-3868528.08,1
2025-08-01,ACC0000007765,CUST0003903,LOAN,Kredit Kendaraan,2024-11-22,ACTIVE,0.00,,0.0377,-4629060.65,4
2025-08-01,ACC0000000004,CUST0000003,LOAN,KPR Rumah,2023-05-09,CLOSED,0.00,,0.1276,0.00,0
2025-08-01,ACC0000000344,CUST0000172,CREDIT_CARD,Kartu Classic,2022-05-27,ACTIVE,0.00,7667061.72,0.12,802181.13,1
2025-08-01,ACC0000000363,CUST0000182,LOAN,KTA Personal,2025-05-22,ACTIVE,0.00,,0.102,-2038104.43,2
2025-08-01,ACC0000000576,CUST0000292,SAVINGS,Tabungan Negara Plus,2023-07-21,ACTIVE,14080315.98,,0.0276,732210.26,1
2025-08-01,ACC0000000875,CUST0000433,SAVINGS,Tabungan Rencana,2024-05-16,ACTIVE,6930624.95,,0.0882,3978335.66,2
2025-08-01,ACC0000001703,CUST0000860,CREDIT_CARD,Kartu Virtual,2024-06-17,ACTIVE,0.00,47084914.12,0.0877,1451268.45,1
2025-08-01,ACC0000001708,CUST0000863,LOAN,KPR Rumah,2024-08-02,CLOSED,0.00,,0.0547,0.00,0
2025-08-01,ACC0000001829,CUST0000920,LOAN,Kredit Kendaraan,2023-12-17,ACTIVE,0.00,,0.0672,0.00,0
2025-08-01,ACC0000001917,CUST0000963,LOAN,Kredit Usaha,2022-11-25,ACTIVE,0.00,,0.1409,2619036.09,4
2025-08-01,ACC0000002069,CUST0001041,SAVINGS,Tabungan Berjangka,2023-03-26,DORMANT,46807521.09,,0.0147,0.00,0
2025-08-01,ACC0000002105,CUST0001060,INVESTMENT,Deposito,2022-06-23,ACTIVE,0.00,,0.0668,0.00,0
2025-08-01,ACC0000003042,CUST0001531,SAVINGS,Tabungan Negara Plus,2023-06-19,ACTIVE,29992909.40,,0.0144,3634950.66,1
2025-08-01,ACC0000003419,CUST0001719,INVESTMENT,SBN Retail,2023-12-30,ACTIVE,0.00,,0.0915,-5610023.75,3
2025-08-01,ACC0000003498,CUST0001759,LOAN,KTA Personal,2021-12-23,DORMANT,0.00,,0.0853,0.00,0
2025-08-01,ACC0000003653,CUST0001844,SAVINGS,Tabungan Rencana,2023-09-24,ACTIVE,32543656.44,,0.1002,1770560.36,1
2025-08-01,ACC0000003680,CUST0001856,INVESTMENT,Deposito,2022-06-18,ACTIVE,0.00,,0.1241,-3128001.21,1
2025-08-01,ACC0000004018,CUST0002027,INVESTMENT,Deposito,2024-04-19,ACTIVE,0.00,,0.0164,-2914340.17,1
2025-08-01,ACC0000004192,CUST0002113,INVESTMENT,Obligasi,2023-08-10,ACTIVE,0.00,,0.0825,0.00,0
2025-08-01,ACC0000004248,CUST0002137,LOAN,Kredit Kendaraan,2024-06-20,SUSPENDED,0.00,,0.0747,0.00,0
2025-08-01,ACC0000004257,CUST0002142,CREDIT_CARD,Kartu Platinum,2022-06-04,SUSPENDED,0.00,40665113.14,0.0839,0.00,0
2025-08-01,ACC0000004906,CUST0002461,LOAN,Kredit Kendaraan,2025-01-13,ACTIVE,0.00,,0.1332,-1395711.01,1
2025-08-01,ACC0000004941,CUST0002478,LOAN,Kredit Kendaraan,2024-03-09,ACTIVE,0.00,,0.1434,-5722299.87,3
2025-08-01,ACC0000005139,CUST0002579,SAVINGS,Tabungan Haji,2025-06-13,ACTIVE,24035180.18,,0.1497,1147808.05,2
2025-08-01,ACC0000005378,CUST0002700,CREDIT_CARD,Kartu Platinum,2021-11-22,ACTIVE,0.00,28297973.87,0.0396,2035252.85,3
2025-08-01,ACC0000005484,CUST0002751,INVESTMENT,Deposito,2023-11-11,ACTIVE,0.00,,0.1057,-1581482.36,2
2025-08-01,ACC0000005512,CUST0002764,LOAN,KPR Rumah,2024-11-14,ACTIVE,0.00,,0.0435,-7034063.28,8
2025-08-01,ACC0000005529,CUST0002774,SAVINGS,Tabungan Berjangka,2024-10-09,DORMANT,13691419.92,,0.1108,0.00,0
2025-08-01,ACC0000005733,CUST0002876,CREDIT_CARD,Kartu Virtual,2024-03-01,ACTIVE,0.00,45123210.15,0.0323,-2293568.81,2
2025-08-01,ACC0000006024,CUST0003028,INVESTMENT,Reksa Dana,2023-02-11,ACTIVE,0.00,,0.0664,-3227892.90,2
2025-08-01,ACC0000006192,CUST0003110,CREDIT_CARD,Kartu Gold,2024-11-21,ACTIVE,0.00,13963581.39,0.1437,-668747.48,3
2025-08-01,ACC0000006608,CUST0003318,SAVINGS,Tabungan Haji,2023-04-27,ACTIVE,3938669.16,,0.0376,475791.33,1
2025-08-01,ACC0000006738,CUST0003384,LOAN,Kredit Kendaraan,2025-03-17,ACTIVE,0.00,,0.0335,2144073.17,2
2025-08-01,ACC0000006797,CUST0003411,SAVINGS,Tabungan Haji,2022-04-06,ACTIVE,29902160.02,,0.054,-3906644.08,1
2025-08-01,ACC0000007135,CUST0003591,LOAN,Kredit Usaha,2024-10-28,ACTIVE,0.00,,0.0884,6866381.05,2
2025-08-01,ACC0000007148,CUST0003599,INVESTMENT,Obligasi,2024-10-07,ACTIVE,0.00,,0.0892,-3882871.79,2
2025-08-01,ACC0000007229,CUST0003639,CREDIT_CARD,Kartu Virtual,2024-08-31,ACTIVE,0.00,12055524.66,0.0417,10838853.12,3
2025-08-01,ACC0000007241,CUST0003643,INVESTMENT,SBN Retail,2024-05-31,ACTIVE,0.00,,0.0826,-3575626.82,1
2025-08-01,ACC0000007267,CUST0003656,SAVINGS,Tabungan Haji,2023-06-14,ACTIVE,30636172.99,,0.0101,-4963699.93,1
2025-08-01,ACC0000007658,CUST0003848,INVESTMENT,Obligasi,2024-02-11,ACTIVE,0.00,,0.1086,5923393.01,3
2025-08-01,ACC0000007807,CUST0003925,CREDIT_CARD,Kartu Gold,2025-04-10,ACTIVE,0.00,41680929.32,0.1069,6042140.76,2
2025-08-01,ACC0000000225,CUST0000113,SAVINGS,Tabungan Haji,2021-04-15,ACTIVE,44912474.40,,0.1455,-6838293.93,2
2025-08-01,ACC0000000601,CUST0000302,LOAN,Kredit Kendaraan,2021-08-11,ACTIVE,0.00,,0.0293,5056931.35,3
2025-08-01,ACC0000000708,CUST0000352,CREDIT_CARD,Kartu Gold,2022-06-24,DORMANT,0.00,15482372.28,0.1185,0.00,0
2025-08-01,ACC0000000743,CUST0000369,CREDIT_CARD,Kartu Platinum,2022-09-15,ACTIVE,0.00,16130753.12,0.1388,0.00,0
2025-08-01,ACC0000001086,CUST0000543,INVESTMENT,Obligasi,2021-08-18,CLOSED,0.00,,0.0629,0.00,0
2025-08-01,ACC0000001118,CUST0000558,INVESTMENT,Obligasi,2025-05-04,ACTIVE,0.00,,0.1344,1054405.54,1
2025-08-01,ACC0000001198,CUST0000600,LOAN,Kredit Usaha,2024-05-24,SUSPENDED,0.00,,0.0576,0.00,0
2025-08-01,ACC0000001467,CUST0000735,SAVINGS,Tabungan Negara Plus,2024-02-18,ACTIVE,45711691.99,,0.0755,0.00,0
2025-08-01,ACC0000001654,CUST0000834,LOAN,Kredit Usaha,2023-06-11,ACTIVE,0.00,,0.0348,-1713669.39,2
2025-08-01,ACC0000001774,CUST0000895,SAVINGS,Tabungan Berjangka,2023-05-25,ACTIVE,23806273.41,,0.126,-1326917.48,3
2025-08-01,ACC0000002048,CUST0001032,LOAN,KPR Rumah,2021-07-29,ACTIVE,0.00,,0.0567,2281291.18,2
2025-08-01,ACC0000002073,CUST0001044,CREDIT_CARD,Kartu Virtual,2023-04-18,ACTIVE,0.00,9177598.90,0.1122,1127194.04,1
2025-08-01,ACC0000002247,CUST0001127,LOAN,Kredit Usaha,2023-06-20,ACTIVE,0.00,,0.1135,1855921.13,1
2025-08-01,ACC0000002258,CUST0001132,INVESTMENT,Deposito,2023-03-06,DORMANT,0.00,,0.0693,0.00,0
2025-08-01,ACC0000002878,CUST0001454,CREDIT_CARD,Kartu Gold,2022-08-30,ACTIVE,0.00,14606600.73,0.025,-256045.06,1
2025-08-01,ACC0000002987,CUST0001506,SAVINGS,Tabungan Rencana,2025-04-14,CLOSED,20477587.02,,0.014,0.00,0
2025-08-01,ACC0000003192,CUST0001607,SAVINGS,Tabungan Haji,2022-04-25,SUSPENDED,47662162.75,,0.0847,0.00,0
2025-08-01,ACC0000003308,CUST0001665,INVESTMENT,Reksa Dana,2025-01-10,ACTIVE,0.00,,0.046,-136623.06,3
2025-08-01,ACC0000003523,CUST0001772,LOAN,KPR Rumah,2021-08-02,ACTIVE,0.00,,0.1315,0.00,0
2025-08-01,ACC0000003614,CUST0001822,SAVINGS,Tabungan Berjangka,2023-07-10,ACTIVE,36010847.22,,0.0912,2572812.29,2
2025-08-01,ACC0000004163,CUST0002096,INVESTMENT,SBN Retail,2024-05-15,ACTIVE,0.00,,0.108,1607677.95,1
2025-08-01,ACC0000004873,CUST0002444,CREDIT_CARD,Kartu Platinum,2022-06-09,ACTIVE,0.00,38397218.50,0.1217,6703560.80,4
2025-08-01,ACC0000005056,CUST0002534,CREDIT_CARD,Kartu Virtual,2024-03-02,SUSPENDED,0.00,41185936.06,0.1032,0.00,0
2025-08-01,ACC0000005069,CUST0002542,INVESTMENT,Deposito,2022-08-10,ACTIVE,0.00,,0.0612,-4098979.16,1
2025-08-01,ACC0000005176,CUST0002597,SAVINGS,Tabungan Rencana,2021-06-12,CLOSED,43232277.97,,0.0332,0.00,0
2025-08-01,ACC0000005322,CUST0002671,LOAN,Kredit Usaha,2024-06-19,CLOSED,0.00,,0.0861,0.00,0
2025-08-01,ACC0000005465,CUST0002740,CREDIT_CARD,Kartu Platinum,2022-05-29,ACTIVE,0.00,47388441.52,0.0763,0.00,0
2025-08-01,ACC0000005759,CUST0002893,INVESTMENT,Obligasi,2023-12-23,ACTIVE,0.00,,0.0232,0.00,0
2025-08-01,ACC0000005847,CUST0002940,INVESTMENT,Obligasi,2023-03-03,ACTIVE,0.00,,0.0655,475962.03,2
2025-08-01,ACC0000005956,CUST0002993,LOAN,Kredit Usaha,2021-12-24,ACTIVE,0.00,,0.1416,4029384.15,3
2025-08-01,ACC0000006216,CUST0003123,CREDIT_CARD,Kartu Virtual,2023-10-23,DORMANT,0.00,26997250.43,0.0729,0.00,0
2025-08-01,ACC0000006452,CUST0003242,LOAN,Kredit Usaha,2021-10-11,SUSPENDED,0.00,,0.1417,0.00,0
2025-08-01,ACC0000006507,CUST0003268,CREDIT_CARD,Kartu Gold,2023-07-06,ACTIVE,0.00,21360077.48,0.1124,-905777.18,2
2025-08-01,ACC0000006536,CUST0003281,CREDIT_CARD,Kartu Platinum,2024-10-17,ACTIVE,0.00,29378675.22,0.0109,3552496.41,2
2025-08-01,ACC0000006659,CUST0003345,INVESTMENT,Deposito,2023-10-21,CLOSED,0.00,,0.135,0.00,0
2025-08-01,ACC0000006917,CUST0003477,LOAN,KPR Rumah,2021-05-24,DORMANT,0.00,,0.0154,0.00,0
2025-08-01,ACC0000007090,CUST0003566,SAVINGS,Tabungan Berjangka,2023-11-14,ACTIVE,45973539.91,,0.0918,2210161.30,1
2025-08-01,ACC0000007214,CUST0003630,INVESTMENT,Deposito,2022-01-07,ACTIVE,0.00,,0.0209,-2927435.05,3
2025-08-01,ACC0000007234,CUST0003641,SAVINGS,Tabungan Haji,2022-01-05,ACTIVE,28402308.53,,0.016,7560519.69,2
2025-08-01,ACC0000007345,CUST0003690,LOAN,KTA Personal,2022-07-27,ACTIVE,0.00,,0.039,-3203193.60,2
2025-08-01,ACC0000007375,CUST0003708,LOAN,Kredit Kendaraan,2022-03-30,ACTIVE,0.00,,0.0605,9515416.95,4
2025-08-01,ACC0000007805,CUST0003924,INVESTMENT,Obligasi,2024-10-16,ACTIVE,0.00,,0.125,-3784479.45,5
2025-08-01,ACC0000000047,CUST0000025,CREDIT_CARD,Kartu Classic,2024-04-24,ACTIVE,0.00,16634438.62,0.0557,1343837.16,2
2025-08-01,ACC0000000130,CUST0000067,SAVINGS,Tabungan Berjangka,2025-06-24,SUSPENDED,48911166.99,,0.1475,0.00,0
2025-08-01,ACC0000000518,CUST0000261,LOAN,KTA Personal,2022-10-24,DORMANT,0.00,,0.0592,0.00,0
2025-08-01,ACC0000001305,CUST0000657,CREDIT_CARD,Kartu Virtual,2021-06-12,ACTIVE,0.00,7373049.69,0.1439,0.00,0
2025-08-01,ACC0000001377,CUST0000691,CREDIT_CARD,Kartu Gold,2021-07-26,DORMANT,0.00,41663911.27,0.0194,0.00,0
2025-08-01,ACC0000002114,CUST0001065,LOAN,Kredit Kendaraan,2024-09-14,ACTIVE,0.00,,0.0816,1661566.92,2
2025-08-01,ACC0000002159,CUST0001087,CREDIT_CARD,Kartu Virtual,2022-03-29,ACTIVE,0.00,49942772.97,0.1185,-7895016.96,2
2025-08-01,ACC0000002351,CUST0001177,LOAN,Kredit Usaha,2025-02-28,SUSPENDED,0.00,,0.1293,0.00,0
2025-08-01,ACC0000002466,CUST0001238,SAVINGS,Tabungan Rencana,2023-10-04,ACTIVE,35346650.19,,0.0299,1622203.60,3
2025-08-01,ACC0000003328,CUST0001673,INVESTMENT,Obligasi,2024-01-19,ACTIVE,0.00,,0.0528,3586621.50,2
2025-08-01,ACC0000003394,CUST0001707,INVESTMENT,Reksa Dana,2022-06-30,DORMANT,0.00,,0.119,0.00,0
2025-08-01,ACC0000003484,CUST0001751,CREDIT_CARD,Kartu Gold,2022-09-23,ACTIVE,0.00,42684735.40,0.0932,0.00,0
2025-08-01,ACC0000003714,CUST0001871,INVESTMENT,SBN Retail,2022-08-18,ACTIVE,0.00,,0.1031,0.00,0
2025-08-01,ACC0000003835,CUST0001934,INVESTMENT,SBN Retail,2025-04-25,ACTIVE,0.00,,0.0895,-296172.76,3
2025-08-01,ACC0000003984,CUST0002009,INVESTMENT,SBN Retail,2025-06-01,ACTIVE,0.00,,0.0451,0.00,0
2025-08-01,ACC0000004092,CUST0002063,LOAN,Kredit Kendaraan,2024-08-18,ACTIVE,0.00,,0.0604,2951473.49,3
2025-08-01,ACC0000004143,CUST0002085,SAVINGS,Tabungan Negara Plus,2024-10-19,ACTIVE,44511879.90,,0.0154,-3151220.01,5
2025-08-01,ACC0000004275,CUST0002150,CREDIT_CARD,Kartu Platinum,2024-12-14,DORMANT,0.00,15153912.97,0.0757,0.00,0
2025-08-01,ACC0000004374,CUST0002200,SAVINGS,Tabungan Haji,2022-05-19,ACTIVE,31757159.40,,0.1239,-3272801.81,1
2025-08-01,ACC0000004826,CUST0002422,INVESTMENT,Reksa Dana,2022-12-21,CLOSED,0.00,,0.1107,0.00,0
2025-08-01,ACC0000004891,CUST0002455,INVESTMENT,Deposito,2022-01-05,ACTIVE,0.00,,0.1009,1054827.89,1
2025-08-01,ACC0000004934,CUST0002475,CREDIT_CARD,Kartu Gold,2023-12-24,CLOSED,0.00,11864968.60,0.055,0.00,0
2025-08-01,ACC0000004975,CUST0002495,LOAN,Kredit Kendaraan,2025-01-30,ACTIVE,0.00,,0.0622,1120130.69,4
2025-08-01,ACC0000004979,CUST0002496,LOAN,Kredit Usaha,2022-11-15,ACTIVE,0.00,,0.0368,1075922.25,5
2025-08-01,ACC0000005449,CUST0002734,LOAN,KPR Rumah,2024-06-22,CLOSED,0.00,,0.0233,0.00,0
2025-08-01,ACC0000005504,CUST0002761,INVESTMENT,SBN Retail,2022-11-18,ACTIVE,0.00,,0.0163,0.00,0
2025-08-01,ACC0000005727,CUST0002873,SAVINGS,Tabungan Haji,2024-08-27,ACTIVE,17784773.07,,0.1342,-5801108.79,2
2025-08-01,ACC0000005786,CUST0002907,LOAN,KTA Personal,2024-05-27,ACTIVE,0.00,,0.1483,0.00,0
2025-08-01,ACC0000006189,CUST0003109,SAVINGS,Tabungan Haji,2021-11-23,ACTIVE,4398692.28,,0.0558,5394636.80,2
2025-08-01,ACC0000006282,CUST0003155,LOAN,Kredit Kendaraan,2021-01-16,ACTIVE,0.00,,0.1108,0.00,0
2025-08-01,ACC0000006364,CUST0003198,SAVINGS,Tabungan Haji,2021-05-28,ACTIVE,37727803.42,,0.0585,1246173.82,1
2025-08-01,ACC0000006381,CUST0003206,LOAN,KPR Rumah,2021-10-21,ACTIVE,0.00,,0.1482,2890839.48,2
2025-08-01,ACC0000006731,CUST0003380,LOAN,Kredit Kendaraan,2022-05-26,ACTIVE,0.00,,0.0449,914296.34,2
2025-08-01,ACC0000006831,CUST0003431,LOAN,KTA Personal,2022-03-30,ACTIVE,0.00,,0.0848,620123.83,1
2025-08-01,ACC0000007218,CUST0003632,LOAN,KPR Rumah,2024-08-16,ACTIVE,0.00,,0.1138,-251257.33,1
2025-08-01,ACC0000007347,CUST0003691,INVESTMENT,Deposito,2021-12-14,ACTIVE,0.00,,0.0345,0.00,0
2025-08-01,ACC0000007448,CUST0003743,CREDIT_CARD,Kartu Gold,2024-05-09,ACTIVE,0.00,6848795.29,0.0905,-12415254.49,3
2025-08-01,ACC0000007844,CUST0003941,CREDIT_CARD,Kartu Platinum,2023-12-22,ACTIVE,0.00,13006674.60,0.0933,1518659.61,1
2025-08-01,ACC0000000022,CUST0000011,INVESTMENT,Reksa Dana,2021-03-03,ACTIVE,0.00,,0.0752,-6216350.43,2
2025-08-01,ACC0000000027,CUST0000013,INVESTMENT,Obligasi,2023-10-29,ACTIVE,0.00,,0.148,0.00,0
2025-08-01,ACC0000000181,CUST0000089,INVESTMENT,Deposito,2024-08-17,ACTIVE,0.00,,0.1285,2050577.81,1
2025-08-01,ACC0000000420,CUST0000212,LOAN,KTA Personal,2021-10-06,ACTIVE,0.00,,0.1482,2080856.40,1
2025-08-01,ACC0000000745,CUST0000370,INVESTMENT,Reksa Dana,2024-06-20,ACTIVE,0.00,,0.0607,2005507.72,1
2025-08-01,ACC0000000792,CUST0000394,CREDIT_CARD,Kartu Gold,2022-06-09,ACTIVE,0.00,20492189.81,0.0348,4832564.99,2
2025-08-01,ACC0000001133,CUST0000567,INVESTMENT,Deposito,2022-08-13,ACTIVE,0.00,,0.0697,8960878.53,3
2025-08-01,ACC0000001164,CUST0000583,INVESTMENT,Obligasi,2024-12-25,ACTIVE,0.00,,0.0415,1837501.80,3
2025-08-01,ACC0000001279,CUST0000645,CREDIT_CARD,Kartu Platinum,2024-12-01,CLOSED,0.00,48820559.02,0.1252,0.00,0
2025-08-01,ACC0000001476,CUST0000739,LOAN,Kredit Kendaraan,2023-08-28,DORMANT,0.00,,0.0841,0.00,0
2025-08-01,ACC0000001644,CUST0000829,INVESTMENT,SBN Retail,2023-11-01,SUSPENDED,0.00,,0.0319,0.00,0
2025-08-01,ACC0000002222,CUST0001113,SAVINGS,Tabungan Haji,2024-05-23,DORMANT,8712195.99,,0.0344,0.00,0
2025-08-01,ACC0000002361,CUST0001182,CREDIT_CARD,Kartu Virtual,2021-06-15,CLOSED,0.00,40180952.56,0.0157,0.00,0
2025-08-01,ACC0000003001,CUST0001512,INVESTMENT,Reksa Dana,2024-01-20,ACTIVE,0.00,,0.0869,1094142.09,1
2025-08-01,ACC0000003185,CUST0001603,SAVINGS,Tabungan Rencana,2022-10-02,ACTIVE,8458159.20,,0.075,2477871.81,1
2025-08-01,ACC0000003675,CUST0001854,LOAN,Kredit Kendaraan,2022-04-25,ACTIVE,0.00,,0.0633,-8253590.41,2
2025-08-01,ACC0000003931,CUST0001982,CREDIT_CARD,Kartu Classic,2024-08-07,ACTIVE,0.00,19384810.23,0.0193,23883.11,2
2025-08-01,ACC0000003989,CUST0002012,CREDIT_CARD,Kartu Platinum,2021-01-27,ACTIVE,0.00,27060727.78,0.1035,-1154493.02,6
2025-08-01,ACC0000004305,CUST0002164,CREDIT_CARD,Kartu Classic,2024-09-24,ACTIVE,0.00,32682289.23,0.069,-65744.49,3
2025-08-01,ACC0000005089,CUST0002555,CREDIT_CARD,Kartu Virtual,2021-09-12,ACTIVE,0.00,49600579.55,0.0492,-536905.49,1
2025-08-01,ACC0000005159,CUST0002588,LOAN,Kredit Usaha,2022-05-05,ACTIVE,0.00,,0.035,7248392.39,5
2025-08-01,ACC0000005279,CUST0002651,LOAN,KTA Personal,2022-02-13,ACTIVE,0.00,,0.0203,0.00,0
2025-08-01,ACC0000005612,CUST0002819,SAVINGS,Tabungan Negara Plus,2022-11-19,ACTIVE,27233533.34,,0.0949,-3311988.26,1
2025-08-01,ACC0000005692,CUST0002855,SAVINGS,Tabungan Haji,2024-02-05,ACTIVE,11957429.62,,0.0977,0.00,0
2025-08-01,ACC0000006121,CUST0003075,LOAN,KPR Rumah,2025-04-30,ACTIVE,0.00,,0.0269,4196926.51,1
2025-08-01,ACC0000006257,CUST0003142,SAVINGS,Tabungan Rencana,2023-12-13,ACTIVE,38836614.92,,0.1,-1544013.37,1
2025-08-01,ACC0000006729,CUST0003379,INVESTMENT,Obligasi,2021-10-10,ACTIVE,0.00,,0.0245,1209614.24,1
2025-08-01,ACC0000006945,CUST0003492,LOAN,Kredit Usaha,2023-08-28,ACTIVE,0.00,,0.0367,0.00,0
2025-08-01,ACC0000007284,CUST0003663,LOAN,KPR Rumah,2021-08-14,ACTIVE,0.00,,0.0597,-491795.86,2
2025-08-01,ACC0000007368,CUST0003704,CREDIT_CARD,Kartu Classic,2025-01-12,ACTIVE,0.00,39727740.48,0.0312,0.00,0
2025-08-01,ACC0000007596,CUST0003815,CREDIT_CARD,Kartu Classic,2025-01-11,SUSPENDED,0.00,7167749.07,0.0731,0.00,0
2025-08-01,ACC0000007739,CUST0003891,SAVINGS,Tabungan Rencana,2024-07-07,ACTIVE,15409409.23,,0.0937,588987.39,2
2025-08-01,ACC0000007789,CUST0003916,INVESTMENT,SBN Retail,2022-03-19,ACTIVE,0.00,,0.1063,3514294.34,4
2025-08-01,ACC0000000291,CUST0000145,CREDIT_CARD,Kartu Classic,2025-03-13,ACTIVE,0.00,17714378.55,0.033,3834568.06,1
2025-08-01,ACC0000000316,CUST0000157,LOAN,Kredit Usaha,2023-11-23,ACTIVE,0.00,,0.0454,-4582994.17,2
2025-08-01,ACC0000000455,CUST0000231,CREDIT_CARD,Kartu Classic,2023-10-11,ACTIVE,0.00,38574178.44,0.0193,-4876285.90,2
2025-08-01,ACC0000000581,CUST0000294,INVESTMENT,SBN Retail,2024-03-21,ACTIVE,0.00,,0.1278,1501556.37,2
2025-08-01,ACC0000000618,CUST0000309,CREDIT_CARD,Kartu Virtual,2022-01-27,ACTIVE,0.00,37259715.44,0.0458,5571224.23,5
2025-08-01,ACC0000000647,CUST0000322,SAVINGS,Tabungan Negara Plus,2023-08-06,ACTIVE,15999504.56,,0.0364,-1709272.01,3
2025-08-01,ACC0000000654,CUST0000324,LOAN,KTA Personal,2022-02-21,ACTIVE,0.00,,0.031,-281676.85,4
2025-08-01,ACC0000000770,CUST0000382,CREDIT_CARD,Kartu Classic,2024-01-27,ACTIVE,0.00,49348163.96,0.1261,0.00,0
2025-08-01,ACC0000001358,CUST0000682,INVESTMENT,Deposito,2021-07-25,CLOSED,0.00,,0.1276,0.00,0
2025-08-01,ACC0000001382,CUST0000694,INVESTMENT,Reksa Dana,2022-08-06,ACTIVE,0.00,,0.0764,10062105.03,3
2025-08-01,ACC0000001553,CUST0000780,LOAN,Kredit Kendaraan,2022-05-07,ACTIVE,0.00,,0.0252,3876252.48,1
2025-08-01,ACC0000001587,CUST0000798,SAVINGS,Tabungan Berjangka,2025-05-08,ACTIVE,16446727.81,,0.0377,-4579682.70,3
2025-08-01,ACC0000001679,CUST0000846,CREDIT_CARD,Kartu Gold,2024-03-16,ACTIVE,0.00,5081332.86,0.0837,-4882647.37,3
2025-08-01,ACC0000001831,CUST0000921,INVESTMENT,Obligasi,2025-05-15,DORMANT,0.00,,0.068,0.00,0
2025-08-01,ACC0000002160,CUST0001087,INVESTMENT,Deposito,2021-11-06,ACTIVE,0.00,,0.024,-2161013.73,1
2025-08-01,ACC0000002279,CUST0001142,CREDIT_CARD,Kartu Virtual,2024-09-12,ACTIVE,0.00,30015104.76,0.1303,-4832486.06,4
2025-08-01,ACC0000002815,CUST0001422,INVESTMENT,Obligasi,2023-03-10,SUSPENDED,0.00,,0.0439,0.00,0
2025-08-01,ACC0000003232,CUST0001630,LOAN,KTA Personal,2024-01-01,ACTIVE,0.00,,0.0155,-2978138.27,1
2025-08-01,ACC0000003482,CUST0001750,INVESTMENT,Deposito,2024-01-09,DORMANT,0.00,,0.0241,0.00,0
2025-08-01,ACC0000003875,CUST0001953,SAVINGS,Tabungan Negara Plus,2022-05-10,ACTIVE,13947547.60,,0.0423,-2494092.27,1
2025-08-01,ACC0000004304,CUST0002164,SAVINGS,Tabungan Rencana,2024-07-04,DORMANT,21688107.58,,0.1362,0.00,0
2025-08-01,ACC0000004318,CUST0002171,INVESTMENT,Deposito,2023-08-08,ACTIVE,0.00,,0.1253,0.00,0
2025-08-01,ACC0000004356,CUST0002190,LOAN,KPR Rumah,2022-07-04,ACTIVE,0.00,,0.1009,143621.06,1
2025-08-01,ACC0000004574,CUST0002295,LOAN,KTA Personal,2023-04-06,ACTIVE,0.00,,0.0256,2092390.00,2
2025-08-01,ACC0000004613,CUST0002314,CREDIT_CARD,Kartu Virtual,2024-06-07,ACTIVE,0.00,47052248.67,0.0412,311224.09,3
2025-08-01,ACC0000004681,CUST0002348,CREDIT_CARD,Kartu Gold,2022-06-13,SUSPENDED,0.00,9746646.82,0.0257,0.00,0
2025-08-01,ACC0000004689,CUST0002353,LOAN,Kredit Kendaraan,2021-11-12,ACTIVE,0.00,,0.1434,1905628.53,1
2025-08-01,ACC0000005075,CUST0002547,SAVINGS,Tabungan Berjangka,2022-12-25,SUSPENDED,39089478.02,,0.0577,0.00,0
2025-08-01,ACC0000005598,CUST0002810,INVESTMENT,Deposito,2023-06-27,ACTIVE,0.00,,0.0499,-5327270.34,2
2025-08-01,ACC0000005689,CUST0002854,SAVINGS,Tabungan Negara Plus,2022-07-16,ACTIVE,12217565.86,,0.0837,0.00,0
2025-08-01,ACC0000005835,CUST0002933,SAVINGS,Tabungan Negara Plus,2024-04-12,ACTIVE,17197956.00,,0.0195,0.00,0
2025-08-01,ACC0000005963,CUST0002996,CREDIT_CARD,Kartu Platinum,2022-05-31,DORMANT,0.00,49779910.10,0.0864,0.00,0
2025-08-01,ACC0000006029,CUST0003030,CREDIT_CARD,Kartu Platinum,2021-07-09,DORMANT,0.00,29326184.83,0.0418,0.00,0
2025-08-01,ACC0000006064,CUST0003049,SAVINGS,Tabungan Berjangka,2024-10-22,DORMANT,24161518.08,,0.1359,0.00,0
2025-08-01,ACC0000006317,CUST0003171,INVESTMENT,Obligasi,2024-06-22,ACTIVE,0.00,,0.13,8323897.52,3
2025-08-01,ACC0000006447,CUST0003239,INVESTMENT,Reksa Dana,2023-12-23,ACTIVE,0.00,,0.0662,-2464318.42,1
2025-08-01,ACC0000006567,CUST0003297,LOAN,KPR Rumah,2022-02-12,ACTIVE,0.00,,0.0369,5585796.11,2
2025-08-01,ACC0000006621,CUST0003325,SAVINGS,Tabungan Negara Plus,2025-03-20,ACTIVE,49856088.59,,0.0728,-6719912.38,4
2025-08-01,ACC0000006776,CUST0003403,LOAN,KTA Personal,2021-12-25,SUSPENDED,0.00,,0.0738,0.00,0
2025-08-01,ACC0000006823,CUST0003427,CREDIT_CARD,Kartu Virtual,2022-09-21,ACTIVE,0.00,29639063.94,0.079,-3329484.95,2
2025-08-01,ACC0000007030,CUST0003536,INVESTMENT,SBN Retail,2024-02-04,ACTIVE,0.00,,0.0805,6326294.94,3
2025-08-01,ACC0000007355,CUST0003696,INVESTMENT,SBN Retail,2022-11-27,ACTIVE,0.00,,0.1396,0.00,0
2025-08-01,ACC0000007405,CUST0003723,CREDIT_CARD,Kartu Classic,2021-11-25,ACTIVE,0.00,30169545.94,0.0521,-2354474.55,2
2025-08-01,ACC0000007657,CUST0003848,CREDIT_CARD,Kartu Gold,2024-07-14,ACTIVE,0.00,9861899.66,0.094,0.00,0
2025-08-01,ACC0000007743,CUST0003892,INVESTMENT,Deposito,2022-10-05,ACTIVE,0.00,,0.0965,-11906044.09,4
2025-08-01,ACC0000000602,CUST0000302,LOAN,KTA Personal,2021-07-15,ACTIVE,0.00,,0.0808,-1568857.20,2
2025-08-01,ACC0000000730,CUST0000363,CREDIT_CARD,Kartu Gold,2021-12-27,ACTIVE,0.00,13072861.15,0.0669,0.00,0
2025-08-01,ACC0000000958,CUST0000481,CREDIT_CARD,Kartu Platinum,2022-09-13,ACTIVE,0.00,17188549.59,0.1432,-1724793.41,1
2025-08-01,ACC0000001006,CUST0000502,INVESTMENT,Obligasi,2022-06-11,ACTIVE,0.00,,0.0439,-3720880.01,3
2025-08-01,ACC0000001061,CUST0000531,LOAN,KPR Rumah,2022-10-20,ACTIVE,0.00,,0.035,-553157.04,3
2025-08-01,ACC0000001422,CUST0000717,SAVINGS,Tabungan Rencana,2022-06-06,ACTIVE,48727016.49,,0.1414,1643463.93,3
2025-08-01,ACC0000001513,CUST0000757,INVESTMENT,Deposito,2022-11-13,DORMANT,0.00,,0.0658,0.00,0
2025-08-01,ACC0000001576,CUST0000792,INVESTMENT,Reksa Dana,2024-04-06,DORMANT,0.00,,0.1399,0.00,0
2025-08-01,ACC0000001869,CUST0000941,CREDIT_CARD,Kartu Classic,2022-01-13,SUSPENDED,0.00,16807522.41,0.0836,0.00,0
2025-08-01,ACC0000001965,CUST0000988,INVESTMENT,Obligasi,2025-05-08,DORMANT,0.00,,0.0332,0.00,0
2025-08-01,ACC0000001988,CUST0000999,SAVINGS,Tabungan Negara Plus,2021-09-15,ACTIVE,32554903.30,,0.0164,-276085.94,1
2025-08-01,ACC0000002165,CUST0001089,INVESTMENT,Reksa Dana,2023-03-08,ACTIVE,0.00,,0.0104,0.00,0
2025-08-01,ACC0000002206,CUST0001107,SAVINGS,Tabungan Haji,2021-09-21,ACTIVE,2244768.43,,0.1089,1844959.52,1
2025-08-01,ACC0000002259,CUST0001132,SAVINGS,Tabungan Haji,2023-01-08,ACTIVE,42153636.35,,0.0958,0.00,0
2025-08-01,ACC0000002470,CUST0001241,INVESTMENT,Obligasi,2022-06-07,ACTIVE,0.00,,0.0157,4371056.62,3
2025-08-01,ACC0000002844,CUST0001436,SAVINGS,Tabungan Rencana,2023-08-11,ACTIVE,22892628.53,,0.0589,2863468.01,1
2025-08-01,ACC0000003314,CUST0001667,CREDIT_CARD,Kartu Gold,2022-12-26,ACTIVE,0.00,11242251.14,0.0925,0.00,0
2025-08-01,ACC0000003605,CUST0001817,CREDIT_CARD,Kartu Gold,2021-12-17,ACTIVE,0.00,6612984.66,0.0415,-3558105.53,2
2025-08-01,ACC0000003682,CUST0001857,CREDIT_CARD,Kartu Classic,2021-06-21,ACTIVE,0.00,44478964.12,0.1469,2173324.67,3
2025-08-01,ACC0000003733,CUST0001879,INVESTMENT,SBN Retail,2024-11-14,ACTIVE,0.00,,0.0583,383498.57,1
2025-08-01,ACC0000004316,CUST0002171,SAVINGS,Tabungan Berjangka,2024-01-08,ACTIVE,39130093.94,,0.0649,0.00,0
2025-08-01,ACC0000004319,CUST0002172,INVESTMENT,SBN Retail,2022-08-11,ACTIVE,0.00,,0.0229,-723751.05,5
2025-08-01,ACC0000004726,CUST0002371,INVESTMENT,Deposito,2023-05-24,ACTIVE,0.00,,0.0234,0.00,0
2025-08-01,ACC0000004810,CUST0002415,SAVINGS,Tabungan Negara Plus,2023-05-17,ACTIVE,44733600.85,,0.0908,-4586371.87,1
2025-08-01,ACC0000005574,CUST0002796,LOAN,KTA Personal,2023-09-13,SUSPENDED,0.00,,0.1152,0.00,0
2025-08-01,ACC0000005814,CUST0002922,SAVINGS,Tabungan Haji,2025-01-18,ACTIVE,1658701.55,,0.1309,4498824.72,2
2025-08-01,ACC0000006270,CUST0003149,LOAN,Kredit Kendaraan,2021-10-02,ACTIVE,0.00,,0.0824,-406175.14,2
2025-08-01,ACC0000006276,CUST0003151,LOAN,KPR Rumah,2023-11-27,DORMANT,0.00,,0.1399,0.00,0
2025-08-01,ACC0000006343,CUST0003185,INVESTMENT,Reksa Dana,2021-04-01,CLOSED,0.00,,0.089,0.00,0
2025-08-01,ACC0000006382,CUST0003206,SAVINGS,Tabungan Negara Plus,2021-06-25,ACTIVE,34501467.66,,0.1033,0.00,0
2025-08-01,ACC0000006553,CUST0003290,SAVINGS,Tabungan Negara Plus,2024-07-12,ACTIVE,13358209.77,,0.0952,-5733338.63,4
2025-08-01,ACC0000006558,CUST0003293,INVESTMENT,Obligasi,2025-04-22,ACTIVE,0.00,,0.1222,3938039.72,3
2025-08-01,ACC0000006721,CUST0003376,SAVINGS,Tabungan Berjangka,2022-12-19,ACTIVE,4621641.65,,0.0883,0.00,0
2025-08-01,ACC0000006815,CUST0003422,SAVINGS,Tabungan Negara Plus,2023-06-16,ACTIVE,12339125.92,,0.0657,0.00,0
2025-08-01,ACC0000006916,CUST0003476,INVESTMENT,Reksa Dana,2024-10-17,CLOSED,0.00,,0.0114,0.00,0
2025-08-01,ACC0000006995,CUST0003519,CREDIT_CARD,Kartu Gold,2021-08-12,ACTIVE,0.00,11898227.48,0.0614,1793766.57,3
2025-08-01,ACC0000007142,CUST0003595,SAVINGS,Tabungan Rencana,2021-11-15,ACTIVE,15095582.49,,0.0705,3917872.48,1
2025-08-01,ACC0000007149,CUST0003599,LOAN,KPR Rumah,2024-12-01,ACTIVE,0.00,,0.1275,785083.14,3
2025-08-01,ACC0000007398,CUST0003720,SAVINGS,Tabungan Haji,2022-03-13,ACTIVE,25993181.08,,0.1115,-1176772.54,3
2025-08-01,ACC0000007668,CUST0003852,LOAN,KTA Personal,2024-05-03,ACTIVE,0.00,,0.02,-7000839.17,4
2025-08-01,ACC0000000422,CUST0000212,LOAN,KPR Rumah,2021-11-18,ACTIVE,0.00,,0.1346,4507655.98,3
2025-08-01,ACC0000000590,CUST0000297,CREDIT_CARD,Kartu Classic,2023-03-11,ACTIVE,0.00,34963924.20,0.0468,0.00,0
2025-08-01,ACC0000001326,CUST0000667,LOAN,Kredit Usaha,2024-01-19,ACTIVE,0.00,,0.1409,-2923497.35,1
2025-08-01,ACC0000001955,CUST0000983,LOAN,Kredit Kendaraan,2025-03-22,SUSPENDED,0.00,,0.137,0.00,0
2025-08-01,ACC0000002132,CUST0001071,INVESTMENT,Reksa Dana,2023-09-06,ACTIVE,0.00,,0.1094,-700249.72,1
2025-08-01,ACC0000002969,CUST0001495,SAVINGS,Tabungan Rencana,2021-12-18,ACTIVE,17234138.61,,0.0826,-2900875.97,3
2025-08-01,ACC0000003031,CUST0001527,INVESTMENT,Deposito,2024-10-11,ACTIVE,0.00,,0.0768,2527489.16,1
2025-08-01,ACC0000003219,CUST0001624,INVESTMENT,SBN Retail,2025-02-04,ACTIVE,0.00,,0.0724,-957331.52,1
2025-08-01,ACC0000003339,CUST0001680,CREDIT_CARD,Kartu Virtual,2023-12-05,DORMANT,0.00,17113064.45,0.068,0.00,0
2025-08-01,ACC0000003342,CUST0001681,SAVINGS,Tabungan Berjangka,2022-03-12,CLOSED,8935351.76,,0.0617,0.00,0
2025-08-01,ACC0000003386,CUST0001702,INVESTMENT,Reksa Dana,2025-05-03,DORMANT,0.00,,0.0911,0.00,0
2025-08-01,ACC0000003520,CUST0001771,SAVINGS,Tabungan Haji,2022-07-20,ACTIVE,4464406.25,,0.0372,-7118760.14,2
2025-08-01,ACC0000003590,CUST0001810,INVESTMENT,SBN Retail,2022-07-10,ACTIVE,0.00,,0.0649,-1797961.46,3
2025-08-01,ACC0000003601,CUST0001815,CREDIT_CARD,Kartu Platinum,2021-09-20,ACTIVE,0.00,30053127.63,0.1327,-3772896.11,1
2025-08-01,ACC0000004501,CUST0002261,INVESTMENT,SBN Retail,2024-06-17,ACTIVE,0.00,,0.0203,-4703774.13,3
2025-08-01,ACC0000004729,CUST0002372,SAVINGS,Tabungan Berjangka,2023-02-11,ACTIVE,32447869.73,,0.0323,4341744.59,2
2025-08-01,ACC0000004793,CUST0002405,INVESTMENT,Deposito,2023-02-06,ACTIVE,0.00,,0.0293,-6849007.57,4
2025-08-01,ACC0000004800,CUST0002409,LOAN,KPR Rumah,2024-05-01,ACTIVE,0.00,,0.0179,-4467934.01,1
2025-08-01,ACC0000004874,CUST0002445,CREDIT_CARD,Kartu Platinum,2021-08-13,CLOSED,0.00,49359750.11,0.1252,0.00,0
2025-08-01,ACC0000004988,CUST0002501,CREDIT_CARD,Kartu Classic,2025-06-21,ACTIVE,0.00,9153845.47,0.0256,8189432.32,3
2025-08-01,ACC0000005323,CUST0002671,INVESTMENT,Obligasi,2024-03-12,ACTIVE,0.00,,0.1428,-5351246.25,2
2025-08-01,ACC0000005491,CUST0002756,CREDIT_CARD,Kartu Platinum,2022-07-20,ACTIVE,0.00,15832362.82,0.0638,0.00,0
2025-08-01,ACC0000005697,CUST0002858,CREDIT_CARD,Kartu Virtual,2021-10-20,ACTIVE,0.00,38291705.42,0.1418,-4107885.54,1
2025-08-01,ACC0000005857,CUST0002946,CREDIT_CARD,Kartu Platinum,2024-02-04,ACTIVE,0.00,33120573.33,0.0713,-566570.96,1
2025-08-01,ACC0000005923,CUST0002977,SAVINGS,Tabungan Berjangka,2021-04-25,ACTIVE,21756197.21,,0.0437,4278414.10,2
2025-08-01,ACC0000005991,CUST0003011,LOAN,KPR Rumah,2024-11-14,ACTIVE,0.00,,0.0503,2778889.82,1
2025-08-01,ACC0000006041,CUST0003037,SAVINGS,Tabungan Haji,2022-10-26,ACTIVE,35644278.87,,0.084,36743.38,2
2025-08-01,ACC0000006613,CUST0003321,SAVINGS,Tabungan Rencana,2023-01-29,CLOSED,17088417.62,,0.0975,0.00,0
2025-08-01,ACC0000006844,CUST0003437,LOAN,Kredit Kendaraan,2021-11-09,ACTIVE,0.00,,0.065,-784262.64,4
2025-08-01,ACC0000006997,CUST0003520,CREDIT_CARD,Kartu Platinum,2024-03-11,ACTIVE,0.00,22961905.23,0.0905,5533037.57,3
2025-08-01,ACC0000007019,CUST0003530,SAVINGS,Tabungan Negara Plus,2025-03-04,ACTIVE,6650856.47,,0.1223,-2689982.12,2
2025-08-01,ACC0000007190,CUST0003618,CREDIT_CARD,Kartu Gold,2024-05-07,CLOSED,0.00,30798293.48,0.036,0.00,0
2025-08-01,ACC0000007353,CUST0003694,LOAN,Kredit Kendaraan,2025-07-25,ACTIVE,0.00,,0.1223,1362295.31,2
2025-08-01,ACC0000007420,CUST0003729,INVESTMENT,Deposito,2022-09-06,ACTIVE,0.00,,0.0696,-2757755.19,1
2025-08-01,ACC0000007554,CUST0003794,CREDIT_CARD,Kartu Virtual,2022-01-07,CLOSED,0.00,41436849.28,0.1484,0.00,0
2025-08-01,ACC0000007647,CUST0003843,CREDIT_CARD,Kartu Gold,2021-10-08,DORMANT,0.00,31594544.25,0.0172,0.00,0
2025-08-01,ACC0000007825,CUST0003931,LOAN,KPR Rumah,2025-02-19,ACTIVE,0.00,,0.1178,1224219.70,2
2025-08-01,ACC0000007833,CUST0003935,LOAN,KPR Rumah,2022-05-03,ACTIVE,0.00,,0.1457,2262930.05,1
2025-08-01,ACC0000000109,CUST0000056,INVESTMENT,Reksa Dana,2021-06-30,ACTIVE,0.00,,0.0891,-372839.42,2
2025-08-01,ACC0000000645,CUST0000321,LOAN,KTA Personal,2022-08-28,ACTIVE,0.00,,0.0979,4483281.54,4
2025-08-01,ACC0000000918,CUST0000458,LOAN,Kredit Kendaraan,2024-02-04,SUSPENDED,0.00,,0.0184,0.00,0
2025-08-01,ACC0000001078,CUST0000538,CREDIT_CARD,Kartu Gold,2022-04-16,DORMANT,0.00,26697639.36,0.1101,0.00,0
2025-08-01,ACC0000001102,CUST0000551,LOAN,Kredit Kendaraan,2021-08-15,DORMANT,0.00,,0.0483,0.00,0
2025-08-01,ACC0000001390,CUST0000698,CREDIT_CARD,Kartu Gold,2021-11-19,ACTIVE,0.00,32444183.45,0.0671,-3277121.33,1
2025-08-01,ACC0000001397,CUST0000702,CREDIT_CARD,Kartu Classic,2021-11-17,ACTIVE,0.00,36037598.98,0.1447,-3371173.69,3
2025-08-01,ACC0000001636,CUST0000824,INVESTMENT,Obligasi,2024-06-05,ACTIVE,0.00,,0.1069,-2747561.08,1
2025-08-01,ACC0000001645,CUST0000830,CREDIT_CARD,Kartu Virtual,2025-01-28,SUSPENDED,0.00,8826195.90,0.0317,0.00,0
2025-08-01,ACC0000002233,CUST0001119,LOAN,Kredit Kendaraan,2022-03-26,DORMANT,0.00,,0.0177,0.00,0
2025-08-01,ACC0000002253,CUST0001130,INVESTMENT,SBN Retail,2021-06-16,CLOSED,0.00,,0.1437,0.00,0
2025-08-01,ACC0000002426,CUST0001217,SAVINGS,Tabungan Rencana,2024-04-29,ACTIVE,28644945.55,,0.054,2144999.12,3
2025-08-01,ACC0000002475,CUST0001243,SAVINGS,Tabungan Negara Plus,2024-04-12,CLOSED,22166070.68,,0.1445,0.00,0
2025-08-01,ACC0000002669,CUST0001345,LOAN,Kredit Usaha,2024-07-17,ACTIVE,0.00,,0.0255,0.00,0
2025-08-01,ACC0000002677,CUST0001351,INVESTMENT,Deposito,2022-12-03,ACTIVE,0.00,,0.0638,-3437469.91,1
2025-08-01,ACC0000002714,CUST0001370,INVESTMENT,Deposito,2023-12-18,ACTIVE,0.00,,0.1309,-84637.14,3
2025-08-01,ACC0000003024,CUST0001524,LOAN,Kredit Usaha,2022-02-25,DORMANT,0.00,,0.026,0.00,0
2025-08-01,ACC0000003297,CUST0001660,LOAN,Kredit Kendaraan,2025-01-22,ACTIVE,0.00,,0.1091,367128.84,1
2025-08-01,ACC0000003435,CUST0001726,CREDIT_CARD,Kartu Virtual,2024-12-03,DORMANT,0.00,25138229.90,0.0981,0.00,0
2025-08-01,ACC0000003436,CUST0001727,SAVINGS,Tabungan Berjangka,2023-06-15,ACTIVE,27051244.72,,0.1174,4176883.63,2
2025-08-01,ACC0000003543,CUST0001783,SAVINGS,Tabungan Haji,2021-10-14,ACTIVE,15609138.21,,0.0518,0.00,0
2025-08-01,ACC0000003555,CUST0001791,LOAN,Kredit Kendaraan,2024-06-03,DORMANT,0.00,,0.1495,0.00,0
2025-08-01,ACC0000003565,CUST0001796,INVESTMENT,SBN Retail,2023-06-22,ACTIVE,0.00,,0.0883,3499293.09,3
2025-08-01,ACC0000003744,CUST0001888,INVESTMENT,Reksa Dana,2022-05-01,CLOSED,0.00,,0.1194,0.00,0
2025-08-01,ACC0000003747,CUST0001889,SAVINGS,Tabungan Haji,2022-12-18,ACTIVE,7327492.64,,0.0507,627090.65,1
2025-08-01,ACC0000004540,CUST0002280,SAVINGS,Tabungan Rencana,2024-06-19,ACTIVE,7152821.51,,0.0509,-2343851.82,3
2025-08-01,ACC0000004589,CUST0002303,CREDIT_CARD,Kartu Virtual,2024-01-04,ACTIVE,0.00,33242177.08,0.119,-2210340.53,1
2025-08-01,ACC0000005041,CUST0002527,INVESTMENT,Obligasi,2021-12-21,ACTIVE,0.00,,0.0802,-5460506.53,2
2025-08-01,ACC0000005051,CUST0002531,INVESTMENT,SBN Retail,2023-09-19,ACTIVE,0.00,,0.1242,2713035.30,1
2025-08-01,ACC0000005058,CUST0002535,LOAN,Kredit Kendaraan,2023-02-08,ACTIVE,0.00,,0.0413,-2093990.40,2
2025-08-01,ACC0000005065,CUST0002540,LOAN,Kredit Kendaraan,2023-11-01,ACTIVE,0.00,,0.0334,0.00,0
2025-08-01,ACC0000005109,CUST0002564,CREDIT_CARD,Kartu Gold,2022-02-16,CLOSED,0.00,40579023.89,0.0206,0.00,0
2025-08-01,ACC0000006014,CUST0003023,LOAN,KTA Personal,2022-04-14,ACTIVE,0.00,,0.018,0.00,0
2025-08-01,ACC0000006117,CUST0003073,INVESTMENT,Reksa Dana,2024-09-26,ACTIVE,0.00,,0.1034,102793.34,4
2025-08-01,ACC0000006200,CUST0003115,LOAN,KPR Rumah,2022-11-20,ACTIVE,0.00,,0.1187,-1155172.70,2
2025-08-01,ACC0000006691,CUST0003361,LOAN,Kredit Usaha,2021-08-13,ACTIVE,0.00,,0.0451,1420052.01,2
2025-08-01,ACC0000006966,CUST0003505,SAVINGS,Tabungan Haji,2022-02-15,ACTIVE,8228769.69,,0.065,-1756877.24,1
2025-08-01,ACC0000007034,CUST0003537,LOAN,KPR Rumah,2024-03-05,ACTIVE,0.00,,0.0497,-1124584.83,2
2025-08-01,ACC0000007037,CUST0003538,LOAN,KPR Rumah,2024-12-28,ACTIVE,0.00,,0.1014,0.00,0
2025-08-01,ACC0000007286,CUST0003664,CREDIT_CARD,Kartu Classic,2021-10-21,ACTIVE,0.00,14701857.08,0.1219,0.00,0
2025-08-01,ACC0000007449,CUST0003743,LOAN,Kredit Kendaraan,2024-04-03,ACTIVE,0.00,,0.1271,-2833646.28,2
2025-08-01,ACC0000007563,CUST0003798,INVESTMENT,Obligasi,2021-11-20,ACTIVE,0.00,,0.0916,8940984.57,3
2025-08-01,ACC0000007689,CUST0003862,SAVINGS,Tabungan Haji,2021-12-20,ACTIVE,42133793.78,,0.1092,1921682.18,2
2025-08-01,ACC0000007819,CUST0003929,LOAN,KPR Rumah,2022-12-20,ACTIVE,0.00,,0.0508,113426.46,2
2025-08-01,ACC0000007901,CUST0003973,LOAN,KPR Rumah,2022-08-07,ACTIVE,0.00,,0.0323,0.00,0
2025-08-01,ACC0000007910,CUST0003977,CREDIT_CARD,Kartu Platinum,2024-01-03,ACTIVE,0.00,6698553.34,0.1222,1053506.51,2
2025-08-01,ACC0000000083,CUST0000043,INVESTMENT,Reksa Dana,2022-05-19,ACTIVE,0.00,,0.1173,8148968.75,3
2025-08-01,ACC0000000138,CUST0000069,LOAN,Kredit Kendaraan,2023-02-08,DORMANT,0.00,,0.0893,0.00,0
2025-08-01,ACC0000000152,CUST0000076,CREDIT_CARD,Kartu Platinum,2024-05-02,ACTIVE,0.00,44768645.81,0.0982,-1038283.13,1
2025-08-01,ACC0000000160,CUST0000080,CREDIT_CARD,Kartu Virtual,2021-09-23,ACTIVE,0.00,14388978.68,0.0296,-6908689.67,2
2025-08-01,ACC0000000228,CUST0000115,SAVINGS,Tabungan Rencana,2024-08-18,SUSPENDED,20693928.26,,0.1442,0.00,0
2025-08-01,ACC0000000493,CUST0000249,LOAN,KTA Personal,2023-10-11,ACTIVE,0.00,,0.1376,1440584.90,4
2025-08-01,ACC0000000685,CUST0000339,CREDIT_CARD,Kartu Classic,2023-12-20,CLOSED,0.00,39811589.81,0.1091,0.00,0
2025-08-01,ACC0000000711,CUST0000353,LOAN,KTA Personal,2023-06-18,ACTIVE,0.00,,0.1107,3770804.66,1
2025-08-01,ACC0000000796,CUST0000396,LOAN,KTA Personal,2021-11-09,ACTIVE,0.00,,0.0927,-648985.61,1
2025-08-01,ACC0000001327,CUST0000667,CREDIT_CARD,Kartu Gold,2023-12-26,ACTIVE,0.00,7502800.40,0.0127,-2014934.84,1
2025-08-01,ACC0000001593,CUST0000801,SAVINGS,Tabungan Haji,2023-07-10,ACTIVE,17485173.81,,0.076,-3922856.84,1
2025-08-01,ACC0000001987,CUST0000999,SAVINGS,Tabungan Rencana,2021-04-12,CLOSED,8287258.24,,0.0362,0.00,0
2025-08-01,ACC0000002042,CUST0001029,LOAN,KTA Personal,2021-06-27,ACTIVE,0.00,,0.0721,-4756115.85,1
2025-08-01,ACC0000002052,CUST0001034,LOAN,Kredit Usaha,2023-12-27,ACTIVE,0.00,,0.1121,-5033026.76,2
2025-08-01,ACC0000002297,CUST0001150,CREDIT_CARD,Kartu Virtual,2023-11-13,ACTIVE,0.00,36985424.20,0.1096,1432873.89,2
2025-08-01,ACC0000002612,CUST0001314,CREDIT_CARD,Kartu Gold,2025-02-22,ACTIVE,0.00,43350270.58,0.0793,-4346988.28,2
2025-08-01,ACC0000002794,CUST0001410,CREDIT_CARD,Kartu Virtual,2023-11-07,ACTIVE,0.00,6959658.55,0.1382,-8144163.56,2
2025-08-01,ACC0000003068,CUST0001545,SAVINGS,Tabungan Berjangka,2021-08-10,ACTIVE,17875626.94,,0.1211,-4300926.36,2
2025-08-01,ACC0000003317,CUST0001668,INVESTMENT,Deposito,2022-03-14,ACTIVE,0.00,,0.0839,930251.22,1
2025-08-01,ACC0000003712,CUST0001870,CREDIT_CARD,Kartu Virtual,2024-04-06,ACTIVE,0.00,23554749.60,0.0472,-3260616.21,2
2025-08-01,ACC0000004708,CUST0002365,INVESTMENT,Obligasi,2022-12-15,SUSPENDED,0.00,,0.1493,0.00,0
2025-08-01,ACC0000004744,CUST0002380,LOAN,Kredit Usaha,2022-10-17,ACTIVE,0.00,,0.1217,196924.47,2
2025-08-01,ACC0000004939,CUST0002477,INVESTMENT,Deposito,2022-06-20,CLOSED,0.00,,0.0348,0.00,0
2025-08-01,ACC0000005197,CUST0002608,SAVINGS,Tabungan Rencana,2023-12-29,ACTIVE,1727648.57,,0.1379,-2479747.67,1
2025-08-01,ACC0000005250,CUST0002637,INVESTMENT,Reksa Dana,2024-06-25,ACTIVE,0.00,,0.048,3752165.60,1
2025-08-01,ACC0000005521,CUST0002769,SAVINGS,Tabungan Berjangka,2021-09-07,ACTIVE,38624225.95,,0.115,794809.49,2
2025-08-01,ACC0000005563,CUST0002790,CREDIT_CARD,Kartu Classic,2024-12-16,ACTIVE,0.00,23520019.79,0.0934,0.00,0
2025-08-01,ACC0000005583,CUST0002801,SAVINGS,Tabungan Berjangka,2024-07-12,ACTIVE,23210462.33,,0.0692,526364.15,2
2025-08-01,ACC0000005616,CUST0002821,INVESTMENT,Reksa Dana,2024-10-20,ACTIVE,0.00,,0.1217,970163.22,4
2025-08-01,ACC0000005708,CUST0002864,SAVINGS,Tabungan Rencana,2025-06-04,CLOSED,15271703.72,,0.0559,0.00,0
2025-08-01,ACC0000005742,CUST0002881,LOAN,Kredit Kendaraan,2022-03-10,ACTIVE,0.00,,0.1124,-4098866.97,1
2025-08-01,ACC0000006043,CUST0003038,SAVINGS,Tabungan Rencana,2022-08-14,ACTIVE,28157841.11,,0.0203,-714973.05,1
2025-08-01,ACC0000006161,CUST0003096,SAVINGS,Tabungan Haji,2023-01-05,ACTIVE,17809992.45,,0.0444,-4461174.14,2
2025-08-01,ACC0000006239,CUST0003134,INVESTMENT,Obligasi,2022-04-30,ACTIVE,0.00,,0.0233,407760.31,2
2025-08-01,ACC0000006753,CUST0003392,SAVINGS,Tabungan Berjangka,2024-10-17,CLOSED,32409384.30,,0.0191,0.00,0
2025-08-01,ACC0000007119,CUST0003584,CREDIT_CARD,Kartu Virtual,2022-12-03,ACTIVE,0.00,28198020.13,0.0332,-6014771.88,3
2025-08-01,ACC0000007168,CUST0003608,INVESTMENT,SBN Retail,2023-07-02,ACTIVE,0.00,,0.0241,1519219.71,5
2025-08-01,ACC0000007537,CUST0003785,LOAN,KPR Rumah,2021-08-02,ACTIVE,0.00,,0.0706,3307043.33,5
2025-08-01,ACC0000007617,CUST0003826,INVESTMENT,Reksa Dana,2021-07-30,CLOSED,0.00,,0.0578,0.00,0
2025-08-01,ACC0000007746,CUST0003893,INVESTMENT,Reksa Dana,2024-01-09,ACTIVE,0.00,,0.1214,3377698.19,1
2025-08-01,ACC0000007758,CUST0003900,SAVINGS,Tabungan Haji,2022-04-01,ACTIVE,48103111.72,,0.0483,-2512490.86,1
2025-08-01,ACC0000000063,CUST0000032,CREDIT_CARD,Kartu Classic,2023-10-16,ACTIVE,0.00,28505112.57,0.109,-2211144.64,1
2025-08-01,ACC0000000159,CUST0000079,SAVINGS,Tabungan Berjangka,2022-02-28,ACTIVE,41031721.52,,0.0165,-3015898.03,3
2025-08-01,ACC0000000504,CUST0000254,CREDIT_CARD,Kartu Platinum,2023-03-25,DORMANT,0.00,43191887.63,0.1057,0.00,0
2025-08-01,ACC0000000608,CUST0000305,CREDIT_CARD,Kartu Gold,2024-08-28,ACTIVE,0.00,6271348.06,0.0891,0.00,0
2025-08-01,ACC0000000797,CUST0000396,LOAN,Kredit Kendaraan,2021-07-29,ACTIVE,0.00,,0.0393,-1052013.55,1
2025-08-01,ACC0000000876,CUST0000434,LOAN,KPR Rumah,2024-05-20,ACTIVE,0.00,,0.0984,0.00,0
2025-08-01,ACC0000001212,CUST0000607,SAVINGS,Tabungan Negara Plus,2025-02-18,CLOSED,12353012.07,,0.136,0.00,0
2025-08-01,ACC0000001265,CUST0000636,INVESTMENT,SBN Retail,2023-11-18,ACTIVE,0.00,,0.0702,6442140.15,2
2025-08-01,ACC0000001341,CUST0000674,LOAN,Kredit Kendaraan,2023-06-16,ACTIVE,0.00,,0.1348,9510339.83,3
2025-08-01,ACC0000001885,CUST0000950,CREDIT_CARD,Kartu Gold,2022-07-11,SUSPENDED,0.00,32395972.13,0.0973,0.00,0
2025-08-01,ACC0000001969,CUST0000989,CREDIT_CARD,Kartu Gold,2023-07-29,DORMANT,0.00,19685552.91,0.0877,0.00,0
2025-08-01,ACC0000002092,CUST0001054,CREDIT_CARD,Kartu Virtual,2024-05-10,ACTIVE,0.00,43971423.20,0.0806,-9921574.69,3
2025-08-01,ACC0000002208,CUST0001108,INVESTMENT,Deposito,2024-10-13,CLOSED,0.00,,0.1234,0.00,0
2025-08-01,ACC0000002275,CUST0001140,LOAN,Kredit Kendaraan,2021-09-16,DORMANT,0.00,,0.0109,0.00,0
2025-08-01,ACC0000002402,CUST0001203,INVESTMENT,SBN Retail,2022-07-24,ACTIVE,0.00,,0.1201,3419238.37,1
2025-08-01,ACC0000002502,CUST0001257,LOAN,Kredit Usaha,2022-04-28,DORMANT,0.00,,0.0892,0.00,0
2025-08-01,ACC0000003021,CUST0001523,LOAN,Kredit Usaha,2024-09-22,ACTIVE,0.00,,0.03,0.00,0
2025-08-01,ACC0000003026,CUST0001525,INVESTMENT,Deposito,2021-12-23,ACTIVE,0.00,,0.1187,4998315.89,1
2025-08-01,ACC0000003176,CUST0001599,LOAN,KPR Rumah,2025-01-26,ACTIVE,0.00,,0.015,660180.23,2
2025-08-01,ACC0000003340,CUST0001680,LOAN,KTA Personal,2023-12-01,DORMANT,0.00,,0.0868,0.00,0
2025-08-01,ACC0000003396,CUST0001708,CREDIT_CARD,Kartu Classic,2023-08-18,ACTIVE,0.00,24691029.90,0.0227,3929381.66,1
2025-08-01,ACC0000003587,CUST0001808,CREDIT_CARD,Kartu Gold,2021-08-06,CLOSED,0.00,37734071.70,0.0666,0.00,0
2025-08-01,ACC0000003844,CUST0001940,LOAN,Kredit Kendaraan,2024-04-24,DORMANT,0.00,,0.1469,0.00,0
2025-08-01,ACC0000003919,CUST0001977,SAVINGS,Tabungan Rencana,2022-09-20,CLOSED,44311679.62,,0.1406,0.00,0
2025-08-01,ACC0000004033,CUST0002034,INVESTMENT,Obligasi,2022-07-31,CLOSED,0.00,,0.0966,0.00,0
2025-08-01,ACC0000004413,CUST0002215,LOAN,KTA Personal,2022-11-17,DORMANT,0.00,,0.1299,0.00,0
2025-08-01,ACC0000004968,CUST0002491,LOAN,Kredit Kendaraan,2024-03-26,ACTIVE,0.00,,0.0469,-2596954.70,1
2025-08-01,ACC0000005091,CUST0002556,LOAN,KTA Personal,2022-07-23,ACTIVE,0.00,,0.0934,-7205569.79,3
2025-08-01,ACC0000005260,CUST0002643,LOAN,Kredit Usaha,2024-03-02,ACTIVE,0.00,,0.0208,-3849386.24,1
2025-08-01,ACC0000005822,CUST0002925,INVESTMENT,SBN Retail,2022-11-21,ACTIVE,0.00,,0.0924,4382223.05,3
2025-08-01,ACC0000005985,CUST0003007,SAVINGS,Tabungan Haji,2021-12-30,ACTIVE,18381182.15,,0.096,-1678508.93,2
2025-08-01,ACC0000006131,CUST0003081,CREDIT_CARD,Kartu Gold,2021-10-07,ACTIVE,0.00,19654141.43,0.0672,-1112526.44,2
2025-08-01,ACC0000006255,CUST0003141,CREDIT_CARD,Kartu Classic,2022-12-31,ACTIVE,0.00,35244347.29,0.1372,-4673469.89,2
2025-08-01,ACC0000006260,CUST0003143,CREDIT_CARD,Kartu Virtual,2024-01-19,ACTIVE,0.00,6968568.31,0.0594,-4182163.34,1
2025-08-01,ACC0000006566,CUST0003297,LOAN,KPR Rumah,2022-01-09,ACTIVE,0.00,,0.0122,387866.83,1
2025-08-01,ACC0000006684,CUST0003357,INVESTMENT,SBN Retail,2023-10-27,ACTIVE,0.00,,0.072,0.00,0
2025-08-01,ACC0000006909,CUST0003472,INVESTMENT,Obligasi,2022-02-20,DORMANT,0.00,,0.0601,0.00,0
2025-08-01,ACC0000006978,CUST0003511,CREDIT_CARD,Kartu Platinum,2024-12-16,CLOSED,0.00,18953112.84,0.029,0.00,0
2025-08-01,ACC0000007051,CUST0003546,LOAN,KTA Personal,2023-03-25,ACTIVE,0.00,,0.1261,-3522656.32,2
2025-08-01,ACC0000007255,CUST0003649,INVESTMENT,Deposito,2024-08-12,ACTIVE,0.00,,0.1059,0.00,0
2025-08-01,ACC0000007568,CUST0003800,INVESTMENT,Obligasi,2022-09-15,ACTIVE,0.00,,0.0796,-4720377.05,1
2025-08-01,ACC0000007674,CUST0003856,SAVINGS,Tabungan Haji,2022-11-24,ACTIVE,15507605.41,,0.1215,-4230440.03,1
2025-08-01,ACC0000007692,CUST0003865,CREDIT_CARD,Kartu Classic,2025-05-15,DORMANT,0.00,33280851.26,0.067,0.00,0
2025-08-01,ACC0000007808,CUST0003925,INVESTMENT,Reksa Dana,2025-05-25,ACTIVE,0.00,,0.0432,-1092890.72,3
2025-08-01,ACC0000007924,CUST0003983,CREDIT_CARD,Kartu Gold,2023-07-11,ACTIVE,0.00,43508932.08,0.1397,-2750089.12,1
2025-08-01,ACC0000000158,CUST0000079,INVESTMENT,Reksa Dana,2022-05-10,ACTIVE,0.00,,0.1238,1677406.54,1
2025-08-01,ACC0000000425,CUST0000214,INVESTMENT,Obligasi,2024-09-21,ACTIVE,0.00,,0.0353,4115709.77,2
2025-08-01,ACC0000000681,CUST0000337,LOAN,Kredit Kendaraan,2022-06-26,ACTIVE,0.00,,0.0813,-2496222.28,4
2025-08-01,ACC0000001031,CUST0000516,INVESTMENT,Reksa Dana,2025-03-11,ACTIVE,0.00,,0.1089,6770219.38,2
2025-08-01,ACC0000001258,CUST0000633,SAVINGS,Tabungan Haji,2021-12-27,ACTIVE,27246831.52,,0.1186,0.00,0
2025-08-01,ACC0000001441,CUST0000724,LOAN,Kredit Kendaraan,2021-07-22,CLOSED,0.00,,0.1471,0.00,0
2025-08-01,ACC0000001487,CUST0000745,SAVINGS,Tabungan Negara Plus,2021-10-20,DORMANT,2044544.56,,0.1255,0.00,0
2025-08-01,ACC0000001709,CUST0000863,CREDIT_CARD,Kartu Platinum,2024-04-07,ACTIVE,0.00,21847943.63,0.0991,-3721341.48,1
2025-08-01,ACC0000001740,CUST0000879,SAVINGS,Tabungan Berjangka,2022-09-26,ACTIVE,26040254.42,,0.0878,1951093.92,1
2025-08-01,ACC0000001789,CUST0000900,LOAN,Kredit Kendaraan,2021-07-17,ACTIVE,0.00,,0.0807,980390.56,2
2025-08-01,ACC0000001790,CUST0000901,LOAN,Kredit Usaha,2024-09-15,ACTIVE,0.00,,0.0186,3626268.76,1
2025-08-01,ACC0000001834,CUST0000922,CREDIT_CARD,Kartu Platinum,2021-12-11,ACTIVE,0.00,19799729.35,0.0662,7343479.46,2
2025-08-01,ACC0000002019,CUST0001016,INVESTMENT,Obligasi,2024-03-14,DORMANT,0.00,,0.0777,0.00,0
2025-08-01,ACC0000002097,CUST0001057,LOAN,KTA Personal,2021-04-03,CLOSED,0.00,,0.0432,0.00,0
2025-08-01,ACC0000002178,CUST0001096,CREDIT_CARD,Kartu Virtual,2024-07-30,ACTIVE,0.00,25013662.06,0.0187,-4306273.00,1
2025-08-01,ACC0000002306,CUST0001155,SAVINGS,Tabungan Negara Plus,2023-04-24,ACTIVE,16736517.87,,0.0623,-14289369.64,4
2025-08-01,ACC0000002625,CUST0001321,SAVINGS,Tabungan Berjangka,2022-01-05,ACTIVE,3358645.08,,0.14,1975229.20,2
2025-08-01,ACC0000002656,CUST0001337,LOAN,Kredit Kendaraan,2021-07-02,CLOSED,0.00,,0.1228,0.00,0
2025-08-01,ACC0000002732,CUST0001381,SAVINGS,Tabungan Berjangka,2022-09-19,CLOSED,36602291.36,,0.1035,0.00,0
2025-08-01,ACC0000002788,CUST0001408,LOAN,KTA Personal,2022-05-16,ACTIVE,0.00,,0.0854,-940085.24,4
2025-08-01,ACC0000002823,CUST0001425,SAVINGS,Tabungan Haji,2022-08-25,ACTIVE,11949499.95,,0.0959,7137296.51,2
2025-08-01,ACC0000002917,CUST0001473,INVESTMENT,Reksa Dana,2022-06-05,ACTIVE,0.00,,0.0571,0.00,0
2025-08-01,ACC0000003037,CUST0001530,LOAN,KPR Rumah,2023-08-16,ACTIVE,0.00,,0.098,-2447862.37,1
2025-08-01,ACC0000003151,CUST0001587,CREDIT_CARD,Kartu Platinum,2021-09-21,ACTIVE,0.00,17979600.30,0.1315,-7831280.27,2
2025-08-01,ACC0000003477,CUST0001747,CREDIT_CARD,Kartu Gold,2023-09-19,DORMANT,0.00,30094970.22,0.0845,0.00,0
2025-08-01,ACC0000003586,CUST0001808,CREDIT_CARD,Kartu Classic,2021-08-10,ACTIVE,0.00,44365878.52,0.0412,3728150.73,3
2025-08-01,ACC0000003717,CUST0001872,SAVINGS,Tabungan Haji,2025-07-30,ACTIVE,48504984.98,,0.1464,0.00,0
2025-08-01,ACC0000003724,CUST0001876,SAVINGS,Tabungan Rencana,2022-06-12,CLOSED,22311092.31,,0.1227,0.00,0
2025-08-01,ACC0000004090,CUST0002062,LOAN,Kredit Usaha,2024-02-26,ACTIVE,0.00,,0.0147,-586371.16,2
2025-08-01,ACC0000004833,CUST0002425,INVESTMENT,Reksa Dana,2025-01-02,ACTIVE,0.00,,0.0272,0.00,0
2025-08-01,ACC0000004956,CUST0002485,SAVINGS,Tabungan Rencana,2021-08-08,CLOSED,19074834.30,,0.1256,0.00,0
2025-08-01,ACC0000005034,CUST0002524,CREDIT_CARD,Kartu Gold,2024-07-06,ACTIVE,0.00,34657829.84,0.1427,-549398.07,1
2025-08-01,ACC0000005154,CUST0002587,CREDIT_CARD,Kartu Gold,2024-07-27,ACTIVE,0.00,18142597.62,0.0218,-4490054.43,1
2025-08-01,ACC0000005695,CUST0002857,INVESTMENT,SBN Retail,2024-03-02,ACTIVE,0.00,,0.0573,3007597.46,1
2025-08-01,ACC0000005784,CUST0002907,CREDIT_CARD,Kartu Platinum,2024-05-25,ACTIVE,0.00,16418135.65,0.1141,3467062.96,3
2025-08-01,ACC0000005889,CUST0002961,LOAN,KTA Personal,2021-08-11,ACTIVE,0.00,,0.1191,-4359286.87,1
2025-08-01,ACC0000006339,CUST0003183,LOAN,KPR Rumah,2025-03-15,ACTIVE,0.00,,0.0935,-373242.91,2
2025-08-01,ACC0000006365,CUST0003199,CREDIT_CARD,Kartu Virtual,2021-07-23,DORMANT,0.00,7936719.34,0.0752,0.00,0
2025-08-01,ACC0000006664,CUST0003347,LOAN,Kredit Usaha,2021-08-20,ACTIVE,0.00,,0.1416,-6469351.18,5
2025-08-01,ACC0000006690,CUST0003361,INVESTMENT,SBN Retail,2021-06-22,CLOSED,0.00,,0.0167,0.00,0
2025-08-01,ACC0000006868,CUST0003450,LOAN,KTA Personal,2022-04-02,SUSPENDED,0.00,,0.085,0.00,0
2025-08-01,ACC0000006938,CUST0003488,INVESTMENT,SBN Retail,2023-01-24,ACTIVE,0.00,,0.1447,-4891295.84,1
2025-08-01,ACC0000006954,CUST0003497,SAVINGS,Tabungan Rencana,2024-09-23,ACTIVE,15209264.74,,0.1068,0.00,0
2025-08-01,ACC0000007213,CUST0003630,LOAN,Kredit Kendaraan,2021-11-23,ACTIVE,0.00,,0.0192,0.00,0
2025-08-01,ACC0000007326,CUST0003682,INVESTMENT,Obligasi,2023-08-26,ACTIVE,0.00,,0.0877,389944.70,1
2025-08-01,ACC0000007511,CUST0003772,LOAN,Kredit Usaha,2025-02-18,ACTIVE,0.00,,0.1284,3662946.18,1
2025-08-01,ACC0000007524,CUST0003780,CREDIT_CARD,Kartu Virtual,2024-04-24,ACTIVE,0.00,42473251.97,0.1139,2077148.91,3
2025-08-01,ACC0000007889,CUST0003966,LOAN,KTA Personal,2023-10-08,ACTIVE,0.00,,0.1428,-6353771.76,4
2025-08-01,ACC0000007935,CUST0003987,LOAN,Kredit Kendaraan,2024-06-06,ACTIVE,0.00,,0.1409,0.00,0
2025-08-01,ACC0000000039,CUST0000021,SAVINGS,Tabungan Berjangka,2023-06-03,ACTIVE,38325828.96,,0.0475,2972574.99,2
2025-08-01,ACC0000000357,CUST0000179,SAVINGS,Tabungan Negara Plus,2022-08-22,ACTIVE,25357985.12,,0.1195,2842117.19,1
2025-08-01,ACC0000000506,CUST0000255,LOAN,KTA Personal,2023-03-02,ACTIVE,0.00,,0.1327,4279026.66,2
2025-08-01,ACC0000000755,CUST0000375,LOAN,KPR Rumah,2021-07-08,ACTIVE,0.00,,0.0268,-670939.19,2
2025-08-01,ACC0000001365,CUST0000684,SAVINGS,Tabungan Haji,2024-04-24,ACTIVE,32292675.68,,0.0423,8924840.31,3
2025-08-01,ACC0000001637,CUST0000825,CREDIT_CARD,Kartu Classic,2021-05-01,ACTIVE,0.00,18158891.59,0.1395,0.00,0
2025-08-01,ACC0000001994,CUST0001003,SAVINGS,Tabungan Haji,2025-03-04,SUSPENDED,9398127.80,,0.0276,0.00,0
2025-08-01,ACC0000002083,CUST0001050,SAVINGS,Tabungan Haji,2021-07-24,ACTIVE,15084781.94,,0.1474,3854429.76,1
2025-08-01,ACC0000002136,CUST0001073,SAVINGS,Tabungan Berjangka,2022-12-05,ACTIVE,17698472.05,,0.0811,-4723282.16,1
2025-08-01,ACC0000002804,CUST0001415,INVESTMENT,Obligasi,2025-02-22,ACTIVE,0.00,,0.0403,-2985192.40,4
2025-08-01,ACC0000003181,CUST0001601,LOAN,KTA Personal,2024-01-03,ACTIVE,0.00,,0.0777,0.00,0
2025-08-01,ACC0000003678,CUST0001855,CREDIT_CARD,Kartu Platinum,2022-02-13,ACTIVE,0.00,10410290.18,0.1152,4527279.86,2
2025-08-01,ACC0000003685,CUST0001858,CREDIT_CARD,Kartu Platinum,2022-07-27,ACTIVE,0.00,36290878.58,0.1082,9819518.49,3
2025-08-01,ACC0000003768,CUST0001899,SAVINGS,Tabungan Berjangka,2022-05-26,DORMANT,12070361.60,,0.0981,0.00,0
2025-08-01,ACC0000004034,CUST0002035,CREDIT_CARD,Kartu Platinum,2022-01-28,ACTIVE,0.00,31993618.69,0.0112,0.00,0
2025-08-01,ACC0000004176,CUST0002104,LOAN,Kredit Kendaraan,2023-03-31,CLOSED,0.00,,0.0958,0.00,0
2025-08-01,ACC0000004220,CUST0002125,SAVINGS,Tabungan Haji,2023-11-07,SUSPENDED,17356317.49,,0.0937,0.00,0
2025-08-01,ACC0000004259,CUST0002143,LOAN,Kredit Kendaraan,2024-01-07,ACTIVE,0.00,,0.1177,803169.47,2
2025-08-01,ACC0000004447,CUST0002234,INVESTMENT,Deposito,2022-11-18,DORMANT,0.00,,0.0418,0.00,0
2025-08-01,ACC0000005084,CUST0002551,SAVINGS,Tabungan Rencana,2022-01-11,DORMANT,16886148.11,,0.116,0.00,0
2025-08-01,ACC0000005200,CUST0002609,INVESTMENT,Obligasi,2024-05-21,ACTIVE,0.00,,0.1076,-4640368.36,1
2025-08-01,ACC0000005262,CUST0002645,LOAN,Kredit Usaha,2023-11-27,ACTIVE,0.00,,0.1108,3500025.04,3
2025-08-01,ACC0000005422,CUST0002720,LOAN,KTA Personal,2022-05-01,ACTIVE,0.00,,0.1095,249359.79,2
2025-08-01,ACC0000005432,CUST0002726,SAVINGS,Tabungan Rencana,2023-02-10,ACTIVE,45806804.85,,0.0769,-2656416.39,3
2025-08-01,ACC0000005652,CUST0002836,LOAN,Kredit Kendaraan,2022-11-30,ACTIVE,0.00,,0.0741,1213361.72,1
2025-08-01,ACC0000005686,CUST0002852,INVESTMENT,Deposito,2024-07-10,ACTIVE,0.00,,0.0936,3007838.84,2
2025-08-01,ACC0000005908,CUST0002970,CREDIT_CARD,Kartu Virtual,2024-06-17,ACTIVE,0.00,40690202.32,0.0283,-4155758.76,1
2025-08-01,ACC0000006027,CUST0003029,SAVINGS,Tabungan Haji,2025-07-11,ACTIVE,40073191.33,,0.0995,-3338546.72,4
2025-08-01,ACC0000006122,CUST0003075,SAVINGS,Tabungan Negara Plus,2025-05-08,ACTIVE,10925043.97,,0.0126,-8094946.57,3
2025-08-01,ACC0000006379,CUST0003205,SAVINGS,Tabungan Negara Plus,2021-12-02,ACTIVE,6866756.35,,0.0454,0.00,0
2025-08-01,ACC0000006803,CUST0003415,LOAN,KTA Personal,2024-08-10,ACTIVE,0.00,,0.0829,0.00,0
2025-08-01,ACC0000006918,CUST0003478,LOAN,KPR Rumah,2025-01-01,ACTIVE,0.00,,0.0937,431474.94,2
2025-08-01,ACC0000007098,CUST0003571,CREDIT_CARD,Kartu Classic,2023-08-31,ACTIVE,0.00,38817885.99,0.0593,-1435512.52,1
2025-08-01,ACC0000007133,CUST0003590,CREDIT_CARD,Kartu Gold,2021-02-22,ACTIVE,0.00,36893243.71,0.1375,4956540.94,4
2025-08-01,ACC0000007663,CUST0003850,INVESTMENT,Reksa Dana,2023-08-21,CLOSED,0.00,,0.096,0.00,0
2025-08-01,ACC0000007952,CUST0003998,LOAN,KTA Personal,2023-09-07,ACTIVE,0.00,,0.0491,0.00,0
2025-08-01,ACC0000000001,CUST0000001,INVESTMENT,Obligasi,2021-06-11,ACTIVE,0.00,,0.0241,48759.79,2
2025-08-01,ACC0000000042,CUST0000022,CREDIT_CARD,Kartu Classic,2023-07-23,ACTIVE,0.00,38143293.06,0.0494,-1244727.75,2
2025-08-01,ACC0000000072,CUST0000037,SAVINGS,Tabungan Negara Plus,2022-07-17,ACTIVE,38145453.02,,0.0927,-1944578.49,3
2025-08-01,ACC0000000379,CUST0000190,SAVINGS,Tabungan Rencana,2024-05-08,ACTIVE,4951583.98,,0.1498,0.00,0
2025-08-01,ACC0000000593,CUST0000299,SAVINGS,Tabungan Rencana,2021-09-11,ACTIVE,9765029.55,,0.1341,64204.78,2
2025-08-01,ACC0000000828,CUST0000412,CREDIT_CARD,Kartu Platinum,2021-10-15,CLOSED,0.00,27653233.90,0.0547,0.00,0
2025-08-01,ACC0000000893,CUST0000444,SAVINGS,Tabungan Negara Plus,2021-06-14,ACTIVE,17939036.62,,0.0805,0.00,0
2025-08-01,ACC0000000924,CUST0000461,CREDIT_CARD,Kartu Virtual,2024-06-29,DORMANT,0.00,48429391.22,0.0653,0.00,0
2025-08-01,ACC0000001109,CUST0000554,CREDIT_CARD,Kartu Platinum,2022-03-30,CLOSED,0.00,12241497.21,0.0875,0.00,0
2025-08-01,ACC0000001211,CUST0000606,LOAN,KTA Personal,2022-05-09,ACTIVE,0.00,,0.1121,-4332497.41,1
2025-08-01,ACC0000001217,CUST0000611,LOAN,Kredit Usaha,2021-11-16,ACTIVE,0.00,,0.0817,-3886400.11,1
2025-08-01,ACC0000001328,CUST0000667,CREDIT_CARD,Kartu Classic,2023-12-25,SUSPENDED,0.00,35954454.01,0.0652,0.00,0
2025-08-01,ACC0000001402,CUST0000704,CREDIT_CARD,Kartu Classic,2023-05-17,ACTIVE,0.00,34897320.07,0.1377,7650998.46,2
2025-08-01,ACC0000001756,CUST0000886,CREDIT_CARD,Kartu Classic,2024-08-06,ACTIVE,0.00,45378266.61,0.0592,-3324788.24,1
2025-08-01,ACC0000002128,CUST0001070,SAVINGS,Tabungan Rencana,2023-12-28,ACTIVE,35864425.68,,0.1334,120757.24,2
2025-08-01,ACC0000002250,CUST0001128,SAVINGS,Tabungan Negara Plus,2024-10-02,DORMANT,24750062.79,,0.1411,0.00,0
2025-08-01,ACC0000002724,CUST0001376,SAVINGS,Tabungan Negara Plus,2025-03-12,DORMANT,3017033.92,,0.1424,0.00,0
2025-08-01,ACC0000003010,CUST0001516,CREDIT_CARD,Kartu Gold,2021-12-31,ACTIVE,0.00,38339496.77,0.1089,-4190107.37,1
2025-08-01,ACC0000003148,CUST0001585,INVESTMENT,Deposito,2022-11-22,ACTIVE,0.00,,0.132,-1951124.20,1
2025-08-01,ACC0000003165,CUST0001594,LOAN,KPR Rumah,2025-04-15,ACTIVE,0.00,,0.1238,2057593.63,1
2025-08-01,ACC0000003667,CUST0001850,SAVINGS,Tabungan Negara Plus,2021-12-21,ACTIVE,17253278.88,,0.0165,941542.42,1
2025-08-01,ACC0000003995,CUST0002016,LOAN,Kredit Kendaraan,2022-01-19,ACTIVE,0.00,,0.0148,0.00,0
2025-08-01,ACC0000004307,CUST0002166,INVESTMENT,SBN Retail,2025-03-02,ACTIVE,0.00,,0.0464,1545185.20,5
2025-08-01,ACC0000004460,CUST0002239,CREDIT_CARD,Kartu Platinum,2021-04-30,ACTIVE,0.00,8297509.78,0.0886,1939141.56,2
2025-08-01,ACC0000004736,CUST0002375,CREDIT_CARD,Kartu Platinum,2021-09-19,ACTIVE,0.00,21915041.84,0.0574,-1947269.48,3
2025-08-01,ACC0000004758,CUST0002385,LOAN,KPR Rumah,2022-08-16,ACTIVE,0.00,,0.1132,252188.22,4
2025-08-01,ACC0000005202,CUST0002610,CREDIT_CARD,Kartu Classic,2023-08-27,ACTIVE,0.00,49181321.91,0.0656,772994.98,2
2025-08-01,ACC0000005410,CUST0002714,CREDIT_CARD,Kartu Classic,2022-05-19,ACTIVE,0.00,16817814.41,0.0978,-3732602.11,1
2025-08-01,ACC0000005517,CUST0002767,CREDIT_CARD,Kartu Gold,2023-11-14,DORMANT,0.00,9555175.83,0.0685,0.00,0
2025-08-01,ACC0000005537,CUST0002778,INVESTMENT,Reksa Dana,2023-12-19,SUSPENDED,0.00,,0.1466,0.00,0
2025-08-01,ACC0000005984,CUST0003007,SAVINGS,Tabungan Berjangka,2021-11-24,ACTIVE,30849140.36,,0.09,102621.16,1
2025-08-01,ACC0000006034,CUST0003033,SAVINGS,Tabungan Rencana,2022-07-28,ACTIVE,41058829.96,,0.1199,-2134870.07,2
2025-08-01,ACC0000006081,CUST0003055,LOAN,Kredit Usaha,2025-02-13,ACTIVE,0.00,,0.0521,0.00,0
2025-08-01,ACC0000006128,CUST0003079,SAVINGS,Tabungan Negara Plus,2022-05-06,ACTIVE,6289622.10,,0.1194,-2457170.47,1
2025-08-01,ACC0000006350,CUST0003189,LOAN,Kredit Usaha,2021-06-23,ACTIVE,0.00,,0.0973,2185543.75,1
2025-08-01,ACC0000006356,CUST0003193,SAVINGS,Tabungan Rencana,2021-04-09,ACTIVE,37138911.52,,0.13,-9423787.63,3
2025-08-01,ACC0000006715,CUST0003373,INVESTMENT,Obligasi,2024-09-06,DORMANT,0.00,,0.015,0.00,0
2025-08-01,ACC0000006741,CUST0003386,INVESTMENT,Obligasi,2025-05-10,ACTIVE,0.00,,0.0235,0.00,0
2025-08-01,ACC0000006899,CUST0003467,CREDIT_CARD,Kartu Classic,2022-09-24,ACTIVE,0.00,10288923.09,0.1023,-5743521.24,2
2025-08-01,ACC0000006934,CUST0003485,CREDIT_CARD,Kartu Platinum,2023-10-23,ACTIVE,0.00,48169549.73,0.0925,0.00,0
2025-08-01,ACC0000007025,CUST0003533,CREDIT_CARD,Kartu Platinum,2024-02-27,ACTIVE,0.00,19486403.77,0.0804,5545073.86,3
2025-08-01,ACC0000007055,CUST0003548,LOAN,KPR Rumah,2025-02-02,ACTIVE,0.00,,0.0235,3136463.92,2
2025-08-01,ACC0000007105,CUST0003576,SAVINGS,Tabungan Rencana,2024-09-28,ACTIVE,45365415.83,,0.0935,7639608.11,3
2025-08-01,ACC0000007180,CUST0003614,INVESTMENT,SBN Retail,2022-05-04,ACTIVE,0.00,,0.0278,-6601250.87,3
2025-08-01,ACC0000007441,CUST0003738,SAVINGS,Tabungan Berjangka,2021-05-27,ACTIVE,49656902.62,,0.0425,2790242.55,2
2025-08-01,ACC0000007608,CUST0003821,INVESTMENT,Deposito,2021-10-04,ACTIVE,0.00,,0.0343,4113092.60,4
2025-08-01,ACC0000000093,CUST0000048,SAVINGS,Tabungan Berjangka,2023-02-13,DORMANT,36935016.58,,0.0483,0.00,0
2025-08-01,ACC0000000329,CUST0000164,SAVINGS,Tabungan Negara Plus,2022-09-24,ACTIVE,43885949.65,,0.1041,0.00,0
2025-08-01,ACC0000001035,CUST0000517,SAVINGS,Tabungan Negara Plus,2024-04-02,ACTIVE,9817850.74,,0.0182,11010945.31,3
2025-08-01,ACC0000001161,CUST0000582,SAVINGS,Tabungan Berjangka,2022-02-07,ACTIVE,46719504.76,,0.0135,0.00,0
2025-08-01,ACC0000001354,CUST0000680,SAVINGS,Tabungan Berjangka,2024-12-31,ACTIVE,37376582.52,,0.111,1360905.36,3
2025-08-01,ACC0000001648,CUST0000831,SAVINGS,Tabungan Haji,2021-05-23,ACTIVE,45797921.85,,0.032,-12275.25,2
2025-08-01,ACC0000001661,CUST0000837,SAVINGS,Tabungan Berjangka,2022-12-14,CLOSED,16129565.39,,0.0495,0.00,0
2025-08-01,ACC0000001757,CUST0000886,SAVINGS,Tabungan Rencana,2024-05-15,ACTIVE,34591188.24,,0.0632,3858018.96,3
2025-08-01,ACC0000001998,CUST0001005,CREDIT_CARD,Kartu Virtual,2022-06-23,ACTIVE,0.00,26338306.64,0.0108,-1313185.85,3
2025-08-01,ACC0000002605,CUST0001311,LOAN,KTA Personal,2023-01-08,ACTIVE,0.00,,0.0902,1136439.18,3
2025-08-01,ACC0000002657,CUST0001338,SAVINGS,Tabungan Haji,2024-10-26,DORMANT,15632093.93,,0.1332,0.00,0
2025-08-01,ACC0000002725,CUST0001377,CREDIT_CARD,Kartu Virtual,2024-04-03,ACTIVE,0.00,11845504.59,0.0972,0.00,0
2025-08-01,ACC0000002920,CUST0001474,LOAN,KTA Personal,2022-07-20,ACTIVE,0.00,,0.0284,-6482121.97,2
2025-08-01,ACC0000003118,CUST0001572,CREDIT_CARD,Kartu Platinum,2023-02-19,ACTIVE,0.00,48729808.83,0.0518,5406557.23,2
2025-08-01,ACC0000003233,CUST0001631,SAVINGS,Tabungan Berjangka,2022-08-12,ACTIVE,12543162.52,,0.0755,-13308895.02,3
2025-08-01,ACC0000003352,CUST0001687,CREDIT_CARD,Kartu Virtual,2022-06-14,CLOSED,0.00,18030214.69,0.1189,0.00,0
2025-08-01,ACC0000003690,CUST0001860,LOAN,KPR Rumah,2021-09-23,ACTIVE,0.00,,0.0965,-4457163.26,3
2025-08-01,ACC0000003968,CUST0002001,LOAN,Kredit Usaha,2023-05-06,CLOSED,0.00,,0.0643,0.00,0
2025-08-01,ACC0000004186,CUST0002110,INVESTMENT,SBN Retail,2021-07-16,ACTIVE,0.00,,0.0468,-6956938.90,2
2025-08-01,ACC0000004342,CUST0002183,CREDIT_CARD,Kartu Virtual,2025-03-31,ACTIVE,0.00,28005978.73,0.093,0.00,0
2025-08-01,ACC0000004915,CUST0002465,INVESTMENT,Reksa Dana,2023-02-15,ACTIVE,0.00,,0.0881,0.00,0
2025-08-01,ACC0000005035,CUST0002524,LOAN,KTA Personal,2024-02-28,ACTIVE,0.00,,0.057,0.00,0
2025-08-01,ACC0000005204,CUST0002612,INVESTMENT,Deposito,2023-09-15,DORMANT,0.00,,0.0398,0.00,0
2025-08-01,ACC0000005440,CUST0002730,INVESTMENT,Obligasi,2022-04-18,ACTIVE,0.00,,0.0551,0.00,0
2025-08-01,ACC0000005812,CUST0002921,LOAN,KTA Personal,2025-01-19,ACTIVE,0.00,,0.1123,-3887811.95,2
2025-08-01,ACC0000005950,CUST0002990,INVESTMENT,Obligasi,2023-09-23,SUSPENDED,0.00,,0.1161,0.00,0
2025-08-01,ACC0000005952,CUST0002991,SAVINGS,Tabungan Haji,2023-01-16,DORMANT,6868894.93,,0.0611,0.00,0
2025-08-01,ACC0000006482,CUST0003256,INVESTMENT,SBN Retail,2023-09-18,ACTIVE,0.00,,0.0566,-3818404.79,1
2025-08-01,ACC0000006974,CUST0003509,CREDIT_CARD,Kartu Virtual,2022-08-19,ACTIVE,0.00,43225176.66,0.1386,11463703.48,3
2025-08-01,ACC0000007015,CUST0003528,INVESTMENT,Obligasi,2024-09-22,ACTIVE,0.00,,0.0158,1484364.09,1
2025-08-01,ACC0000007052,CUST0003546,LOAN,KTA Personal,2023-04-12,DORMANT,0.00,,0.1389,0.00,0
2025-08-01,ACC0000007166,CUST0003608,LOAN,KPR Rumah,2023-07-22,ACTIVE,0.00,,0.0951,3504254.74,2
2025-08-01,ACC0000007199,CUST0003622,SAVINGS,Tabungan Rencana,2023-07-22,ACTIVE,10398189.34,,0.1121,-6806444.17,2
2025-08-01,ACC0000007323,CUST0003680,CREDIT_CARD,Kartu Classic,2022-10-04,ACTIVE,0.00,9612560.21,0.074,0.00,0
2025-08-01,ACC0000007349,CUST0003692,SAVINGS,Tabungan Negara Plus,2023-10-22,ACTIVE,16890706.33,,0.0896,-1096853.68,1
2025-08-01,ACC0000007848,CUST0003943,SAVINGS,Tabungan Haji,2021-09-08,ACTIVE,17076446.86,,0.0883,293961.31,5
2025-08-01,ACC0000000560,CUST0000283,INVESTMENT,Deposito,2025-02-10,CLOSED,0.00,,0.0811,0.00,0
2025-08-01,ACC0000001530,CUST0000767,INVESTMENT,Reksa Dana,2021-09-19,ACTIVE,0.00,,0.0736,4619360.77,3
2025-08-01,ACC0000001578,CUST0000792,INVESTMENT,Reksa Dana,2024-03-28,CLOSED,0.00,,0.0304,0.00,0
2025-08-01,ACC0000001948,CUST0000980,CREDIT_CARD,Kartu Virtual,2022-08-27,ACTIVE,0.00,26489997.52,0.0483,630501.22,2
2025-08-01,ACC0000002146,CUST0001080,INVESTMENT,Reksa Dana,2021-04-29,ACTIVE,0.00,,0.1096,0.00,0
2025-08-01,ACC0000002319,CUST0001160,CREDIT_CARD,Kartu Platinum,2021-06-03,ACTIVE,0.00,17851112.91,0.0932,-4265942.52,1
2025-08-01,ACC0000002455,CUST0001233,LOAN,Kredit Kendaraan,2021-06-09,DORMANT,0.00,,0.0206,0.00,0
2025-08-01,ACC0000002462,CUST0001237,SAVINGS,Tabungan Rencana,2024-04-04,ACTIVE,20416790.79,,0.0827,7121979.80,3
2025-08-01,ACC0000002962,CUST0001491,LOAN,Kredit Usaha,2021-11-19,ACTIVE,0.00,,0.027,0.00,0
2025-08-01,ACC0000003040,CUST0001531,INVESTMENT,Obligasi,2022-12-30,ACTIVE,0.00,,0.0526,-7788495.91,3
2025-08-01,ACC0000003319,CUST0001669,SAVINGS,Tabungan Rencana,2022-09-02,ACTIVE,7215387.49,,0.1203,1890495.10,2
2025-08-01,ACC0000003608,CUST0001819,INVESTMENT,Obligasi,2023-07-20,ACTIVE,0.00,,0.1491,6456196.82,5
2025-08-01,ACC0000003662,CUST0001848,INVESTMENT,Obligasi,2024-09-09,CLOSED,0.00,,0.0788,0.00,0
2025-08-01,ACC0000003809,CUST0001921,LOAN,Kredit Usaha,2022-09-02,ACTIVE,0.00,,0.0974,1965272.86,2
2025-08-01,ACC0000004049,CUST0002043,INVESTMENT,Obligasi,2023-02-09,ACTIVE,0.00,,0.0753,-9130340.06,3
2025-08-01,ACC0000004051,CUST0002044,INVESTMENT,Reksa Dana,2024-10-05,ACTIVE,0.00,,0.1329,-3463279.32,2
2025-08-01,ACC0000004128,CUST0002078,CREDIT_CARD,Kartu Platinum,2023-01-19,CLOSED,0.00,9518917.09,0.1066,0.00,0
2025-08-01,ACC0000004142,CUST0002084,LOAN,Kredit Kendaraan,2021-07-28,SUSPENDED,0.00,,0.0582,0.00,0
2025-08-01,ACC0000004285,CUST0002155,SAVINGS,Tabungan Rencana,2023-07-01,ACTIVE,22445666.99,,0.1205,12891410.81,3
2025-08-01,ACC0000004746,CUST0002381,LOAN,Kredit Usaha,2021-02-03,ACTIVE,0.00,,0.0234,-5204664.58,2
2025-08-01,ACC0000005379,CUST0002701,INVESTMENT,Deposito,2021-10-09,ACTIVE,0.00,,0.0733,2373835.82,4
2025-08-01,ACC0000005519,CUST0002769,SAVINGS,Tabungan Haji,2021-10-07,ACTIVE,19724398.54,,0.0463,254231.18,1
2025-08-01,ACC0000005678,CUST0002848,LOAN,Kredit Usaha,2022-10-10,CLOSED,0.00,,0.0732,0.00,0
2025-08-01,ACC0000006001,CUST0003017,LOAN,KPR Rumah,2023-09-19,ACTIVE,0.00,,0.0885,3465491.63,1
2025-08-01,ACC0000006100,CUST0003065,SAVINGS,Tabungan Rencana,2025-05-29,ACTIVE,7062580.48,,0.1131,-609185.46,2
2025-08-01,ACC0000006374,CUST0003203,CREDIT_CARD,Kartu Classic,2023-05-08,ACTIVE,0.00,13688809.98,0.1474,-4291035.55,1
2025-08-01,ACC0000006624,CUST0003327,LOAN,Kredit Usaha,2022-06-27,ACTIVE,0.00,,0.0426,-291889.88,1
2025-08-01,ACC0000006991,CUST0003517,SAVINGS,Tabungan Negara Plus,2023-03-02,ACTIVE,6965817.32,,0.0256,0.00,0
2025-08-01,ACC0000007000,CUST0003521,LOAN,KTA Personal,2022-09-03,ACTIVE,0.00,,0.0385,1623634.43,2
2025-08-01,ACC0000007050,CUST0003545,CREDIT_CARD,Kartu Classic,2021-02-12,ACTIVE,0.00,12817701.00,0.0711,-2859703.66,1
2025-08-01,ACC0000007123,CUST0003586,CREDIT_CARD,Kartu Virtual,2023-04-12,ACTIVE,0.00,23425912.74,0.1422,-990088.01,1
2025-08-01,ACC0000007172,CUST0003610,CREDIT_CARD,Kartu Gold,2021-08-24,ACTIVE,0.00,44991715.34,0.0615,2360082.08,1
2025-08-01,ACC0000007313,CUST0003676,SAVINGS,Tabungan Rencana,2024-01-10,ACTIVE,30143317.40,,0.1153,2985347.36,2
2025-08-01,ACC0000007884,CUST0003964,INVESTMENT,SBN Retail,2023-08-07,ACTIVE,0.00,,0.0951,-3967085.22,1
2025-08-01,ACC0000000005,CUST0000004,SAVINGS,Tabungan Rencana,2021-06-02,ACTIVE,6534023.13,,0.0477,141140.68,3
2025-08-01,ACC0000000015,CUST0000008,INVESTMENT,SBN Retail,2024-12-27,ACTIVE,0.00,,0.134,1218263.87,1
2025-08-01,ACC0000000041,CUST0000022,LOAN,KPR Rumah,2023-07-21,ACTIVE,0.00,,0.1184,0.00,0
2025-08-01,ACC0000000134,CUST0000068,INVESTMENT,Obligasi,2021-09-17,ACTIVE,0.00,,0.0648,2920315.73,1
2025-08-01,ACC0000000257,CUST0000128,SAVINGS,Tabungan Haji,2024-07-18,ACTIVE,34467208.31,,0.1316,0.00,0
2025-08-01,ACC0000000368,CUST0000184,CREDIT_CARD,Kartu Platinum,2023-01-27,DORMANT,0.00,16923839.82,0.0361,0.00,0
2025-08-01,ACC0000000464,CUST0000235,CREDIT_CARD,Kartu Virtual,2021-09-10,ACTIVE,0.00,13212195.33,0.0396,4223630.58,3
2025-08-01,ACC0000000559,CUST0000282,SAVINGS,Tabungan Berjangka,2021-09-18,SUSPENDED,39484955.13,,0.1295,0.00,0
2025-08-01,ACC0000000659,CUST0000326,SAVINGS,Tabungan Haji,2025-06-15,ACTIVE,23129142.10,,0.0183,-3226283.49,2
2025-08-01,ACC0000000733,CUST0000364,SAVINGS,Tabungan Rencana,2023-07-07,ACTIVE,48582747.62,,0.1033,-2648122.36,2
2025-08-01,ACC0000000759,CUST0000376,SAVINGS,Tabungan Rencana,2021-10-30,ACTIVE,2566775.80,,0.0198,-5999075.92,3
2025-08-01,ACC0000000854,CUST0000424,INVESTMENT,Obligasi,2022-12-29,DORMANT,0.00,,0.1141,0.00,0
2025-08-01,ACC0000000950,CUST0000475,SAVINGS,Tabungan Negara Plus,2021-08-28,CLOSED,45172273.63,,0.0886,0.00,0
2025-08-01,ACC0000001066,CUST0000533,CREDIT_CARD,Kartu Platinum,2025-01-22,ACTIVE,0.00,19623382.92,0.0989,3081652.36,1
2025-08-01,ACC0000001137,CUST0000571,LOAN,Kredit Kendaraan,2022-03-03,ACTIVE,0.00,,0.0335,0.00,0
2025-08-01,ACC0000001318,CUST0000663,LOAN,Kredit Kendaraan,2022-03-28,ACTIVE,0.00,,0.1264,3015147.85,1
2025-08-01,ACC0000001357,CUST0000681,CREDIT_CARD,Kartu Virtual,2021-07-24,ACTIVE,0.00,25573388.90,0.0468,0.00,0
2025-08-01,ACC0000001632,CUST0000822,INVESTMENT,Deposito,2021-05-06,ACTIVE,0.00,,0.0184,-1036092.96,2
2025-08-01,ACC0000001815,CUST0000913,LOAN,KPR Rumah,2021-09-01,ACTIVE,0.00,,0.1295,-4543299.96,3
2025-08-01,ACC0000001838,CUST0000924,SAVINGS,Tabungan Berjangka,2022-09-24,ACTIVE,41194610.03,,0.0576,-977677.87,4
2025-08-01,ACC0000001929,CUST0000968,CREDIT_CARD,Kartu Gold,2025-04-07,ACTIVE,0.00,36334706.32,0.0672,2711567.57,1
2025-08-01,ACC0000002458,CUST0001234,INVESTMENT,Deposito,2024-09-25,ACTIVE,0.00,,0.0489,-1000937.92,2
2025-08-01,ACC0000002674,CUST0001349,LOAN,KPR Rumah,2023-03-16,CLOSED,0.00,,0.0149,0.00,0
2025-08-01,ACC0000002689,CUST0001358,SAVINGS,Tabungan Negara Plus,2024-06-25,ACTIVE,42198713.99,,0.1353,0.00,0
2025-08-01,ACC0000002797,CUST0001411,INVESTMENT,Obligasi,2025-06-15,DORMANT,0.00,,0.113,0.00,0
2025-08-01,ACC0000002943,CUST0001484,SAVINGS,Tabungan Rencana,2023-05-07,ACTIVE,5234477.44,,0.0516,-3324269.00,3
2025-08-01,ACC0000002968,CUST0001495,SAVINGS,Tabungan Haji,2022-02-07,ACTIVE,27409842.02,,0.116,3902494.83,4
2025-08-01,ACC0000003091,CUST0001555,SAVINGS,Tabungan Negara Plus,2022-07-11,CLOSED,34231444.44,,0.1387,0.00,0
2025-08-01,ACC0000003263,CUST0001645,CREDIT_CARD,Kartu Virtual,2024-02-26,ACTIVE,0.00,18162441.76,0.0272,0.00,0
2025-08-01,ACC0000003506,CUST0001763,INVESTMENT,Reksa Dana,2024-11-23,ACTIVE,0.00,,0.0329,-1629488.95,3
2025-08-01,ACC0000003581,CUST0001805,CREDIT_CARD,Kartu Gold,2024-02-16,ACTIVE,0.00,44002935.85,0.0592,-3476310.45,2
2025-08-01,ACC0000003885,CUST0001957,INVESTMENT,Obligasi,2023-02-02,ACTIVE,0.00,,0.1102,7294849.22,2
2025-08-01,ACC0000003935,CUST0001984,LOAN,Kredit Kendaraan,2022-06-19,ACTIVE,0.00,,0.1429,-794270.29,1
2025-08-01,ACC0000003941,CUST0001986,INVESTMENT,SBN Retail,2025-03-11,ACTIVE,0.00,,0.121,-1251742.97,2
2025-08-01,ACC0000004239,CUST0002133,CREDIT_CARD,Kartu Virtual,2024-01-08,ACTIVE,0.00,8082629.81,0.0722,392257.19,1
2025-08-01,ACC0000004474,CUST0002246,SAVINGS,Tabungan Negara Plus,2021-07-17,ACTIVE,47794369.10,,0.0883,2705718.61,1
2025-08-01,ACC0000004520,CUST0002271,INVESTMENT,SBN Retail,2023-09-11,ACTIVE,0.00,,0.0393,32459.22,4
2025-08-01,ACC0000004608,CUST0002311,INVESTMENT,Reksa Dana,2024-08-19,DORMANT,0.00,,0.1257,0.00,0
2025-08-01,ACC0000005251,CUST0002638,SAVINGS,Tabungan Negara Plus,2021-06-08,ACTIVE,17895589.48,,0.1064,0.00,0
2025-08-01,ACC0000005268,CUST0002647,CREDIT_CARD,Kartu Virtual,2023-03-09,ACTIVE,0.00,7137705.31,0.0447,6531806.04,2
2025-08-01,ACC0000005350,CUST0002686,SAVINGS,Tabungan Rencana,2024-10-06,ACTIVE,20019566.17,,0.1006,0.00,0
2025-08-01,ACC0000005608,CUST0002816,CREDIT_CARD,Kartu Classic,2022-03-23,ACTIVE,0.00,22561004.34,0.0907,0.00,0
2025-08-01,ACC0000006145,CUST0003088,CREDIT_CARD,Kartu Classic,2021-07-29,ACTIVE,0.00,36588880.81,0.058,-2680460.06,2
2025-08-01,ACC0000006172,CUST0003101,INVESTMENT,Obligasi,2024-11-22,ACTIVE,0.00,,0.013,-4367981.02,1
2025-08-01,ACC0000006248,CUST0003137,CREDIT_CARD,Kartu Classic,2021-06-28,ACTIVE,0.00,20725058.78,0.0712,-3535140.52,1
2025-08-01,ACC0000006634,CUST0003332,SAVINGS,Tabungan Rencana,2022-06-21,ACTIVE,14028422.35,,0.0717,257049.67,1
2025-08-01,ACC0000006637,CUST0003334,LOAN,Kredit Kendaraan,2024-08-25,ACTIVE,0.00,,0.1243,-7429977.66,2
2025-08-01,ACC0000007070,CUST0003556,LOAN,Kredit Kendaraan,2022-10-21,ACTIVE,0.00,,0.1458,1432211.10,1
2025-08-01,ACC0000007320,CUST0003679,INVESTMENT,Obligasi,2021-10-19,ACTIVE,0.00,,0.0843,-1448034.78,2
2025-08-01,ACC0000007429,CUST0003733,SAVINGS,Tabungan Rencana,2022-10-18,ACTIVE,9916897.29,,0.0543,-2495815.95,1
2025-08-01,ACC0000007586,CUST0003810,SAVINGS,Tabungan Berjangka,2025-01-01,CLOSED,43072100.65,,0.0123,0.00,0
2025-08-01,ACC0000007738,CUST0003890,LOAN,KPR Rumah,2023-02-11,ACTIVE,0.00,,0.0699,-4486848.85,1
2025-08-01,ACC0000007820,CUST0003930,INVESTMENT,SBN Retail,2022-11-14,ACTIVE,0.00,,0.0562,-4539189.28,2
2025-08-01,ACC0000000195,CUST0000097,CREDIT_CARD,Kartu Classic,2022-10-30,ACTIVE,0.00,7523407.57,0.0903,-2743383.16,3
2025-08-01,ACC0000000423,CUST0000213,SAVINGS,Tabungan Negara Plus,2024-03-18,ACTIVE,13361658.86,,0.1259,0.00,0
2025-08-01,ACC0000000749,CUST0000372,LOAN,Kredit Kendaraan,2024-11-05,DORMANT,0.00,,0.1262,0.00,0
2025-08-01,ACC0000000839,CUST0000418,SAVINGS,Tabungan Rencana,2022-10-25,ACTIVE,48139586.98,,0.1061,-1610854.37,4
2025-08-01,ACC0000001228,CUST0000618,LOAN,Kredit Kendaraan,2021-11-17,ACTIVE,0.00,,0.0839,-966103.73,1
2025-08-01,ACC0000001475,CUST0000739,CREDIT_CARD,Kartu Platinum,2023-04-07,ACTIVE,0.00,22931399.86,0.1094,5758019.87,2
2025-08-01,ACC0000001899,CUST0000956,CREDIT_CARD,Kartu Virtual,2021-03-07,ACTIVE,0.00,39122501.86,0.0244,-4825635.18,1
2025-08-01,ACC0000002089,CUST0001053,INVESTMENT,Deposito,2024-09-03,ACTIVE,0.00,,0.1274,-834178.15,2
2025-08-01,ACC0000002667,CUST0001344,INVESTMENT,Reksa Dana,2022-07-11,ACTIVE,0.00,,0.0898,-2363766.66,2
2025-08-01,ACC0000002905,CUST0001467,CREDIT_CARD,Kartu Platinum,2025-04-18,ACTIVE,0.00,21786950.37,0.1385,-578607.98,1
2025-08-01,ACC0000003640,CUST0001837,LOAN,KPR Rumah,2021-08-12,ACTIVE,0.00,,0.1192,2174785.82,1
2025-08-01,ACC0000003688,CUST0001859,CREDIT_CARD,Kartu Virtual,2021-08-15,DORMANT,0.00,30081396.15,0.0996,0.00,0
2025-08-01,ACC0000004182,CUST0002107,INVESTMENT,Deposito,2022-03-09,ACTIVE,0.00,,0.1161,-272477.42,4
2025-08-01,ACC0000004287,CUST0002156,CREDIT_CARD,Kartu Platinum,2022-03-11,ACTIVE,0.00,20244553.28,0.0271,2438288.10,1
2025-08-01,ACC0000004467,CUST0002242,LOAN,Kredit Usaha,2023-04-26,ACTIVE,0.00,,0.1173,4024187.33,1
2025-08-01,ACC0000004571,CUST0002294,INVESTMENT,Deposito,2022-11-25,ACTIVE,0.00,,0.0601,0.00,0
2025-08-01,ACC0000004698,CUST0002360,LOAN,KPR Rumah,2023-07-07,DORMANT,0.00,,0.0627,0.00,0
2025-08-01,ACC0000004743,CUST0002379,LOAN,Kredit Kendaraan,2023-01-05,DORMANT,0.00,,0.0267,0.00,0
2025-08-01,ACC0000004896,CUST0002457,INVESTMENT,Obligasi,2021-05-28,ACTIVE,0.00,,0.1,-2415721.78,2
2025-08-01,ACC0000005207,CUST0002613,SAVINGS,Tabungan Berjangka,2022-06-23,ACTIVE,43398106.48,,0.0522,3840918.54,1
2025-08-01,ACC0000005581,CUST0002800,CREDIT_CARD,Kartu Platinum,2024-04-20,ACTIVE,0.00,30500907.14,0.0201,-7062710.27,2
2025-08-01,ACC0000005709,CUST0002864,SAVINGS,Tabungan Negara Plus,2025-03-26,DORMANT,45311389.67,,0.0297,0.00,0
2025-08-01,ACC0000005757,CUST0002891,CREDIT_CARD,Kartu Classic,2024-04-06,ACTIVE,0.00,26345540.78,0.0552,-2226699.88,1
2025-08-01,ACC0000005792,CUST0002910,CREDIT_CARD,Kartu Virtual,2022-03-02,ACTIVE,0.00,16528364.98,0.0752,3454068.21,1
2025-08-01,ACC0000005882,CUST0002958,LOAN,KTA Personal,2022-01-03,ACTIVE,0.00,,0.0399,11267545.25,3
2025-08-01,ACC0000006080,CUST0003055,INVESTMENT,Reksa Dana,2024-10-24,ACTIVE,0.00,,0.0569,2354954.57,1
2025-08-01,ACC0000006084,CUST0003057,INVESTMENT,Reksa Dana,2023-04-23,CLOSED,0.00,,0.0612,0.00,0
2025-08-01,ACC0000006304,CUST0003164,LOAN,Kredit Kendaraan,2023-04-14,ACTIVE,0.00,,0.1115,-6024767.53,2
2025-08-01,ACC0000006800,CUST0003413,LOAN,Kredit Usaha,2022-06-23,DORMANT,0.00,,0.0495,0.00,0
2025-08-01,ACC0000006889,CUST0003461,SAVINGS,Tabungan Negara Plus,2023-01-13,CLOSED,48227851.06,,0.0346,0.00,0
2025-08-01,ACC0000007237,CUST0003642,LOAN,Kredit Kendaraan,2024-11-29,ACTIVE,0.00,,0.0746,544956.21,1
2025-08-01,ACC0000007432,CUST0003734,INVESTMENT,Reksa Dana,2023-10-22,ACTIVE,0.00,,0.1321,3813326.68,4
2025-08-01,ACC0000007684,CUST0003860,CREDIT_CARD,Kartu Classic,2021-09-28,ACTIVE,0.00,19416552.79,0.1221,3409414.07,1
2025-08-01,ACC0000007798,CUST0003921,SAVINGS,Tabungan Berjangka,2022-05-06,ACTIVE,44468511.87,,0.0146,1548106.70,1
2025-08-01,ACC0000000487,CUST0000246,CREDIT_CARD,Kartu Platinum,2023-06-24,ACTIVE,0.00,41643301.01,0.0827,-443469.97,1
2025-08-01,ACC0000000967,CUST0000486,SAVINGS,Tabungan Negara Plus,2024-01-13,DORMANT,36245213.34,,0.1478,0.00,0
2025-08-01,ACC0000001255,CUST0000630,INVESTMENT,Obligasi,2021-07-20,ACTIVE,0.00,,0.0598,-2032339.33,1
2025-08-01,ACC0000001433,CUST0000721,INVESTMENT,Deposito,2024-07-11,ACTIVE,0.00,,0.0429,-7740365.40,2
2025-08-01,ACC0000001479,CUST0000742,SAVINGS,Tabungan Berjangka,2024-10-13,ACTIVE,3222955.50,,0.1068,1040016.76,1
2025-08-01,ACC0000001746,CUST0000881,SAVINGS,Tabungan Negara Plus,2025-04-07,DORMANT,6492792.80,,0.1022,0.00,0
2025-08-01,ACC0000001800,CUST0000904,CREDIT_CARD,Kartu Classic,2024-02-26,SUSPENDED,0.00,45798847.20,0.1302,0.00,0
2025-08-01,ACC0000001964,CUST0000988,CREDIT_CARD,Kartu Platinum,2025-03-22,DORMANT,0.00,44390625.46,0.029,0.00,0
2025-08-01,ACC0000002374,CUST0001189,LOAN,KTA Personal,2021-05-02,ACTIVE,0.00,,0.1478,-1866116.97,3
2025-08-01,ACC0000002734,CUST0001382,CREDIT_CARD,Kartu Classic,2024-01-07,DORMANT,0.00,22917960.95,0.1461,0.00,0
2025-08-01,ACC0000002761,CUST0001395,LOAN,KPR Rumah,2023-04-04,DORMANT,0.00,,0.14,0.00,0
2025-08-01,ACC0000002896,CUST0001462,CREDIT_CARD,Kartu Platinum,2022-05-08,ACTIVE,0.00,35060321.70,0.0724,-8505564.41,2
2025-08-01,ACC0000003296,CUST0001660,SAVINGS,Tabungan Rencana,2024-11-21,ACTIVE,44595439.42,,0.06,0.00,0
2025-08-01,ACC0000003389,CUST0001704,INVESTMENT,Deposito,2023-05-04,ACTIVE,0.00,,0.1483,-1880418.85,1
2025-08-01,ACC0000003437,CUST0001727,CREDIT_CARD,Kartu Gold,2023-02-21,ACTIVE,0.00,44709855.86,0.085,8624715.01,2
2025-08-01,ACC0000003496,CUST0001758,CREDIT_CARD,Kartu Virtual,2022-03-13,ACTIVE,0.00,26936052.17,0.1298,-3796422.69,1
2025-08-01,ACC0000003637,CUST0001834,LOAN,Kredit Usaha,2023-04-23,ACTIVE,0.00,,0.0762,0.00,0
2025-08-01,ACC0000003649,CUST0001842,CREDIT_CARD,Kartu Platinum,2022-04-18,SUSPENDED,0.00,28808120.44,0.0761,0.00,0
2025-08-01,ACC0000003797,CUST0001914,INVESTMENT,SBN Retail,2023-11-24,ACTIVE,0.00,,0.0966,0.00,0
2025-08-01,ACC0000003881,CUST0001956,INVESTMENT,Reksa Dana,2024-07-01,CLOSED,0.00,,0.0896,0.00,0
2025-08-01,ACC0000003966,CUST0001999,CREDIT_CARD,Kartu Gold,2023-07-16,SUSPENDED,0.00,44372841.57,0.1062,0.00,0
2025-08-01,ACC0000004010,CUST0002023,INVESTMENT,SBN Retail,2023-01-12,ACTIVE,0.00,,0.0804,1222213.44,2
2025-08-01,ACC0000004258,CUST0002143,LOAN,Kredit Usaha,2024-03-09,ACTIVE,0.00,,0.093,779803.16,1
2025-08-01,ACC0000004502,CUST0002262,CREDIT_CARD,Kartu Virtual,2025-01-28,ACTIVE,0.00,36715160.05,0.0393,-2629914.53,2
2025-08-01,ACC0000004563,CUST0002291,INVESTMENT,Obligasi,2023-02-28,ACTIVE,0.00,,0.0254,1796579.26,1
2025-08-01,ACC0000004719,CUST0002369,SAVINGS,Tabungan Berjangka,2022-08-28,ACTIVE,22535331.80,,0.1199,-2020350.54,2
2025-08-01,ACC0000004927,CUST0002472,CREDIT_CARD,Kartu Gold,2023-09-28,DORMANT,0.00,32384842.91,0.0398,0.00,0
2025-08-01,ACC0000005150,CUST0002585,LOAN,KTA Personal,2024-02-11,ACTIVE,0.00,,0.0544,1255914.94,2
2025-08-01,ACC0000005434,CUST0002727,INVESTMENT,SBN Retail,2023-04-21,DORMANT,0.00,,0.0363,0.00,0
2025-08-01,ACC0000005455,CUST0002736,LOAN,KTA Personal,2022-06-07,ACTIVE,0.00,,0.1297,-2872338.64,1
2025-08-01,ACC0000005464,CUST0002740,LOAN,Kredit Usaha,2022-05-17,ACTIVE,0.00,,0.0523,-7134361.62,4
2025-08-01,ACC0000005554,CUST0002785,SAVINGS,Tabungan Haji,2024-07-10,ACTIVE,1798362.83,,0.0316,-1402712.39,4
2025-08-01,ACC0000005664,CUST0002841,CREDIT_CARD,Kartu Virtual,2023-02-11,ACTIVE,0.00,23365157.06,0.0103,1014271.12,2
2025-08-01,ACC0000005976,CUST0003002,LOAN,KPR Rumah,2024-09-08,ACTIVE,0.00,,0.1366,-3851239.85,3
2025-08-01,ACC0000005998,CUST0003015,LOAN,Kredit Kendaraan,2022-03-07,ACTIVE,0.00,,0.0943,0.00,0
2025-08-01,ACC0000006032,CUST0003032,LOAN,KPR Rumah,2024-05-13,DORMANT,0.00,,0.0614,0.00,0
2025-08-01,ACC0000006848,CUST0003438,SAVINGS,Tabungan Rencana,2025-04-15,SUSPENDED,20778645.84,,0.1055,0.00,0
2025-08-01,ACC0000006897,CUST0003466,CREDIT_CARD,Kartu Virtual,2022-07-20,ACTIVE,0.00,35920477.72,0.0343,-688118.85,1
2025-08-01,ACC0000006968,CUST0003506,SAVINGS,Tabungan Berjangka,2024-05-05,ACTIVE,24073743.52,,0.0214,-3097936.82,1
2025-08-01,ACC0000007748,CUST0003895,CREDIT_CARD,Kartu Classic,2021-04-11,ACTIVE,0.00,48160320.66,0.0662,-1973109.98,2
2025-08-01,ACC0000007861,CUST0003951,INVESTMENT,Deposito,2024-10-07,ACTIVE,0.00,,0.139,-490304.18,2
2025-08-01,ACC0000000143,CUST0000072,INVESTMENT,SBN Retail,2023-07-13,ACTIVE,0.00,,0.114,0.00,0
2025-08-01,ACC0000000172,CUST0000085,CREDIT_CARD,Kartu Gold,2022-03-15,ACTIVE,0.00,9120018.50,0.1032,-1955861.86,2
2025-08-01,ACC0000000194,CUST0000097,LOAN,Kredit Kendaraan,2022-09-22,ACTIVE,0.00,,0.097,-4250063.74,4
2025-08-01,ACC0000000381,CUST0000192,SAVINGS,Tabungan Negara Plus,2023-09-11,ACTIVE,20876118.95,,0.051,718427.01,3
2025-08-01,ACC0000000430,CUST0000216,SAVINGS,Tabungan Negara Plus,2022-11-29,CLOSED,12450257.27,,0.0192,0.00,0
2025-08-01,ACC0000000534,CUST0000269,CREDIT_CARD,Kartu Classic,2022-06-27,ACTIVE,0.00,25698248.48,0.1229,0.00,0
2025-08-01,ACC0000000710,CUST0000352,CREDIT_CARD,Kartu Classic,2022-01-21,ACTIVE,0.00,32720780.43,0.0407,-1594301.67,1
2025-08-01,ACC0000001036,CUST0000518,LOAN,KPR Rumah,2021-08-14,ACTIVE,0.00,,0.0579,1398744.35,4
2025-08-01,ACC0000001449,CUST0000728,CREDIT_CARD,Kartu Gold,2024-05-22,ACTIVE,0.00,47890530.82,0.0836,-5604668.83,2
2025-08-01,ACC0000001564,CUST0000785,SAVINGS,Tabungan Berjangka,2024-08-14,ACTIVE,9649586.34,,0.0298,-14958501.74,4
2025-08-01,ACC0000001920,CUST0000964,INVESTMENT,Reksa Dana,2023-10-23,ACTIVE,0.00,,0.0808,0.00,0
2025-08-01,ACC0000002145,CUST0001080,CREDIT_CARD,Kartu Virtual,2021-07-25,ACTIVE,0.00,12311567.71,0.1356,-2693766.03,1
2025-08-01,ACC0000002249,CUST0001128,INVESTMENT,Deposito,2024-10-31,ACTIVE,0.00,,0.1024,-11348625.69,4
2025-08-01,ACC0000002996,CUST0001510,LOAN,Kredit Kendaraan,2022-05-01,ACTIVE,0.00,,0.1496,-3075934.78,6
2025-08-01,ACC0000002998,CUST0001511,SAVINGS,Tabungan Haji,2023-04-11,ACTIVE,32041804.88,,0.1302,1695525.02,1
2025-08-01,ACC0000003130,CUST0001578,SAVINGS,Tabungan Berjangka,2022-05-07,ACTIVE,7890743.63,,0.1191,5121486.37,3
2025-08-01,ACC0000003739,CUST0001883,LOAN,Kredit Kendaraan,2022-11-30,ACTIVE,0.00,,0.0594,4654790.84,3
2025-08-01,ACC0000004619,CUST0002319,INVESTMENT,Reksa Dana,2022-05-28,ACTIVE,0.00,,0.0636,0.00,0
2025-08-01,ACC0000005060,CUST0002536,CREDIT_CARD,Kartu Platinum,2023-06-17,ACTIVE,0.00,39389305.29,0.1146,-980661.94,1
2025-08-01,ACC0000005483,CUST0002751,CREDIT_CARD,Kartu Platinum,2023-09-23,SUSPENDED,0.00,31488988.39,0.096,0.00,0
2025-08-01,ACC0000005565,CUST0002791,INVESTMENT,Obligasi,2025-02-24,DORMANT,0.00,,0.1424,0.00,0
2025-08-01,ACC0000005703,CUST0002861,LOAN,Kredit Kendaraan,2023-11-15,ACTIVE,0.00,,0.0779,4908415.03,2
2025-08-01,ACC0000005865,CUST0002949,CREDIT_CARD,Kartu Classic,2024-05-11,ACTIVE,0.00,24306371.06,0.0769,1534582.82,2
2025-08-01,ACC0000005929,CUST0002980,INVESTMENT,Deposito,2024-05-31,ACTIVE,0.00,,0.1068,3687950.79,3
2025-08-01,ACC0000006035,CUST0003033,LOAN,Kredit Kendaraan,2022-02-26,ACTIVE,0.00,,0.1082,-742690.31,2
2025-08-01,ACC0000006256,CUST0003141,INVESTMENT,SBN Retail,2022-11-08,ACTIVE,0.00,,0.0518,-8289046.67,3
2025-08-01,ACC0000006283,CUST0003155,INVESTMENT,Deposito,2021-03-15,ACTIVE,0.00,,0.1479,4378831.96,1
2025-08-01,ACC0000006345,CUST0003185,LOAN,Kredit Kendaraan,2021-01-12,ACTIVE,0.00,,0.1217,6298139.45,3
2025-08-01,ACC0000006441,CUST0003236,LOAN,KTA Personal,2023-02-13,ACTIVE,0.00,,0.0491,-1661130.17,1
2025-08-01,ACC0000006497,CUST0003263,SAVINGS,Tabungan Haji,2023-07-10,ACTIVE,39346394.33,,0.1175,0.00,0
2025-08-01,ACC0000006796,CUST0003410,SAVINGS,Tabungan Negara Plus,2022-12-06,ACTIVE,47064074.86,,0.125,3587127.55,1
2025-08-01,ACC0000007120,CUST0003584,SAVINGS,Tabungan Rencana,2022-12-09,ACTIVE,39065024.11,,0.0877,-5294606.85,2
2025-08-01,ACC0000007174,CUST0003611,INVESTMENT,Deposito,2024-11-17,ACTIVE,0.00,,0.0367,2058083.27,3
2025-08-01,ACC0000007280,CUST0003661,LOAN,Kredit Kendaraan,2023-03-27,ACTIVE,0.00,,0.1248,13100360.77,5
2025-08-01,ACC0000007317,CUST0003678,CREDIT_CARD,Kartu Classic,2023-05-06,ACTIVE,0.00,20891597.51,0.0888,-1354409.71,2
2025-08-01,ACC0000007361,CUST0003701,CREDIT_CARD,Kartu Classic,2025-02-02,ACTIVE,0.00,21009562.31,0.1105,663100.03,2
2025-08-01,ACC0000000286,CUST0000143,LOAN,Kredit Usaha,2023-12-01,ACTIVE,0.00,,0.1465,0.00,0
2025-08-01,ACC0000000448,CUST0000226,INVESTMENT,SBN Retail,2025-03-27,ACTIVE,0.00,,0.026,-2615923.50,1
2025-08-01,ACC0000000471,CUST0000238,INVESTMENT,Obligasi,2023-05-20,ACTIVE,0.00,,0.1412,0.00,0
2025-08-01,ACC0000000646,CUST0000321,LOAN,Kredit Usaha,2022-09-05,ACTIVE,0.00,,0.0452,-1412493.47,2
2025-08-01,ACC0000000931,CUST0000464,LOAN,KTA Personal,2024-06-22,ACTIVE,0.00,,0.0422,0.00,0
2025-08-01,ACC0000001181,CUST0000592,SAVINGS,Tabungan Haji,2022-01-29,ACTIVE,3117025.47,,0.0752,3082446.29,5
2025-08-01,ACC0000001245,CUST0000626,LOAN,KPR Rumah,2022-05-22,ACTIVE,0.00,,0.0349,3795703.55,1
2025-08-01,ACC0000001271,CUST0000640,CREDIT_CARD,Kartu Gold,2024-01-19,ACTIVE,0.00,41131962.60,0.0438,-7873164.47,3
2025-08-01,ACC0000001350,CUST0000678,SAVINGS,Tabungan Rencana,2024-04-28,ACTIVE,28555384.58,,0.1362,-2798634.20,1
2025-08-01,ACC0000001370,CUST0000687,LOAN,KTA Personal,2025-01-08,ACTIVE,0.00,,0.1099,5622833.37,2
2025-08-01,ACC0000001428,CUST0000719,CREDIT_CARD,Kartu Platinum,2022-08-28,ACTIVE,0.00,8097245.44,0.0308,-2619722.88,2
2025-08-01,ACC0000001550,CUST0000779,SAVINGS,Tabungan Negara Plus,2022-04-25,ACTIVE,6782206.72,,0.1088,5913124.95,4
2025-08-01,ACC0000001570,CUST0000788,CREDIT_CARD,Kartu Virtual,2023-11-26,ACTIVE,0.00,6056829.06,0.1129,-4995203.05,2
2025-08-01,ACC0000001939,CUST0000975,CREDIT_CARD,Kartu Gold,2023-05-07,ACTIVE,0.00,36500282.52,0.0307,1026893.39,1
2025-08-01,ACC0000001953,CUST0000982,CREDIT_CARD,Kartu Classic,2023-10-01,CLOSED,0.00,14653440.21,0.0432,0.00,0
2025-08-01,ACC0000002130,CUST0001070,LOAN,KPR Rumah,2024-02-26,ACTIVE,0.00,,0.0625,0.00,0
2025-08-01,ACC0000002507,CUST0001258,CREDIT_CARD,Kartu Virtual,2024-04-12,ACTIVE,0.00,24610325.97,0.0585,-4505916.95,1
2025-08-01,ACC0000002703,CUST0001364,INVESTMENT,Obligasi,2024-01-27,ACTIVE,0.00,,0.1019,9338238.76,3
2025-08-01,ACC0000002819,CUST0001424,INVESTMENT,Reksa Dana,2024-02-27,DORMANT,0.00,,0.0104,0.00,0
2025-08-01,ACC0000002907,CUST0001469,SAVINGS,Tabungan Berjangka,2023-07-11,CLOSED,42648220.13,,0.1428,0.00,0
2025-08-01,ACC0000003002,CUST0001512,LOAN,Kredit Kendaraan,2024-01-21,ACTIVE,0.00,,0.0209,-2943849.82,1
2025-08-01,ACC0000003220,CUST0001625,LOAN,KTA Personal,2024-02-01,DORMANT,0.00,,0.0578,0.00,0
2025-08-01,ACC0000003301,CUST0001662,SAVINGS,Tabungan Rencana,2021-06-02,CLOSED,30109976.12,,0.109,0.00,0
2025-08-01,ACC0000003566,CUST0001797,CREDIT_CARD,Kartu Virtual,2022-01-25,ACTIVE,0.00,33575784.68,0.0291,1983202.51,1
2025-08-01,ACC0000004027,CUST0002031,INVESTMENT,Reksa Dana,2021-09-21,ACTIVE,0.00,,0.0849,0.00,0
2025-08-01,ACC0000004032,CUST0002034,INVESTMENT,Obligasi,2022-08-09,ACTIVE,0.00,,0.0355,-2052475.42,2
2025-08-01,ACC0000004062,CUST0002049,INVESTMENT,Obligasi,2024-05-03,SUSPENDED,0.00,,0.1089,0.00,0
2025-08-01,ACC0000004085,CUST0002059,LOAN,KTA Personal,2022-02-07,ACTIVE,0.00,,0.108,0.00,0
2025-08-01,ACC0000004672,CUST0002344,LOAN,Kredit Usaha,2024-10-06,ACTIVE,0.00,,0.025,1367551.50,1
2025-08-01,ACC0000004721,CUST0002370,INVESTMENT,SBN Retail,2022-05-10,ACTIVE,0.00,,0.0773,7090229.24,4
2025-08-01,ACC0000004814,CUST0002416,INVESTMENT,Obligasi,2024-06-22,ACTIVE,0.00,,0.1188,-6449497.65,3
2025-08-01,ACC0000004870,CUST0002443,CREDIT_CARD,Kartu Platinum,2022-11-29,DORMANT,0.00,7038535.41,0.0863,0.00,0
2025-08-01,ACC0000004883,CUST0002449,SAVINGS,Tabungan Berjangka,2022-07-12,ACTIVE,8256365.05,,0.044,922365.23,1
2025-08-01,ACC0000005493,CUST0002756,LOAN,KTA Personal,2022-07-07,ACTIVE,0.00,,0.0601,-1618988.28,2
2025-08-01,ACC0000005711,CUST0002865,LOAN,Kredit Kendaraan,2021-06-10,ACTIVE,0.00,,0.0144,809970.95,3
2025-08-01,ACC0000005772,CUST0002898,SAVINGS,Tabungan Negara Plus,2021-10-21,ACTIVE,11334390.28,,0.0922,3688629.70,2
2025-08-01,ACC0000006331,CUST0003178,CREDIT_CARD,Kartu Virtual,2023-03-11,ACTIVE,0.00,38610033.02,0.027,0.00,0
2025-08-01,ACC0000006384,CUST0003207,INVESTMENT,Reksa Dana,2022-12-10,ACTIVE,0.00,,0.0882,1405749.02,1
2025-08-01,ACC0000006717,CUST0003374,SAVINGS,Tabungan Haji,2022-04-12,DORMANT,13699075.03,,0.1368,0.00,0
2025-08-01,ACC0000007111,CUST0003579,INVESTMENT,Reksa Dana,2022-10-20,ACTIVE,0.00,,0.052,-4534878.45,2
2025-08-01,ACC0000007136,CUST0003592,SAVINGS,Tabungan Rencana,2023-02-19,ACTIVE,20060576.96,,0.0969,0.00,0
2025-08-01,ACC0000007289,CUST0003666,SAVINGS,Tabungan Berjangka,2022-01-23,ACTIVE,48791560.27,,0.1182,4782038.08,1
2025-08-01,ACC0000007613,CUST0003823,CREDIT_CARD,Kartu Virtual,2021-07-21,ACTIVE,0.00,46886326.90,0.0882,-2277280.42,1
2025-08-01,ACC0000007662,CUST0003850,CREDIT_CARD,Kartu Virtual,2023-10-31,ACTIVE,0.00,42822905.91,0.1435,0.00,0
2025-08-01,ACC0000007904,CUST0003974,CREDIT_CARD,Kartu Platinum,2025-07-01,ACTIVE,0.00,27025320.63,0.1148,-4923770.58,1
2025-08-01,ACC0000007948,CUST0003995,CREDIT_CARD,Kartu Classic,2023-12-01,ACTIVE,0.00,18771272.09,0.0678,-1947585.74,3
2025-08-01,ACC0000000424,CUST0000213,SAVINGS,Tabungan Haji,2024-06-16,ACTIVE,22165828.16,,0.1483,1448889.95,1
2025-08-01,ACC0000000605,CUST0000304,SAVINGS,Tabungan Berjangka,2022-10-02,ACTIVE,28285537.20,,0.1448,-132772.01,1
2025-08-01,ACC0000000808,CUST0000401,LOAN,Kredit Usaha,2024-05-27,ACTIVE,0.00,,0.1451,-3288264.12,1
2025-08-01,ACC0000000835,CUST0000416,LOAN,KPR Rumah,2023-02-20,ACTIVE,0.00,,0.0429,0.00,0
2025-08-01,ACC0000000846,CUST0000421,INVESTMENT,Obligasi,2024-06-28,ACTIVE,0.00,,0.0437,-5451393.48,2
2025-08-01,ACC0000000990,CUST0000495,LOAN,KPR Rumah,2021-06-08,CLOSED,0.00,,0.0198,0.00,0
2025-08-01,ACC0000001046,CUST0000523,SAVINGS,Tabungan Berjangka,2025-03-12,DORMANT,9578718.40,,0.05,0.00,0
2025-08-01,ACC0000001182,CUST0000593,INVESTMENT,Reksa Dana,2023-09-24,ACTIVE,0.00,,0.1409,-1995162.10,2
2025-08-01,ACC0000001215,CUST0000609,LOAN,KPR Rumah,2021-04-01,ACTIVE,0.00,,0.0479,2582475.65,2
2025-08-01,ACC0000001816,CUST0000914,LOAN,Kredit Usaha,2023-11-13,ACTIVE,0.00,,0.0562,-4772876.83,2
2025-08-01,ACC0000001921,CUST0000965,LOAN,Kredit Usaha,2024-05-20,DORMANT,0.00,,0.0195,0.00,0
2025-08-01,ACC0000002681,CUST0001353,INVESTMENT,SBN Retail,2023-04-23,ACTIVE,0.00,,0.0873,411058.48,2
2025-08-01,ACC0000003041,CUST0001531,SAVINGS,Tabungan Berjangka,2023-04-08,CLOSED,34409837.05,,0.0616,0.00,0
2025-08-01,ACC0000003283,CUST0001655,LOAN,Kredit Usaha,2023-10-24,ACTIVE,0.00,,0.0212,0.00,0
2025-08-01,ACC0000003320,CUST0001669,CREDIT_CARD,Kartu Classic,2022-08-02,CLOSED,0.00,48821165.59,0.0655,0.00,0
2025-08-01,ACC0000003353,CUST0001688,LOAN,Kredit Usaha,2021-07-23,ACTIVE,0.00,,0.1248,2902944.15,1
2025-08-01,ACC0000003363,CUST0001692,SAVINGS,Tabungan Berjangka,2022-11-23,ACTIVE,28263880.15,,0.1287,-3276730.96,2
2025-08-01,ACC0000003381,CUST0001700,SAVINGS,Tabungan Negara Plus,2024-11-07,DORMANT,12147499.99,,0.0228,0.00,0
2025-08-01,ACC0000003451,CUST0001734,INVESTMENT,SBN Retail,2024-06-04,ACTIVE,0.00,,0.0592,0.00,0
2025-08-01,ACC0000003474,CUST0001746,INVESTMENT,SBN Retail,2025-04-16,ACTIVE,0.00,,0.0276,1994347.82,3
2025-08-01,ACC0000003878,CUST0001955,SAVINGS,Tabungan Rencana,2022-03-25,ACTIVE,2073545.47,,0.079,-268884.15,2
2025-08-01,ACC0000003892,CUST0001961,SAVINGS,Tabungan Haji,2021-04-21,ACTIVE,2604850.14,,0.1439,-3690844.60,1
2025-08-01,ACC0000003956,CUST0001993,SAVINGS,Tabungan Berjangka,2024-10-30,ACTIVE,13538535.35,,0.0868,856536.24,2
2025-08-01,ACC0000004017,CUST0002027,CREDIT_CARD,Kartu Gold,2024-03-21,ACTIVE,0.00,25147176.19,0.0275,-1310921.16,3
2025-08-01,ACC0000004019,CUST0002028,INVESTMENT,SBN Retail,2024-12-30,ACTIVE,0.00,,0.1401,4330148.61,1
2025-08-01,ACC0000004159,CUST0002093,LOAN,Kredit Usaha,2022-01-08,ACTIVE,0.00,,0.0859,306279.93,1
2025-08-01,ACC0000004836,CUST0002426,CREDIT_CARD,Kartu Gold,2021-08-29,ACTIVE,0.00,41976098.02,0.0241,2995028.71,1
2025-08-01,ACC0000005161,CUST0002590,SAVINGS,Tabungan Berjangka,2021-06-23,ACTIVE,4093197.59,,0.0614,3535088.12,2
2025-08-01,ACC0000005216,CUST0002617,INVESTMENT,Reksa Dana,2025-01-02,ACTIVE,0.00,,0.1101,0.00,0
2025-08-01,ACC0000005501,CUST0002760,CREDIT_CARD,Kartu Gold,2022-07-07,DORMANT,0.00,48660293.60,0.0459,0.00,0
2025-08-01,ACC0000005552,CUST0002784,LOAN,KPR Rumah,2022-01-08,ACTIVE,0.00,,0.1294,0.00,0
2025-08-01,ACC0000005719,CUST0002869,LOAN,KPR Rumah,2025-06-05,ACTIVE,0.00,,0.0227,-1051826.27,3
2025-08-01,ACC0000005831,CUST0002931,LOAN,KTA Personal,2024-07-18,ACTIVE,0.00,,0.1459,434382.96,1
2025-08-01,ACC0000005841,CUST0002936,LOAN,KPR Rumah,2022-10-17,ACTIVE,0.00,,0.1073,2184156.18,1
2025-08-01,ACC0000006007,CUST0003019,CREDIT_CARD,Kartu Virtual,2021-11-23,ACTIVE,0.00,28412389.60,0.078,1571768.78,1
2025-08-01,ACC0000006066,CUST0003050,CREDIT_CARD,Kartu Virtual,2023-06-07,ACTIVE,0.00,25992040.59,0.0957,5121777.88,2
2025-08-01,ACC0000006639,CUST0003334,CREDIT_CARD,Kartu Virtual,2024-09-23,ACTIVE,0.00,24471126.53,0.0583,1305811.77,1
2025-08-01,ACC0000006707,CUST0003368,SAVINGS,Tabungan Rencana,2023-09-03,ACTIVE,17856592.34,,0.0567,3205533.23,1
2025-08-01,ACC0000006794,CUST0003410,SAVINGS,Tabungan Negara Plus,2022-08-20,ACTIVE,46623786.46,,0.1406,2241379.18,1
2025-08-01,ACC0000006921,CUST0003479,SAVINGS,Tabungan Rencana,2022-08-03,ACTIVE,37874152.26,,0.0887,4065174.82,2
2025-08-01,ACC0000007155,CUST0003602,INVESTMENT,SBN Retail,2022-05-17,ACTIVE,0.00,,0.0621,-2243136.24,1
2025-08-01,ACC0000007428,CUST0003733,CREDIT_CARD,Kartu Classic,2023-01-03,ACTIVE,0.00,16842442.71,0.0554,-3218665.75,4
2025-08-01,ACC0000007733,CUST0003888,SAVINGS,Tabungan Rencana,2021-07-26,ACTIVE,2299818.89,,0.0287,-2869844.87,1
2025-08-01,ACC0000007909,CUST0003977,LOAN,KPR Rumah,2023-12-26,ACTIVE,0.00,,0.0909,-5860744.16,4
2025-08-01,ACC0000000017,CUST0000009,INVESTMENT,SBN Retail,2024-10-01,ACTIVE,0.00,,0.0265,-2948052.38,3
2025-08-01,ACC0000000044,CUST0000023,SAVINGS,Tabungan Haji,2025-06-14,ACTIVE,23169018.38,,0.0884,1208530.86,2
2025-08-01,ACC0000000475,CUST0000240,LOAN,KTA Personal,2024-05-26,ACTIVE,0.00,,0.1232,-8596083.95,2
2025-08-01,ACC0000000993,CUST0000497,SAVINGS,Tabungan Berjangka,2023-03-13,ACTIVE,9251188.12,,0.0145,-7008471.78,5
2025-08-01,ACC0000001080,CUST0000540,CREDIT_CARD,Kartu Platinum,2022-08-06,ACTIVE,0.00,14556230.24,0.0735,0.00,0
2025-08-01,ACC0000001087,CUST0000544,LOAN,Kredit Usaha,2023-08-11,ACTIVE,0.00,,0.1483,2961628.10,1
2025-08-01,ACC0000001170,CUST0000587,CREDIT_CARD,Kartu Virtual,2021-07-16,ACTIVE,0.00,6569226.23,0.0338,1530149.32,1
2025-08-01,ACC0000001232,CUST0000620,CREDIT_CARD,Kartu Platinum,2021-09-14,DORMANT,0.00,6282085.34,0.1342,0.00,0
2025-08-01,ACC0000001355,CUST0000680,INVESTMENT,Obligasi,2024-11-28,ACTIVE,0.00,,0.0918,0.00,0
2025-08-01,ACC0000001493,CUST0000748,LOAN,KTA Personal,2023-12-20,SUSPENDED,0.00,,0.1325,0.00,0
2025-08-01,ACC0000001510,CUST0000756,INVESTMENT,Deposito,2024-07-05,ACTIVE,0.00,,0.0959,4147672.27,3
2025-08-01,ACC0000001629,CUST0000821,SAVINGS,Tabungan Rencana,2025-02-26,ACTIVE,12731879.86,,0.0682,1497326.75,1
2025-08-01,ACC0000001688,CUST0000851,INVESTMENT,SBN Retail,2021-07-03,ACTIVE,0.00,,0.1499,4133708.23,2
2025-08-01,ACC0000001925,CUST0000967,LOAN,KPR Rumah,2024-05-11,ACTIVE,0.00,,0.0221,-1525302.12,4
2025-08-01,ACC0000002091,CUST0001054,SAVINGS,Tabungan Rencana,2024-05-23,DORMANT,22979996.52,,0.0648,0.00,0
2025-08-01,ACC0000002282,CUST0001143,SAVINGS,Tabungan Haji,2025-05-22,CLOSED,36475513.38,,0.0301,0.00,0
2025-08-01,ACC0000002311,CUST0001157,INVESTMENT,SBN Retail,2024-01-03,ACTIVE,0.00,,0.0239,-1194900.78,1
2025-08-01,ACC0000003129,CUST0001577,CREDIT_CARD,Kartu Gold,2023-01-05,ACTIVE,0.00,14432731.20,0.0161,-423262.15,2
2025-08-01,ACC0000003175,CUST0001599,SAVINGS,Tabungan Berjangka,2024-09-05,ACTIVE,20425556.72,,0.0199,-11709217.49,3
2025-08-01,ACC0000003318,CUST0001668,SAVINGS,Tabungan Berjangka,2022-06-30,ACTIVE,11395916.21,,0.0899,2283481.92,1
2025-08-01,ACC0000003880,CUST0001956,CREDIT_CARD,Kartu Platinum,2024-10-18,ACTIVE,0.00,23661344.16,0.0457,7876827.62,3
2025-08-01,ACC0000004088,CUST0002061,INVESTMENT,Deposito,2024-06-19,ACTIVE,0.00,,0.1346,3878139.61,1
2025-08-01,ACC0000004880,CUST0002448,INVESTMENT,Reksa Dana,2024-03-08,ACTIVE,0.00,,0.0923,0.00,0
2025-08-01,ACC0000005052,CUST0002531,LOAN,KTA Personal,2023-10-29,ACTIVE,0.00,,0.0727,-2848301.53,1
2025-08-01,ACC0000005151,CUST0002586,SAVINGS,Tabungan Rencana,2022-04-11,ACTIVE,48375122.81,,0.0121,7033873.22,3
2025-08-01,ACC0000005231,CUST0002627,SAVINGS,Tabungan Berjangka,2022-11-17,ACTIVE,45623260.31,,0.0336,-5003130.07,3
2025-08-01,ACC0000005585,CUST0002802,SAVINGS,Tabungan Berjangka,2024-10-06,SUSPENDED,36361975.43,,0.1189,0.00,0
2025-08-01,ACC0000006152,CUST0003091,INVESTMENT,Obligasi,2021-07-19,ACTIVE,0.00,,0.0758,2971881.63,2
2025-08-01,ACC0000006230,CUST0003130,INVESTMENT,Reksa Dana,2024-06-29,ACTIVE,0.00,,0.0634,-5693511.94,4
2025-08-01,ACC0000006363,CUST0003197,SAVINGS,Tabungan Berjangka,2021-07-05,ACTIVE,10218763.16,,0.0572,140871.09,3
2025-08-01,ACC0000006432,CUST0003233,SAVINGS,Tabungan Rencana,2023-04-30,DORMANT,49922910.34,,0.1364,0.00,0
2025-08-01,ACC0000006504,CUST0003267,SAVINGS,Tabungan Haji,2023-12-14,ACTIVE,17361360.19,,0.0478,1263634.36,1
2025-08-01,ACC0000006539,CUST0003282,CREDIT_CARD,Kartu Virtual,2021-08-31,ACTIVE,0.00,48255228.23,0.0771,5906619.37,2
2025-08-01,ACC0000006607,CUST0003318,CREDIT_CARD,Kartu Platinum,2023-07-06,ACTIVE,0.00,26269982.36,0.1354,-5620849.60,2
2025-08-01,ACC0000006726,CUST0003378,CREDIT_CARD,Kartu Virtual,2024-12-17,DORMANT,0.00,13098538.45,0.0153,0.00,0
2025-08-01,ACC0000007698,CUST0003868,SAVINGS,Tabungan Negara Plus,2025-06-23,ACTIVE,4655323.82,,0.1321,4600947.86,1
2025-08-01,ACC0000000145,CUST0000073,SAVINGS,Tabungan Negara Plus,2023-05-24,DORMANT,41169294.56,,0.0634,0.00,0
2025-08-01,ACC0000000603,CUST0000302,LOAN,Kredit Kendaraan,2021-07-29,ACTIVE,0.00,,0.0104,-571687.21,1
2025-08-01,ACC0000000664,CUST0000328,SAVINGS,Tabungan Haji,2024-02-29,ACTIVE,33964926.70,,0.0889,-1823468.49,1
2025-08-01,ACC0000001162,CUST0000582,INVESTMENT,SBN Retail,2021-11-20,DORMANT,0.00,,0.0626,0.00,0
2025-08-01,ACC0000001168,CUST0000585,CREDIT_CARD,Kartu Platinum,2024-04-04,ACTIVE,0.00,30416854.06,0.0955,-1686727.57,3
2025-08-01,ACC0000001288,CUST0000649,INVESTMENT,Obligasi,2024-10-25,ACTIVE,0.00,,0.068,0.00,0
2025-08-01,ACC0000001591,CUST0000800,LOAN,KTA Personal,2023-05-23,SUSPENDED,0.00,,0.0791,0.00,0
2025-08-01,ACC0000001807,CUST0000907,INVESTMENT,SBN Retail,2023-10-24,ACTIVE,0.00,,0.1083,1275834.81,4
2025-08-01,ACC0000001835,CUST0000923,CREDIT_CARD,Kartu Platinum,2025-04-07,ACTIVE,0.00,5969238.16,0.0183,6308777.34,2
2025-08-01,ACC0000002047,CUST0001032,LOAN,KTA Personal,2021-09-18,SUSPENDED,0.00,,0.1137,0.00,0
2025-08-01,ACC0000002134,CUST0001072,CREDIT_CARD,Kartu Classic,2022-07-25,ACTIVE,0.00,42652396.40,0.1424,-2701382.43,1
2025-08-01,ACC0000002201,CUST0001104,CREDIT_CARD,Kartu Gold,2023-09-18,ACTIVE,0.00,37801258.44,0.14,4881575.32,3
2025-08-01,ACC0000002609,CUST0001312,LOAN,Kredit Kendaraan,2024-03-12,ACTIVE,0.00,,0.0986,-1050026.44,2
2025-08-01,ACC0000002624,CUST0001321,LOAN,KTA Personal,2022-01-18,ACTIVE,0.00,,0.0387,1877669.65,2
2025-08-01,ACC0000002700,CUST0001362,INVESTMENT,Obligasi,2024-12-06,ACTIVE,0.00,,0.0404,-178531.15,1
2025-08-01,ACC0000002787,CUST0001407,INVESTMENT,SBN Retail,2023-09-20,ACTIVE,0.00,,0.0162,0.00,0
2025-08-01,ACC0000002828,CUST0001427,SAVINGS,Tabungan Negara Plus,2022-07-11,DORMANT,45500770.12,,0.0984,0.00,0
2025-08-01,ACC0000002886,CUST0001459,CREDIT_CARD,Kartu Gold,2024-08-07,ACTIVE,0.00,14910285.93,0.0534,439682.72,2
2025-08-01,ACC0000003225,CUST0001627,SAVINGS,Tabungan Rencana,2024-12-17,ACTIVE,27212040.04,,0.1453,-4872217.49,1
2025-08-01,ACC0000003254,CUST0001641,CREDIT_CARD,Kartu Virtual,2022-06-12,ACTIVE,0.00,36776512.03,0.0931,0.00,0
2025-08-01,ACC0000003478,CUST0001747,INVESTMENT,SBN Retail,2023-12-14,ACTIVE,0.00,,0.0586,-7187853.54,2
2025-08-01,ACC0000003792,CUST0001912,CREDIT_CARD,Kartu Gold,2023-10-17,ACTIVE,0.00,22269391.50,0.1157,-2536067.18,2
2025-08-01,ACC0000003793,CUST0001912,LOAN,Kredit Usaha,2023-11-07,ACTIVE,0.00,,0.114,4845313.19,1
2025-08-01,ACC0000003854,CUST0001944,CREDIT_CARD,Kartu Gold,2024-12-17,DORMANT,0.00,22818196.64,0.0175,0.00,0
2025-08-01,ACC0000003997,CUST0002016,CREDIT_CARD,Kartu Platinum,2021-12-06,ACTIVE,0.00,32923511.76,0.1064,2620771.34,2
2025-08-01,ACC0000004104,CUST0002069,LOAN,Kredit Usaha,2022-11-26,ACTIVE,0.00,,0.1395,3719003.99,2
2025-08-01,ACC0000004185,CUST0002109,SAVINGS,Tabungan Berjangka,2022-08-12,ACTIVE,7427152.43,,0.12,0.00,0
2025-08-01,ACC0000004459,CUST0002238,CREDIT_CARD,Kartu Platinum,2021-12-30,DORMANT,0.00,12269293.31,0.1367,0.00,0
2025-08-01,ACC0000004791,CUST0002403,SAVINGS,Tabungan Rencana,2024-08-14,ACTIVE,47378539.74,,0.0396,-3850955.30,1
2025-08-01,ACC0000005540,CUST0002779,CREDIT_CARD,Kartu Virtual,2023-11-15,DORMANT,0.00,35767162.35,0.1213,0.00,0
2025-08-01,ACC0000006113,CUST0003071,LOAN,Kredit Usaha,2024-07-17,DORMANT,0.00,,0.1126,0.00,0
2025-08-01,ACC0000006906,CUST0003471,CREDIT_CARD,Kartu Classic,2021-03-11,ACTIVE,0.00,29103229.13,0.1459,3912334.35,1
2025-08-01,ACC0000007162,CUST0003604,LOAN,Kredit Usaha,2024-10-02,ACTIVE,0.00,,0.1117,-3254734.36,4
2025-08-01,ACC0000007417,CUST0003727,INVESTMENT,Reksa Dana,2023-02-25,ACTIVE,0.00,,0.0629,1629788.91,3
2025-08-01,ACC0000007421,CUST0003729,SAVINGS,Tabungan Berjangka,2022-07-07,ACTIVE,21860473.12,,0.1079,-3402418.53,3
2025-08-01,ACC0000007459,CUST0003748,INVESTMENT,Reksa Dana,2022-08-03,ACTIVE,0.00,,0.1052,0.00,0
2025-08-01,ACC0000007498,CUST0003766,CREDIT_CARD,Kartu Platinum,2025-02-26,CLOSED,0.00,38136253.19,0.1038,0.00,0
2025-08-01,ACC0000007538,CUST0003786,INVESTMENT,Deposito,2023-02-15,ACTIVE,0.00,,0.1209,6291431.73,4
2025-08-01,ACC0000007824,CUST0003931,SAVINGS,Tabungan Rencana,2025-04-17,ACTIVE,39413659.34,,0.1434,-3822887.40,2
2025-08-01,ACC0000000014,CUST0000007,SAVINGS,Tabungan Rencana,2022-12-09,DORMANT,36959099.64,,0.1446,0.00,0
2025-08-01,ACC0000000098,CUST0000051,SAVINGS,Tabungan Negara Plus,2023-08-22,CLOSED,17577563.08,,0.0267,0.00,0
2025-08-01,ACC0000000496,CUST0000250,LOAN,KTA Personal,2022-05-24,ACTIVE,0.00,,0.0694,-3224829.58,4
2025-08-01,ACC0000000616,CUST0000308,LOAN,Kredit Usaha,2023-01-10,CLOSED,0.00,,0.1321,0.00,0
2025-08-01,ACC0000000842,CUST0000419,SAVINGS,Tabungan Haji,2024-05-09,SUSPENDED,2636790.74,,0.1041,0.00,0
2025-08-01,ACC0000001058,CUST0000529,CREDIT_CARD,Kartu Classic,2022-10-15,ACTIVE,0.00,12482789.59,0.0974,0.00,0
2025-08-01,ACC0000001329,CUST0000668,CREDIT_CARD,Kartu Virtual,2024-08-28,ACTIVE,0.00,13165690.88,0.0742,606037.42,2
2025-08-01,ACC0000001352,CUST0000679,LOAN,Kredit Usaha,2021-06-21,ACTIVE,0.00,,0.0156,0.00,0
2025-08-01,ACC0000001420,CUST0000716,CREDIT_CARD,Kartu Platinum,2023-07-15,ACTIVE,0.00,12801256.27,0.1325,-2751180.83,1
2025-08-01,ACC0000001674,CUST0000844,INVESTMENT,Deposito,2024-12-23,ACTIVE,0.00,,0.1314,1953722.40,4
2025-08-01,ACC0000001704,CUST0000861,SAVINGS,Tabungan Berjangka,2023-09-13,ACTIVE,22503400.21,,0.1396,0.00,0
2025-08-01,ACC0000001731,CUST0000874,INVESTMENT,Deposito,2021-06-18,ACTIVE,0.00,,0.128,2901390.40,2
2025-08-01,ACC0000001787,CUST0000899,LOAN,KTA Personal,2023-10-27,ACTIVE,0.00,,0.1169,1105499.56,1
2025-08-01,ACC0000001906,CUST0000958,LOAN,KTA Personal,2023-08-30,ACTIVE,0.00,,0.1358,3711005.49,1
2025-08-01,ACC0000001979,CUST0000995,LOAN,KPR Rumah,2021-02-01,ACTIVE,0.00,,0.1223,736865.27,3
2025-08-01,ACC0000002144,CUST0001079,CREDIT_CARD,Kartu Classic,2021-10-16,ACTIVE,0.00,30837319.80,0.0817,-547752.98,6
2025-08-01,ACC0000002156,CUST0001086,INVESTMENT,Reksa Dana,2024-08-08,ACTIVE,0.00,,0.071,0.00,0
2025-08-01,ACC0000002285,CUST0001145,INVESTMENT,Deposito,2024-09-18,CLOSED,0.00,,0.1464,0.00,0
2025-08-01,ACC0000002434,CUST0001220,INVESTMENT,Reksa Dana,2023-05-03,CLOSED,0.00,,0.1045,0.00,0
2025-08-01,ACC0000002579,CUST0001294,SAVINGS,Tabungan Berjangka,2022-07-15,ACTIVE,34132879.87,,0.0311,552600.64,2
2025-08-01,ACC0000002816,CUST0001422,SAVINGS,Tabungan Negara Plus,2023-08-04,ACTIVE,49090333.96,,0.0241,-3697408.82,3
2025-08-01,ACC0000002990,CUST0001507,CREDIT_CARD,Kartu Platinum,2023-11-15,DORMANT,0.00,29520514.93,0.1376,0.00,0
2025-08-01,ACC0000003268,CUST0001647,LOAN,KTA Personal,2023-05-07,ACTIVE,0.00,,0.0392,-9153019.33,3
2025-08-01,ACC0000003505,CUST0001763,INVESTMENT,Deposito,2025-01-07,ACTIVE,0.00,,0.1296,0.00,0
2025-08-01,ACC0000003890,CUST0001960,INVESTMENT,Deposito,2022-08-04,CLOSED,0.00,,0.0609,0.00,0
2025-08-01,ACC0000004106,CUST0002070,LOAN,KPR Rumah,2022-10-18,ACTIVE,0.00,,0.0554,7584118.92,3
2025-08-01,ACC0000004164,CUST0002097,INVESTMENT,Reksa Dana,2021-11-28,ACTIVE,0.00,,0.0641,-1931314.93,1
2025-08-01,ACC0000004310,CUST0002167,SAVINGS,Tabungan Negara Plus,2022-03-26,ACTIVE,656783.03,,0.0847,0.00,0
2025-08-01,ACC0000004573,CUST0002295,INVESTMENT,SBN Retail,2023-06-28,ACTIVE,0.00,,0.1365,44105.71,1
2025-08-01,ACC0000004977,CUST0002496,LOAN,KPR Rumah,2022-12-19,DORMANT,0.00,,0.0972,0.00,0
2025-08-01,ACC0000004989,CUST0002501,CREDIT_CARD,Kartu Gold,2025-04-01,ACTIVE,0.00,13929139.57,0.0273,8323226.55,5
2025-08-01,ACC0000005009,CUST0002512,CREDIT_CARD,Kartu Gold,2023-05-05,ACTIVE,0.00,39330077.62,0.0609,-1218609.04,2
2025-08-01,ACC0000005568,CUST0002792,SAVINGS,Tabungan Rencana,2021-10-22,ACTIVE,32419653.86,,0.1353,-5540277.53,3
2025-08-01,ACC0000005880,CUST0002957,INVESTMENT,Deposito,2024-12-20,ACTIVE,0.00,,0.0995,-3497936.44,1
2025-08-01,ACC0000006160,CUST0003095,LOAN,Kredit Kendaraan,2023-04-05,DORMANT,0.00,,0.1124,0.00,0
2025-08-01,ACC0000006237,CUST0003133,SAVINGS,Tabungan Haji,2023-12-01,ACTIVE,9692320.09,,0.0274,4363057.66,5
2025-08-01,ACC0000006290,CUST0003159,INVESTMENT,Deposito,2024-03-07,DORMANT,0.00,,0.1448,0.00,0
2025-08-01,ACC0000006318,CUST0003172,LOAN,KPR Rumah,2023-12-19,CLOSED,0.00,,0.0108,0.00,0
2025-08-01,ACC0000006444,CUST0003238,CREDIT_CARD,Kartu Gold,2024-08-02,ACTIVE,0.00,24617502.31,0.0144,-919331.46,2
2025-08-01,ACC0000006833,CUST0003432,INVESTMENT,Obligasi,2023-11-17,ACTIVE,0.00,,0.0245,-5467914.98,6
2025-08-01,ACC0000007203,CUST0003624,CREDIT_CARD,Kartu Gold,2024-08-11,ACTIVE,0.00,32584604.47,0.089,0.00,0
2025-08-01,ACC0000007346,CUST0003691,CREDIT_CARD,Kartu Classic,2021-11-02,ACTIVE,0.00,19061750.68,0.1379,-4068892.93,1
2025-08-01,ACC0000007594,CUST0003814,INVESTMENT,SBN Retail,2024-10-20,ACTIVE,0.00,,0.095,4455761.76,1
2025-08-01,ACC0000000201,CUST0000100,INVESTMENT,SBN Retail,2022-11-23,ACTIVE,0.00,,0.0462,5313020.77,3
2025-08-01,ACC0000000619,CUST0000309,SAVINGS,Tabungan Negara Plus,2021-10-24,ACTIVE,16496926.33,,0.0836,0.00,0
2025-08-01,ACC0000000686,CUST0000340,CREDIT_CARD,Kartu Virtual,2022-01-24,ACTIVE,0.00,46368033.39,0.0167,-3791610.29,2
2025-08-01,ACC0000000754,CUST0000375,SAVINGS,Tabungan Haji,2021-11-18,SUSPENDED,31729052.16,,0.0993,0.00,0
2025-08-01,ACC0000001010,CUST0000505,CREDIT_CARD,Kartu Gold,2021-07-20,DORMANT,0.00,22061818.05,0.1219,0.00,0
2025-08-01,ACC0000001069,CUST0000534,SAVINGS,Tabungan Rencana,2023-10-05,ACTIVE,43012668.11,,0.1205,327220.09,1
2025-08-01,ACC0000001131,CUST0000566,LOAN,Kredit Usaha,2022-04-10,ACTIVE,0.00,,0.063,0.00,0
2025-08-01,ACC0000001383,CUST0000695,SAVINGS,Tabungan Haji,2021-06-29,ACTIVE,25492862.03,,0.0397,0.00,0
2025-08-01,ACC0000001526,CUST0000764,LOAN,KTA Personal,2025-03-13,ACTIVE,0.00,,0.128,-2297157.88,1
2025-08-01,ACC0000001533,CUST0000768,CREDIT_CARD,Kartu Platinum,2024-12-07,ACTIVE,0.00,19818193.60,0.1013,-4856006.78,1
2025-08-01,ACC0000001541,CUST0000774,INVESTMENT,Deposito,2021-04-30,ACTIVE,0.00,,0.0582,164178.13,1
2025-08-01,ACC0000001784,CUST0000898,SAVINGS,Tabungan Berjangka,2022-11-27,ACTIVE,2523057.88,,0.0936,0.00,0
2025-08-01,ACC0000002430,CUST0001219,CREDIT_CARD,Kartu Classic,2022-01-15,DORMANT,0.00,18989091.88,0.0914,0.00,0
2025-08-01,ACC0000002936,CUST0001481,SAVINGS,Tabungan Berjangka,2025-03-03,SUSPENDED,6480422.94,,0.1394,0.00,0
2025-08-01,ACC0000002988,CUST0001506,SAVINGS,Tabungan Rencana,2025-05-21,ACTIVE,46723313.95,,0.0268,-1665630.94,1
2025-08-01,ACC0000003177,CUST0001599,LOAN,Kredit Usaha,2025-01-30,ACTIVE,0.00,,0.1227,508458.12,2
2025-08-01,ACC0000003183,CUST0001602,CREDIT_CARD,Kartu Virtual,2023-08-14,ACTIVE,0.00,30527431.94,0.0798,0.00,0
2025-08-01,ACC0000003407,CUST0001713,SAVINGS,Tabungan Negara Plus,2022-08-12,CLOSED,3728237.47,,0.147,0.00,0
2025-08-01,ACC0000003524,CUST0001772,INVESTMENT,SBN Retail,2021-08-23,ACTIVE,0.00,,0.0939,1923663.45,2
2025-08-01,ACC0000004289,CUST0002157,LOAN,Kredit Usaha,2023-07-11,ACTIVE,0.00,,0.1151,-3963814.19,2
2025-08-01,ACC0000004308,CUST0002166,SAVINGS,Tabungan Haji,2024-12-14,ACTIVE,9125975.24,,0.1227,-4611315.06,2
2025-08-01,ACC0000004728,CUST0002372,CREDIT_CARD,Kartu Platinum,2023-03-31,CLOSED,0.00,7996958.46,0.1105,0.00,0
2025-08-01,ACC0000004959,CUST0002488,LOAN,Kredit Usaha,2025-02-06,ACTIVE,0.00,,0.1216,-6814415.61,2
2025-08-01,ACC0000005103,CUST0002561,SAVINGS,Tabungan Rencana,2024-11-04,ACTIVE,7782546.48,,0.1424,-885429.04,3
2025-08-01,ACC0000005160,CUST0002589,INVESTMENT,Obligasi,2024-03-19,ACTIVE,0.00,,0.1123,-1516606.14,2
2025-08-01,ACC0000005273,CUST0002649,CREDIT_CARD,Kartu Platinum,2022-10-23,ACTIVE,0.00,35416092.43,0.0815,-4191370.60,3
2025-08-01,ACC0000005403,CUST0002712,LOAN,Kredit Kendaraan,2025-02-03,ACTIVE,0.00,,0.1137,3340439.23,2
2025-08-01,ACC0000005820,CUST0002924,SAVINGS,Tabungan Negara Plus,2023-05-24,ACTIVE,15127798.67,,0.1488,401695.11,3
2025-08-01,ACC0000006028,CUST0003030,LOAN,KTA Personal,2021-07-24,CLOSED,0.00,,0.1135,0.00,0
2025-08-01,ACC0000006090,CUST0003061,INVESTMENT,Reksa Dana,2023-09-15,ACTIVE,0.00,,0.0947,3373790.98,3
2025-08-01,ACC0000006900,CUST0003468,SAVINGS,Tabungan Rencana,2023-12-11,DORMANT,26346601.68,,0.0295,0.00,0
2025-08-01,ACC0000007309,CUST0003673,CREDIT_CARD,Kartu Virtual,2022-09-30,ACTIVE,0.00,43001627.99,0.1435,0.00,0
2025-08-01,ACC0000007381,CUST0003711,INVESTMENT,SBN Retail,2022-01-06,ACTIVE,0.00,,0.0354,-465950.11,2
2025-08-01,ACC0000007766,CUST0003903,INVESTMENT,SBN Retail,2024-10-13,DORMANT,0.00,,0.1454,0.00,0
2025-08-01,ACC0000007929,CUST0003984,SAVINGS,Tabungan Haji,2023-10-07,ACTIVE,17992414.98,,0.0655,0.00,0
2025-08-01,ACC0000000266,CUST0000132,CREDIT_CARD,Kartu Gold,2022-05-26,ACTIVE,0.00,47318172.25,0.1322,1265327.28,2
2025-08-01,ACC0000000644,CUST0000321,CREDIT_CARD,Kartu Virtual,2022-09-08,ACTIVE,0.00,9155162.19,0.0983,-4831682.70,1
2025-08-01,ACC0000000936,CUST0000466,CREDIT_CARD,Kartu Virtual,2024-05-11,ACTIVE,0.00,42154822.66,0.0936,0.00,0
2025-08-01,ACC0000000946,CUST0000473,SAVINGS,Tabungan Haji,2024-08-11,CLOSED,349159.08,,0.1168,0.00,0
2025-08-01,ACC0000001225,CUST0000616,LOAN,Kredit Kendaraan,2023-10-20,ACTIVE,0.00,,0.0267,2189568.36,2
2025-08-01,ACC0000002030,CUST0001023,SAVINGS,Tabungan Haji,2021-10-28,SUSPENDED,30453154.14,,0.1458,0.00,0
2025-08-01,ACC0000002325,CUST0001164,CREDIT_CARD,Kartu Gold,2021-05-25,ACTIVE,0.00,22019697.02,0.1142,1354391.64,4
2025-08-01,ACC0000002589,CUST0001301,SAVINGS,Tabungan Haji,2024-07-03,ACTIVE,32584696.80,,0.0766,-2953278.11,2
2025-08-01,ACC0000002906,CUST0001468,CREDIT_CARD,Kartu Gold,2023-06-12,ACTIVE,0.00,42074727.93,0.0821,0.00,0
2025-08-01,ACC0000002915,CUST0001473,LOAN,Kredit Kendaraan,2022-09-27,DORMANT,0.00,,0.0317,0.00,0
2025-08-01,ACC0000003022,CUST0001523,CREDIT_CARD,Kartu Platinum,2024-10-19,ACTIVE,0.00,38898431.78,0.1107,-4475123.92,1
2025-08-01,ACC0000003075,CUST0001548,SAVINGS,Tabungan Haji,2021-06-25,CLOSED,28160531.16,,0.1282,0.00,0
2025-08-01,ACC0000003090,CUST0001555,INVESTMENT,SBN Retail,2022-06-18,ACTIVE,0.00,,0.1499,1314053.87,1
2025-08-01,ACC0000003174,CUST0001598,INVESTMENT,Deposito,2023-03-21,ACTIVE,0.00,,0.1228,-2590104.53,1
2025-08-01,ACC0000003209,CUST0001618,INVESTMENT,Deposito,2022-09-19,CLOSED,0.00,,0.142,0.00,0
2025-08-01,ACC0000003533,CUST0001776,LOAN,Kredit Kendaraan,2023-11-15,ACTIVE,0.00,,0.0839,-1146924.97,4
2025-08-01,ACC0000004268,CUST0002146,SAVINGS,Tabungan Haji,2023-07-29,ACTIVE,2518350.43,,0.1034,10223540.06,5
2025-08-01,ACC0000004640,CUST0002329,SAVINGS,Tabungan Haji,2024-06-22,ACTIVE,12331070.41,,0.0331,2956219.41,1
2025-08-01,ACC0000004928,CUST0002473,LOAN,Kredit Usaha,2022-05-08,ACTIVE,0.00,,0.0381,8244849.91,2
2025-08-01,ACC0000005066,CUST0002541,INVESTMENT,Deposito,2023-02-16,ACTIVE,0.00,,0.0524,2547374.55,1
2025-08-01,ACC0000005193,CUST0002605,INVESTMENT,Obligasi,2023-12-28,DORMANT,0.00,,0.1017,0.00,0
2025-08-01,ACC0000005472,CUST0002745,SAVINGS,Tabungan Haji,2023-12-18,ACTIVE,17673274.78,,0.0381,0.00,0
2025-08-01,ACC0000005555,CUST0002785,INVESTMENT,Reksa Dana,2024-08-01,ACTIVE,0.00,,0.1112,-700336.26,1
2025-08-01,ACC0000005576,CUST0002797,CREDIT_CARD,Kartu Platinum,2023-09-06,CLOSED,0.00,14817319.37,0.0499,0.00,0
2025-08-01,ACC0000005785,CUST0002907,INVESTMENT,Deposito,2024-10-12,ACTIVE,0.00,,0.1001,8701108.54,2
2025-08-01,ACC0000005914,CUST0002973,LOAN,KTA Personal,2023-05-03,ACTIVE,0.00,,0.1095,-3366489.28,1
2025-08-01,ACC0000006133,CUST0003083,LOAN,Kredit Kendaraan,2022-12-02,ACTIVE,0.00,,0.08,2937011.25,3
2025-08-01,ACC0000006176,CUST0003103,INVESTMENT,Reksa Dana,2023-06-25,ACTIVE,0.00,,0.0987,-1619027.89,2
2025-08-01,ACC0000006205,CUST0003119,INVESTMENT,Deposito,2023-11-03,ACTIVE,0.00,,0.1425,0.00,0
2025-08-01,ACC0000006314,CUST0003169,INVESTMENT,SBN Retail,2023-04-20,CLOSED,0.00,,0.0103,0.00,0
2025-08-01,ACC0000006903,CUST0003469,SAVINGS,Tabungan Negara Plus,2021-04-26,ACTIVE,16186030.59,,0.1288,-3998632.16,1
2025-08-01,ACC0000006961,CUST0003501,LOAN,Kredit Kendaraan,2024-08-07,ACTIVE,0.00,,0.0209,-4147847.88,1
2025-08-01,ACC0000007215,CUST0003631,INVESTMENT,Obligasi,2024-07-17,DORMANT,0.00,,0.0573,0.00,0
2025-08-01,ACC0000007352,CUST0003694,SAVINGS,Tabungan Berjangka,2025-05-25,ACTIVE,24041130.87,,0.0283,-8124056.75,3
2025-08-01,ACC0000007787,CUST0003916,INVESTMENT,Reksa Dana,2022-05-26,ACTIVE,0.00,,0.0253,0.00,0
2025-08-01,ACC0000007877,CUST0003960,SAVINGS,Tabungan Berjangka,2022-09-23,DORMANT,10103922.85,,0.0987,0.00,0
2025-08-01,ACC0000000018,CUST0000009,SAVINGS,Tabungan Negara Plus,2024-12-25,ACTIVE,35694227.54,,0.0876,2155809.25,1
2025-08-01,ACC0000000575,CUST0000291,CREDIT_CARD,Kartu Gold,2023-12-03,ACTIVE,0.00,5826841.53,0.0501,-4428701.10,1
2025-08-01,ACC0000000658,CUST0000326,LOAN,Kredit Kendaraan,2025-05-27,ACTIVE,0.00,,0.1341,-620062.27,1
2025-08-01,ACC0000001047,CUST0000523,CREDIT_CARD,Kartu Virtual,2025-06-09,ACTIVE,0.00,6382440.26,0.091,-1047673.57,1
2025-08-01,ACC0000001091,CUST0000547,INVESTMENT,Reksa Dana,2021-03-16,ACTIVE,0.00,,0.076,0.00,0
2025-08-01,ACC0000001165,CUST0000584,CREDIT_CARD,Kartu Classic,2024-07-27,ACTIVE,0.00,24437247.96,0.1104,1488329.68,2
2025-08-01,ACC0000001296,CUST0000654,SAVINGS,Tabungan Rencana,2021-08-28,ACTIVE,29896522.42,,0.0367,0.00,0
2025-08-01,ACC0000001521,CUST0000762,LOAN,Kredit Kendaraan,2021-04-27,ACTIVE,0.00,,0.1441,6152347.00,2
2025-08-01,ACC0000001843,CUST0000927,LOAN,KPR Rumah,2022-06-06,ACTIVE,0.00,,0.1195,2620673.26,2
2025-08-01,ACC0000001963,CUST0000987,CREDIT_CARD,Kartu Virtual,2024-01-12,ACTIVE,0.00,49357605.54,0.0893,4960226.44,3
2025-08-01,ACC0000001990,CUST0001000,CREDIT_CARD,Kartu Classic,2024-08-10,SUSPENDED,0.00,33646300.67,0.092,0.00,0
2025-08-01,ACC0000002021,CUST0001017,SAVINGS,Tabungan Negara Plus,2024-05-09,CLOSED,26963290.13,,0.0134,0.00,0
2025-08-01,ACC0000002348,CUST0001176,INVESTMENT,Deposito,2025-03-30,ACTIVE,0.00,,0.043,-2765884.40,1
2025-08-01,ACC0000002531,CUST0001272,SAVINGS,Tabungan Negara Plus,2024-11-22,ACTIVE,38210496.71,,0.1311,0.00,0
2025-08-01,ACC0000002570,CUST0001290,LOAN,Kredit Usaha,2022-03-28,CLOSED,0.00,,0.0797,0.00,0
2025-08-01,ACC0000002728,CUST0001378,SAVINGS,Tabungan Haji,2025-05-09,CLOSED,41384097.40,,0.0296,0.00,0
2025-08-01,ACC0000002976,CUST0001499,CREDIT_CARD,Kartu Platinum,2021-07-30,ACTIVE,0.00,23560361.50,0.0218,0.00,0
2025-08-01,ACC0000003221,CUST0001625,INVESTMENT,SBN Retail,2024-02-05,ACTIVE,0.00,,0.087,0.00,0
2025-08-01,ACC0000003255,CUST0001641,LOAN,Kredit Usaha,2022-05-03,ACTIVE,0.00,,0.1062,0.00,0
2025-08-01,ACC0000003362,CUST0001692,LOAN,Kredit Kendaraan,2022-12-10,DORMANT,0.00,,0.0405,0.00,0
2025-08-01,ACC0000003371,CUST0001695,INVESTMENT,Reksa Dana,2022-02-23,ACTIVE,0.00,,0.0488,76835.66,1
2025-08-01,ACC0000003665,CUST0001849,CREDIT_CARD,Kartu Virtual,2023-10-01,ACTIVE,0.00,44376184.35,0.113,-4358418.79,1
2025-08-01,ACC0000004245,CUST0002136,LOAN,KPR Rumah,2021-11-13,CLOSED,0.00,,0.0585,0.00,0
2025-08-01,ACC0000004489,CUST0002254,LOAN,Kredit Usaha,2024-09-26,DORMANT,0.00,,0.0277,0.00,0
2025-08-01,ACC0000004611,CUST0002314,INVESTMENT,SBN Retail,2024-05-24,CLOSED,0.00,,0.0621,0.00,0
2025-08-01,ACC0000004737,CUST0002376,LOAN,Kredit Kendaraan,2023-03-10,ACTIVE,0.00,,0.041,-569714.61,4
2025-08-01,ACC0000005044,CUST0002528,LOAN,KPR Rumah,2023-07-25,ACTIVE,0.00,,0.1305,0.00,0
2025-08-01,ACC0000005082,CUST0002550,INVESTMENT,Deposito,2022-09-09,ACTIVE,0.00,,0.0657,7438566.29,2
2025-08-01,ACC0000005252,CUST0002638,CREDIT_CARD,Kartu Gold,2021-06-04,CLOSED,0.00,16610279.47,0.1472,0.00,0
2025-08-01,ACC0000005274,CUST0002650,SAVINGS,Tabungan Negara Plus,2024-03-24,SUSPENDED,32640023.27,,0.0113,0.00,0
2025-08-01,ACC0000005283,CUST0002653,INVESTMENT,Obligasi,2023-08-03,ACTIVE,0.00,,0.1274,-5721538.26,6
2025-08-01,ACC0000005406,CUST0002713,INVESTMENT,SBN Retail,2022-10-21,ACTIVE,0.00,,0.1146,6458457.49,3
2025-08-01,ACC0000005433,CUST0002726,CREDIT_CARD,Kartu Platinum,2023-01-11,ACTIVE,0.00,30178569.83,0.0435,3516248.45,1
2025-08-01,ACC0000005607,CUST0002816,LOAN,Kredit Kendaraan,2021-10-28,ACTIVE,0.00,,0.0104,2114448.31,2
2025-08-01,ACC0000005644,CUST0002833,SAVINGS,Tabungan Berjangka,2022-02-21,ACTIVE,35975937.35,,0.0529,3055857.17,1
2025-08-01,ACC0000005684,CUST0002850,CREDIT_CARD,Kartu Gold,2024-04-27,ACTIVE,0.00,34660520.95,0.0186,0.00,0
2025-08-01,ACC0000005779,CUST0002903,SAVINGS,Tabungan Negara Plus,2022-03-10,ACTIVE,46673397.41,,0.0418,-1592174.75,2
2025-08-01,ACC0000006309,CUST0003166,INVESTMENT,Obligasi,2023-09-24,ACTIVE,0.00,,0.04,-1299138.15,2
2025-08-01,ACC0000006585,CUST0003308,LOAN,KTA Personal,2021-08-01,ACTIVE,0.00,,0.1338,2642354.51,4
2025-08-01,ACC0000006702,CUST0003366,INVESTMENT,Deposito,2021-09-04,ACTIVE,0.00,,0.0221,0.00,0
2025-08-01,ACC0000006736,CUST0003384,SAVINGS,Tabungan Rencana,2025-05-05,ACTIVE,43445429.48,,0.0619,0.00,0
2025-08-01,ACC0000006860,CUST0003445,LOAN,Kredit Kendaraan,2025-03-22,SUSPENDED,0.00,,0.1245,0.00,0
2025-08-01,ACC0000006958,CUST0003500,CREDIT_CARD,Kartu Gold,2021-11-11,ACTIVE,0.00,15278629.98,0.1174,-5679256.68,2
2025-08-01,ACC0000007211,CUST0003628,INVESTMENT,Obligasi,2022-12-12,ACTIVE,0.00,,0.1185,-440671.78,2
2025-08-01,ACC0000007231,CUST0003640,INVESTMENT,Deposito,2023-05-27,ACTIVE,0.00,,0.1481,-4541885.29,2
2025-08-01,ACC0000007319,CUST0003678,LOAN,KTA Personal,2023-03-29,ACTIVE,0.00,,0.1299,5861292.67,3
2025-08-01,ACC0000007324,CUST0003681,INVESTMENT,Reksa Dana,2024-11-21,DORMANT,0.00,,0.0795,0.00,0
2025-08-01,ACC0000007650,CUST0003844,CREDIT_CARD,Kartu Gold,2023-09-05,ACTIVE,0.00,44561360.31,0.1281,-3436604.60,3
2025-08-01,ACC0000007827,CUST0003932,INVESTMENT,SBN Retail,2022-01-08,ACTIVE,0.00,,0.0832,468484.21,2
2025-08-01,ACC0000000050,CUST0000027,SAVINGS,Tabungan Berjangka,2021-06-26,DORMANT,30894435.96,,0.0703,0.00,0
2025-08-01,ACC0000000208,CUST0000105,CREDIT_CARD,Kartu Classic,2021-09-30,ACTIVE,0.00,36112411.44,0.0833,-10702206.41,4
2025-08-01,ACC0000000944,CUST0000471,INVESTMENT,Deposito,2021-11-30,DORMANT,0.00,,0.1127,0.00,0
2025-08-01,ACC0000001320,CUST0000664,INVESTMENT,Deposito,2024-11-03,ACTIVE,0.00,,0.0966,2795097.89,3
2025-08-01,ACC0000001369,CUST0000686,INVESTMENT,Reksa Dana,2024-05-20,ACTIVE,0.00,,0.0637,-3133911.53,1
2025-08-01,ACC0000001524,CUST0000763,SAVINGS,Tabungan Haji,2023-08-04,ACTIVE,19901684.28,,0.0653,0.00,0
2025-08-01,ACC0000001919,CUST0000964,LOAN,Kredit Kendaraan,2023-12-23,DORMANT,0.00,,0.019,0.00,0
2025-08-01,ACC0000002040,CUST0001027,LOAN,KPR Rumah,2021-05-04,ACTIVE,0.00,,0.0906,-2992223.16,2
2025-08-01,ACC0000002167,CUST0001090,CREDIT_CARD,Kartu Virtual,2024-11-11,ACTIVE,0.00,9186507.49,0.1265,4223288.48,1
2025-08-01,ACC0000002170,CUST0001091,SAVINGS,Tabungan Negara Plus,2024-05-30,ACTIVE,13660109.36,,0.1455,-4262518.67,1
2025-08-01,ACC0000002216,CUST0001111,CREDIT_CARD,Kartu Gold,2023-03-09,ACTIVE,0.00,39626976.83,0.1042,1181930.94,1
2025-08-01,ACC0000002255,CUST0001131,CREDIT_CARD,Kartu Platinum,2022-07-13,ACTIVE,0.00,33703017.37,0.0688,-939476.07,3
2025-08-01,ACC0000002469,CUST0001240,CREDIT_CARD,Kartu Classic,2023-03-29,ACTIVE,0.00,41926463.70,0.0648,-2887654.75,3
2025-08-01,ACC0000003162,CUST0001593,SAVINGS,Tabungan Negara Plus,2023-06-01,ACTIVE,40866421.61,,0.137,3905832.59,1
2025-08-01,ACC0000003238,CUST0001634,INVESTMENT,SBN Retail,2022-12-25,ACTIVE,0.00,,0.0997,2557220.74,1
2025-08-01,ACC0000003251,CUST0001639,CREDIT_CARD,Kartu Platinum,2024-01-19,ACTIVE,0.00,32040984.43,0.0628,4158782.70,4
2025-08-01,ACC0000003348,CUST0001684,SAVINGS,Tabungan Negara Plus,2022-01-15,DORMANT,42523386.51,,0.1167,0.00,0
2025-08-01,ACC0000003642,CUST0001838,LOAN,Kredit Usaha,2021-04-21,CLOSED,0.00,,0.132,0.00,0
2025-08-01,ACC0000004007,CUST0002022,LOAN,Kredit Usaha,2024-07-09,ACTIVE,0.00,,0.0492,2241076.24,2
2025-08-01,ACC0000004156,CUST0002091,CREDIT_CARD,Kartu Classic,2022-11-10,ACTIVE,0.00,14911005.41,0.0805,0.00,0
2025-08-01,ACC0000004221,CUST0002125,LOAN,Kredit Usaha,2023-09-16,DORMANT,0.00,,0.1406,0.00,0
2025-08-01,ACC0000004523,CUST0002273,INVESTMENT,Deposito,2023-07-11,ACTIVE,0.00,,0.0126,2946146.44,1
2025-08-01,ACC0000004612,CUST0002314,CREDIT_CARD,Kartu Gold,2024-04-12,ACTIVE,0.00,13033364.63,0.1461,1358010.63,3
2025-08-01,ACC0000004940,CUST0002478,SAVINGS,Tabungan Berjangka,2024-04-26,ACTIVE,49616062.33,,0.1339,-2569281.20,2
2025-08-01,ACC0000005229,CUST0002625,SAVINGS,Tabungan Berjangka,2022-09-22,ACTIVE,43434274.31,,0.1307,-1673983.15,2
2025-08-01,ACC0000005306,CUST0002664,LOAN,Kredit Usaha,2021-10-28,ACTIVE,0.00,,0.1155,-5041962.30,3
2025-08-01,ACC0000005925,CUST0002978,SAVINGS,Tabungan Negara Plus,2024-11-27,DORMANT,4782693.27,,0.0164,0.00,0
2025-08-01,ACC0000005941,CUST0002985,SAVINGS,Tabungan Rencana,2023-07-14,ACTIVE,25537076.81,,0.123,609579.05,5
2025-08-01,ACC0000005977,CUST0003003,CREDIT_CARD,Kartu Platinum,2024-07-07,ACTIVE,0.00,6492612.71,0.0834,3746690.19,2
2025-08-01,ACC0000006204,CUST0003118,LOAN,KPR Rumah,2024-04-27,ACTIVE,0.00,,0.1358,-1276212.78,2
2025-08-01,ACC0000006295,CUST0003161,LOAN,Kredit Usaha,2022-07-28,DORMANT,0.00,,0.0401,0.00,0
2025-08-01,ACC0000006415,CUST0003224,INVESTMENT,Reksa Dana,2023-07-24,ACTIVE,0.00,,0.1158,-3325172.09,1
2025-08-01,ACC0000006471,CUST0003251,CREDIT_CARD,Kartu Virtual,2021-08-23,ACTIVE,0.00,16764817.50,0.0386,-5173221.43,2
2025-08-01,ACC0000006561,CUST0003294,INVESTMENT,Reksa Dana,2024-09-30,SUSPENDED,0.00,,0.0328,0.00,0
2025-08-01,ACC0000006619,CUST0003324,INVESTMENT,Obligasi,2024-10-22,ACTIVE,0.00,,0.0545,-517502.45,2
2025-08-01,ACC0000006749,CUST0003391,LOAN,Kredit Usaha,2023-06-11,ACTIVE,0.00,,0.0187,0.00,0
2025-08-01,ACC0000007196,CUST0003620,INVESTMENT,Deposito,2024-07-20,CLOSED,0.00,,0.1183,0.00,0
2025-08-01,ACC0000007298,CUST0003670,INVESTMENT,SBN Retail,2022-11-29,ACTIVE,0.00,,0.0176,4656629.84,1
2025-08-01,ACC0000007340,CUST0003689,SAVINGS,Tabungan Rencana,2025-02-28,ACTIVE,49288533.17,,0.067,-13513668.29,6
2025-08-01,ACC0000007351,CUST0003694,INVESTMENT,Obligasi,2025-03-20,ACTIVE,0.00,,0.1127,-117382.09,3
2025-08-01,ACC0000007376,CUST0003709,INVESTMENT,SBN Retail,2023-04-28,DORMANT,0.00,,0.1473,0.00,0
2025-08-01,ACC0000007534,CUST0003784,INVESTMENT,Deposito,2021-09-06,ACTIVE,0.00,,0.034,0.00,0
2025-08-01,ACC0000007671,CUST0003854,INVESTMENT,Deposito,2025-03-14,ACTIVE,0.00,,0.0386,78801.10,2
2025-08-01,ACC0000007687,CUST0003862,LOAN,KPR Rumah,2021-10-31,ACTIVE,0.00,,0.0578,2277781.94,2
2025-08-01,ACC0000007764,CUST0003902,LOAN,Kredit Kendaraan,2023-03-17,ACTIVE,0.00,,0.1035,0.00,0
2025-08-01,ACC0000007786,CUST0003915,SAVINGS,Tabungan Rencana,2022-04-26,ACTIVE,31324573.44,,0.0184,0.00,0
2025-08-01,ACC0000000045,CUST0000024,SAVINGS,Tabungan Haji,2024-04-01,ACTIVE,17897593.79,,0.1483,3787883.29,2
2025-08-01,ACC0000000954,CUST0000477,LOAN,KPR Rumah,2024-05-28,ACTIVE,0.00,,0.1277,-4457211.97,1
2025-08-01,ACC0000001672,CUST0000843,CREDIT_CARD,Kartu Platinum,2023-12-11,ACTIVE,0.00,14191691.41,0.0839,8092004.16,3
2025-08-01,ACC0000001683,CUST0000848,LOAN,Kredit Kendaraan,2022-10-10,ACTIVE,0.00,,0.1257,2453594.67,3
2025-08-01,ACC0000002036,CUST0001026,LOAN,Kredit Kendaraan,2024-02-14,ACTIVE,0.00,,0.0423,2252627.21,1
2025-08-01,ACC0000002202,CUST0001105,LOAN,KTA Personal,2021-10-13,ACTIVE,0.00,,0.0217,3728969.76,1
2025-08-01,ACC0000002221,CUST0001113,INVESTMENT,Reksa Dana,2024-01-13,CLOSED,0.00,,0.1473,0.00,0
2025-08-01,ACC0000002318,CUST0001160,LOAN,KPR Rumah,2021-03-14,ACTIVE,0.00,,0.0986,-4420452.89,1
2025-08-01,ACC0000002326,CUST0001165,INVESTMENT,SBN Retail,2025-04-07,DORMANT,0.00,,0.1227,0.00,0
2025-08-01,ACC0000002506,CUST0001258,CREDIT_CARD,Kartu Virtual,2024-04-03,ACTIVE,0.00,45980150.10,0.0515,-614586.21,1
2025-08-01,ACC0000002830,CUST0001428,LOAN,Kredit Usaha,2025-04-09,ACTIVE,0.00,,0.0125,1547817.71,1
2025-08-01,ACC0000002895,CUST0001462,LOAN,KPR Rumah,2022-06-17,ACTIVE,0.00,,0.1012,310316.36,2
2025-08-01,ACC0000002946,CUST0001485,INVESTMENT,Reksa Dana,2024-12-31,ACTIVE,0.00,,0.1282,1487902.91,3
2025-08-01,ACC0000002980,CUST0001501,SAVINGS,Tabungan Haji,2023-12-24,ACTIVE,46944488.10,,0.1139,0.00,0
2025-08-01,ACC0000003179,CUST0001600,SAVINGS,Tabungan Rencana,2023-09-10,DORMANT,48683410.09,,0.1341,0.00,0
2025-08-01,ACC0000003294,CUST0001659,LOAN,Kredit Kendaraan,2022-05-25,ACTIVE,0.00,,0.1476,0.00,0
2025-08-01,ACC0000003384,CUST0001702,CREDIT_CARD,Kartu Classic,2025-02-08,ACTIVE,0.00,26965649.59,0.1214,7327674.88,3
2025-08-01,ACC0000003528,CUST0001774,SAVINGS,Tabungan Negara Plus,2023-04-24,DORMANT,875038.09,,0.1397,0.00,0
2025-08-01,ACC0000004168,CUST0002099,SAVINGS,Tabungan Negara Plus,2024-04-16,ACTIVE,14523424.93,,0.0225,4741782.63,1
2025-08-01,ACC0000004208,CUST0002120,INVESTMENT,Obligasi,2022-11-13,SUSPENDED,0.00,,0.0328,0.00,0
2025-08-01,ACC0000004260,CUST0002143,SAVINGS,Tabungan Haji,2024-04-30,ACTIVE,16100856.53,,0.0785,-795531.81,2
2025-08-01,ACC0000004271,CUST0002148,SAVINGS,Tabungan Negara Plus,2022-10-10,CLOSED,37088457.48,,0.0406,0.00,0
2025-08-01,ACC0000004322,CUST0002173,LOAN,KTA Personal,2025-04-22,ACTIVE,0.00,,0.0565,-995945.51,1
2025-08-01,ACC0000004369,CUST0002198,CREDIT_CARD,Kartu Classic,2023-03-30,DORMANT,0.00,20459790.24,0.1455,0.00,0
2025-08-01,ACC0000004497,CUST0002259,SAVINGS,Tabungan Berjangka,2022-10-22,ACTIVE,19245571.57,,0.0362,0.00,0
2025-08-01,ACC0000004511,CUST0002266,LOAN,KTA Personal,2022-12-31,ACTIVE,0.00,,0.0446,2779846.89,3
2025-08-01,ACC0000004900,CUST0002459,SAVINGS,Tabungan Haji,2021-11-06,ACTIVE,2148609.04,,0.0494,-4464320.79,2
2025-08-01,ACC0000005243,CUST0002634,SAVINGS,Tabungan Negara Plus,2021-10-26,ACTIVE,20617331.14,,0.1395,-1967912.69,1
2025-08-01,ACC0000005550,CUST0002783,INVESTMENT,Obligasi,2022-09-14,DORMANT,0.00,,0.0777,0.00,0
2025-08-01,ACC0000005739,CUST0002879,CREDIT_CARD,Kartu Virtual,2023-02-01,CLOSED,0.00,13313840.85,0.0406,0.00,0
2025-08-01,ACC0000005797,CUST0002912,LOAN,KTA Personal,2023-03-08,DORMANT,0.00,,0.0821,0.00,0
2025-08-01,ACC0000006371,CUST0003201,LOAN,Kredit Usaha,2025-02-19,CLOSED,0.00,,0.0619,0.00,0
2025-08-01,ACC0000006668,CUST0003350,CREDIT_CARD,Kartu Platinum,2023-07-30,SUSPENDED,0.00,36512160.67,0.0318,0.00,0
2025-08-01,ACC0000006920,CUST0003478,CREDIT_CARD,Kartu Platinum,2025-02-01,SUSPENDED,0.00,19550333.25,0.0132,0.00,0
2025-08-01,ACC0000007046,CUST0003543,CREDIT_CARD,Kartu Virtual,2022-09-06,ACTIVE,0.00,7886282.10,0.0205,-6451788.55,2
2025-08-01,ACC0000007236,CUST0003641,LOAN,KPR Rumah,2022-01-16,ACTIVE,0.00,,0.0774,-4770146.87,3
2025-08-01,ACC0000007424,CUST0003730,LOAN,KTA Personal,2022-04-29,ACTIVE,0.00,,0.1142,5693258.50,2
2025-08-01,ACC0000007709,CUST0003874,INVESTMENT,Reksa Dana,2024-10-02,DORMANT,0.00,,0.0963,0.00,0
2025-08-01,ACC0000007769,CUST0003905,SAVINGS,Tabungan Berjangka,2023-01-26,ACTIVE,4589268.78,,0.0659,-2211614.03,1
2025-08-01,ACC0000000131,CUST0000067,LOAN,KTA Personal,2025-06-13,ACTIVE,0.00,,0.0186,-2629933.35,1
2025-08-01,ACC0000000301,CUST0000150,SAVINGS,Tabungan Haji,2024-09-30,ACTIVE,13383964.55,,0.1388,687752.60,1
2025-08-01,ACC0000000382,CUST0000192,LOAN,Kredit Kendaraan,2023-08-13,CLOSED,0.00,,0.017,0.00,0
2025-08-01,ACC0000000485,CUST0000244,SAVINGS,Tabungan Negara Plus,2022-01-05,ACTIVE,44068263.31,,0.0902,-6277518.27,2
2025-08-01,ACC0000000738,CUST0000367,SAVINGS,Tabungan Negara Plus,2022-09-23,ACTIVE,28250574.39,,0.1388,8576666.91,3
2025-08-01,ACC0000000894,CUST0000444,CREDIT_CARD,Kartu Virtual,2021-08-13,ACTIVE,0.00,21348446.86,0.1001,1135593.40,2
2025-08-01,ACC0000000935,CUST0000466,INVESTMENT,Obligasi,2024-07-04,ACTIVE,0.00,,0.0241,-3864266.53,2
2025-08-01,ACC0000000961,CUST0000482,SAVINGS,Tabungan Haji,2022-09-07,ACTIVE,673900.46,,0.0886,-808091.33,2
2025-08-01,ACC0000001233,CUST0000620,SAVINGS,Tabungan Rencana,2021-10-07,ACTIVE,23644229.44,,0.0882,-1278853.62,2
2025-08-01,ACC0000001240,CUST0000624,CREDIT_CARD,Kartu Classic,2024-01-29,ACTIVE,0.00,21368370.72,0.1142,980075.48,2
2025-08-01,ACC0000001343,CUST0000674,CREDIT_CARD,Kartu Classic,2023-08-01,ACTIVE,0.00,29294329.29,0.14,-1503553.21,2
2025-08-01,ACC0000001408,CUST0000708,LOAN,KTA Personal,2024-04-28,ACTIVE,0.00,,0.1128,-2004644.11,1
2025-08-01,ACC0000001470,CUST0000736,CREDIT_CARD,Kartu Platinum,2025-01-27,ACTIVE,0.00,46142638.84,0.0159,4352457.88,1
2025-08-01,ACC0000001539,CUST0000772,SAVINGS,Tabungan Rencana,2025-06-04,DORMANT,11297179.76,,0.1088,0.00,0
2025-08-01,ACC0000002154,CUST0001084,LOAN,KTA Personal,2023-08-04,ACTIVE,0.00,,0.0496,-1307318.34,3
2025-08-01,ACC0000002965,CUST0001493,SAVINGS,Tabungan Haji,2023-04-27,DORMANT,36997333.16,,0.1352,0.00,0
2025-08-01,ACC0000003227,CUST0001628,LOAN,KTA Personal,2022-10-17,DORMANT,0.00,,0.0448,0.00,0
2025-08-01,ACC0000003808,CUST0001921,LOAN,KPR Rumah,2022-09-23,SUSPENDED,0.00,,0.0858,0.00,0
2025-08-01,ACC0000003851,CUST0001943,SAVINGS,Tabungan Negara Plus,2023-12-02,ACTIVE,18456681.89,,0.0129,1384787.23,2
2025-08-01,ACC0000003951,CUST0001991,LOAN,Kredit Kendaraan,2024-09-30,DORMANT,0.00,,0.037,0.00,0
2025-08-01,ACC0000003962,CUST0001997,CREDIT_CARD,Kartu Platinum,2021-11-25,ACTIVE,0.00,43352005.20,0.0665,-1631652.48,2
2025-08-01,ACC0000004189,CUST0002111,SAVINGS,Tabungan Haji,2022-12-28,ACTIVE,9491725.47,,0.0808,429794.00,1
2025-08-01,ACC0000004204,CUST0002119,CREDIT_CARD,Kartu Classic,2023-03-06,ACTIVE,0.00,48284196.49,0.06,-684154.46,2
2025-08-01,ACC0000004328,CUST0002177,LOAN,Kredit Kendaraan,2022-04-24,ACTIVE,0.00,,0.0937,4925367.88,1
2025-08-01,ACC0000004449,CUST0002234,CREDIT_CARD,Kartu Platinum,2022-10-02,ACTIVE,0.00,10935221.58,0.0863,282638.11,1
2025-08-01,ACC0000004543,CUST0002282,LOAN,KTA Personal,2024-12-17,CLOSED,0.00,,0.0261,0.00,0
2025-08-01,ACC0000004617,CUST0002317,CREDIT_CARD,Kartu Classic,2023-12-29,ACTIVE,0.00,20912993.50,0.0601,-3406768.17,1
2025-08-01,ACC0000004706,CUST0002364,SAVINGS,Tabungan Haji,2025-06-09,ACTIVE,38486365.42,,0.058,-7839010.06,3
2025-08-01,ACC0000004834,CUST0002426,CREDIT_CARD,Kartu Virtual,2021-08-04,ACTIVE,0.00,14582369.15,0.1224,1506514.68,2
2025-08-01,ACC0000004914,CUST0002465,LOAN,Kredit Kendaraan,2023-02-13,ACTIVE,0.00,,0.1276,-1904252.43,1
2025-08-01,ACC0000004916,CUST0002466,INVESTMENT,SBN Retail,2021-08-13,ACTIVE,0.00,,0.1271,0.00,0
2025-08-01,ACC0000004958,CUST0002487,INVESTMENT,Obligasi,2023-04-27,ACTIVE,0.00,,0.0261,-41504.95,3
2025-08-01,ACC0000005087,CUST0002553,SAVINGS,Tabungan Negara Plus,2021-10-12,ACTIVE,41597510.42,,0.0247,-3681185.67,4
2025-08-01,ACC0000005288,CUST0002655,LOAN,Kredit Kendaraan,2023-07-20,ACTIVE,0.00,,0.026,-1441092.40,5
2025-08-01,ACC0000005421,CUST0002720,INVESTMENT,Obligasi,2022-02-05,ACTIVE,0.00,,0.0577,0.00,0
2025-08-01,ACC0000005429,CUST0002724,INVESTMENT,Deposito,2023-05-10,ACTIVE,0.00,,0.0597,4359933.96,2
2025-08-01,ACC0000005459,CUST0002737,INVESTMENT,Reksa Dana,2021-07-26,ACTIVE,0.00,,0.0701,-4091394.19,1
2025-08-01,ACC0000005511,CUST0002764,CREDIT_CARD,Kartu Gold,2024-10-10,ACTIVE,0.00,25369965.59,0.0744,-263502.30,1
2025-08-01,ACC0000005643,CUST0002833,SAVINGS,Tabungan Haji,2022-04-22,DORMANT,22032813.73,,0.1408,0.00,0
2025-08-01,ACC0000005754,CUST0002889,LOAN,KTA Personal,2025-02-21,ACTIVE,0.00,,0.0727,-4844235.85,1
2025-08-01,ACC0000006023,CUST0003028,SAVINGS,Tabungan Berjangka,2023-02-05,CLOSED,15353086.08,,0.0563,0.00,0
2025-08-01,ACC0000006083,CUST0003057,CREDIT_CARD,Kartu Gold,2023-02-15,DORMANT,0.00,30209702.24,0.065,0.00,0
2025-08-01,ACC0000006232,CUST0003131,INVESTMENT,SBN Retail,2023-09-03,ACTIVE,0.00,,0.0825,989703.26,4
2025-08-01,ACC0000006302,CUST0003164,LOAN,Kredit Usaha,2023-07-20,ACTIVE,0.00,,0.0881,-3560213.61,2
2025-08-01,ACC0000006307,CUST0003165,LOAN,Kredit Kendaraan,2023-10-17,ACTIVE,0.00,,0.1141,4031281.56,1
2025-08-01,ACC0000006472,CUST0003251,LOAN,KTA Personal,2021-08-26,CLOSED,0.00,,0.0936,0.00,0
2025-08-01,ACC0000006704,CUST0003367,CREDIT_CARD,Kartu Virtual,2024-11-27,ACTIVE,0.00,5613487.52,0.0349,-5291806.76,2
2025-08-01,ACC0000006847,CUST0003438,SAVINGS,Tabungan Berjangka,2025-02-24,ACTIVE,28066756.69,,0.016,-1237324.77,2
2025-08-01,ACC0000006922,CUST0003479,CREDIT_CARD,Kartu Classic,2022-07-28,DORMANT,0.00,9325210.75,0.1444,0.00,0
2025-08-01,ACC0000007103,CUST0003574,LOAN,Kredit Kendaraan,2021-08-29,DORMANT,0.00,,0.1304,0.00,0
2025-08-01,ACC0000007430,CUST0003733,CREDIT_CARD,Kartu Gold,2022-12-30,ACTIVE,0.00,43959025.89,0.0962,8003844.36,3
2025-08-01,ACC0000007771,CUST0003906,INVESTMENT,Reksa Dana,2022-09-17,ACTIVE,0.00,,0.1213,0.00,0
2025-08-01,ACC0000000164,CUST0000082,CREDIT_CARD,Kartu Gold,2023-07-19,ACTIVE,0.00,39236064.54,0.0861,-8631492.43,3
2025-08-01,ACC0000000213,CUST0000107,LOAN,KPR Rumah,2021-08-21,ACTIVE,0.00,,0.0867,-6150464.83,3
2025-08-01,ACC0000000287,CUST0000143,CREDIT_CARD,Kartu Gold,2023-10-01,CLOSED,0.00,40250900.38,0.0577,0.00,0
2025-08-01,ACC0000000292,CUST0000146,CREDIT_CARD,Kartu Platinum,2025-03-23,ACTIVE,0.00,21515673.02,0.0649,3596218.68,4
2025-08-01,ACC0000000540,CUST0000271,SAVINGS,Tabungan Haji,2024-10-10,ACTIVE,6110038.98,,0.0748,0.00,0
2025-08-01,ACC0000000561,CUST0000283,SAVINGS,Tabungan Rencana,2024-10-21,CLOSED,6072355.92,,0.0409,0.00,0
2025-08-01,ACC0000000579,CUST0000293,CREDIT_CARD,Kartu Virtual,2024-01-08,ACTIVE,0.00,11437130.80,0.0188,0.00,0
2025-08-01,ACC0000001121,CUST0000561,SAVINGS,Tabungan Berjangka,2022-08-28,ACTIVE,6445605.87,,0.1207,412645.78,4
2025-08-01,ACC0000001221,CUST0000613,SAVINGS,Tabungan Berjangka,2025-06-04,ACTIVE,22758902.35,,0.0191,3922671.79,1
2025-08-01,ACC0000001404,CUST0000706,CREDIT_CARD,Kartu Virtual,2022-02-28,ACTIVE,0.00,8581093.15,0.0614,3456575.27,2
2025-08-01,ACC0000001546,CUST0000777,LOAN,Kredit Kendaraan,2024-10-16,ACTIVE,0.00,,0.1181,-2776540.52,2
2025-08-01,ACC0000001555,CUST0000781,INVESTMENT,Reksa Dana,2024-11-02,DORMANT,0.00,,0.0656,0.00,0
2025-08-01,ACC0000001605,CUST0000808,INVESTMENT,Obligasi,2024-01-15,ACTIVE,0.00,,0.1392,640833.21,1
2025-08-01,ACC0000001747,CUST0000882,INVESTMENT,SBN Retail,2022-10-20,ACTIVE,0.00,,0.0262,-1736909.94,2
2025-08-01,ACC0000002177,CUST0001095,LOAN,Kredit Usaha,2022-03-24,ACTIVE,0.00,,0.0383,4973639.38,1
2025-08-01,ACC0000002424,CUST0001215,INVESTMENT,Obligasi,2022-08-11,ACTIVE,0.00,,0.0806,0.00,0
2025-08-01,ACC0000002473,CUST0001242,LOAN,Kredit Usaha,2023-09-15,ACTIVE,0.00,,0.0472,-1035503.93,2
2025-08-01,ACC0000002649,CUST0001335,LOAN,KTA Personal,2022-01-28,ACTIVE,0.00,,0.019,-1068763.94,7
2025-08-01,ACC0000002730,CUST0001379,CREDIT_CARD,Kartu Classic,2021-10-30,ACTIVE,0.00,40407021.56,0.0164,0.00,0
2025-08-01,ACC0000002813,CUST0001421,CREDIT_CARD,Kartu Virtual,2024-11-26,ACTIVE,0.00,49264352.76,0.1434,-3683234.06,2
2025-08-01,ACC0000002902,CUST0001465,CREDIT_CARD,Kartu Gold,2022-11-16,ACTIVE,0.00,24459798.23,0.0256,-6382988.34,3
2025-08-01,ACC0000003189,CUST0001606,CREDIT_CARD,Kartu Platinum,2022-09-04,DORMANT,0.00,19031216.06,0.1067,0.00,0
2025-08-01,ACC0000003467,CUST0001743,LOAN,Kredit Usaha,2021-12-26,DORMANT,0.00,,0.0141,0.00,0
2025-08-01,ACC0000003609,CUST0001819,CREDIT_CARD,Kartu Gold,2023-06-05,ACTIVE,0.00,20882239.52,0.1419,2912991.45,4
2025-08-01,ACC0000003715,CUST0001871,INVESTMENT,SBN Retail,2022-05-31,ACTIVE,0.00,,0.0507,7655114.93,2
2025-08-01,ACC0000003812,CUST0001923,INVESTMENT,Obligasi,2022-04-12,ACTIVE,0.00,,0.1419,-3820748.72,3
2025-08-01,ACC0000003871,CUST0001952,LOAN,Kredit Kendaraan,2021-10-23,CLOSED,0.00,,0.0855,0.00,0
2025-08-01,ACC0000003990,CUST0002013,LOAN,KPR Rumah,2022-10-24,ACTIVE,0.00,,0.0294,158428.50,1
2025-08-01,ACC0000004131,CUST0002079,SAVINGS,Tabungan Negara Plus,2024-06-01,DORMANT,15294633.26,,0.0985,0.00,0
2025-08-01,ACC0000004246,CUST0002136,SAVINGS,Tabungan Negara Plus,2021-11-10,ACTIVE,43248411.46,,0.1474,8338353.73,3
2025-08-01,ACC0000004755,CUST0002384,INVESTMENT,Obligasi,2025-03-04,ACTIVE,0.00,,0.0323,3659954.08,4
2025-08-01,ACC0000004839,CUST0002428,CREDIT_CARD,Kartu Virtual,2022-04-23,ACTIVE,0.00,8598902.53,0.1266,-11257183.21,3
2025-08-01,ACC0000004859,CUST0002437,SAVINGS,Tabungan Rencana,2022-11-01,ACTIVE,20959733.91,,0.0543,0.00,0
2025-08-01,ACC0000005194,CUST0002606,CREDIT_CARD,Kartu Platinum,2025-01-13,CLOSED,0.00,23469055.33,0.0749,0.00,0
2025-08-01,ACC0000005496,CUST0002758,LOAN,Kredit Kendaraan,2023-12-30,CLOSED,0.00,,0.0824,0.00,0
2025-08-01,ACC0000005606,CUST0002815,INVESTMENT,Obligasi,2022-06-25,ACTIVE,0.00,,0.0278,0.00,0
2025-08-01,ACC0000005672,CUST0002845,INVESTMENT,Obligasi,2025-06-09,ACTIVE,0.00,,0.0406,-911221.87,1
2025-08-01,ACC0000005876,CUST0002955,INVESTMENT,Reksa Dana,2021-12-18,ACTIVE,0.00,,0.0681,1472997.52,2
2025-08-01,ACC0000005918,CUST0002975,CREDIT_CARD,Kartu Classic,2022-02-20,ACTIVE,0.00,33591658.07,0.0984,-6500163.02,2
2025-08-01,ACC0000006373,CUST0003202,SAVINGS,Tabungan Rencana,2021-04-12,ACTIVE,34291882.84,,0.0632,3631967.62,1
2025-08-01,ACC0000006419,CUST0003227,INVESTMENT,Obligasi,2024-06-03,ACTIVE,0.00,,0.0621,-595448.17,5
2025-08-01,ACC0000006576,CUST0003302,INVESTMENT,Reksa Dana,2024-01-27,ACTIVE,0.00,,0.0751,-877434.67,3
2025-08-01,ACC0000006870,CUST0003451,INVESTMENT,Reksa Dana,2021-07-08,ACTIVE,0.00,,0.1142,-2112812.36,1
2025-08-01,ACC0000007053,CUST0003547,LOAN,Kredit Kendaraan,2023-04-13,ACTIVE,0.00,,0.1497,0.00,0
2025-08-01,ACC0000007210,CUST0003627,CREDIT_CARD,Kartu Platinum,2022-04-06,ACTIVE,0.00,47465634.40,0.0244,1247204.24,2
2025-08-01,ACC0000007703,CUST0003870,SAVINGS,Tabungan Haji,2025-03-08,SUSPENDED,15524617.74,,0.1239,0.00,0
2025-08-01,ACC0000007722,CUST0003881,SAVINGS,Tabungan Berjangka,2022-07-23,ACTIVE,33159001.70,,0.0826,1868307.32,4
2025-08-01,ACC0000007740,CUST0003891,INVESTMENT,Deposito,2024-09-14,ACTIVE,0.00,,0.1439,0.00,0
2025-08-01,ACC0000007900,CUST0003973,SAVINGS,Tabungan Negara Plus,2022-08-15,ACTIVE,4638987.18,,0.1229,2076187.52,5
2025-08-01,ACC0000000209,CUST0000105,CREDIT_CARD,Kartu Classic,2021-10-08,ACTIVE,0.00,40318652.02,0.1472,0.00,0
2025-08-01,ACC0000000309,CUST0000153,SAVINGS,Tabungan Haji,2023-11-25,ACTIVE,26444755.27,,0.0597,985881.05,2
2025-08-01,ACC0000000345,CUST0000173,SAVINGS,Tabungan Negara Plus,2022-08-29,ACTIVE,4709928.16,,0.0341,2053305.44,2
2025-08-01,ACC0000000869,CUST0000430,LOAN,KTA Personal,2024-07-05,ACTIVE,0.00,,0.0141,-362349.83,4
2025-08-01,ACC0000001323,CUST0000665,SAVINGS,Tabungan Rencana,2025-01-27,DORMANT,13869404.09,,0.0641,0.00,0
2025-08-01,ACC0000001611,CUST0000811,CREDIT_CARD,Kartu Virtual,2022-08-27,ACTIVE,0.00,12912122.72,0.0342,-5456004.61,2
2025-08-01,ACC0000002081,CUST0001049,SAVINGS,Tabungan Negara Plus,2023-06-20,ACTIVE,31221533.94,,0.1077,4670068.95,2
2025-08-01,ACC0000002195,CUST0001102,SAVINGS,Tabungan Negara Plus,2023-08-06,ACTIVE,4429436.89,,0.0431,0.00,0
2025-08-01,ACC0000002301,CUST0001153,SAVINGS,Tabungan Rencana,2021-08-23,DORMANT,43316458.78,,0.0279,0.00,0
2025-08-01,ACC0000002376,CUST0001189,INVESTMENT,Obligasi,2021-03-09,ACTIVE,0.00,,0.0573,-7446846.25,3
2025-08-01,ACC0000003063,CUST0001540,SAVINGS,Tabungan Berjangka,2021-12-25,ACTIVE,8524276.36,,0.0809,414940.68,2
2025-08-01,ACC0000003170,CUST0001596,SAVINGS,Tabungan Negara Plus,2025-01-29,DORMANT,2010735.91,,0.082,0.00,0
2025-08-01,ACC0000003552,CUST0001789,INVESTMENT,Deposito,2023-02-14,ACTIVE,0.00,,0.0906,-3583755.80,2
2025-08-01,ACC0000004147,CUST0002087,SAVINGS,Tabungan Haji,2023-06-29,ACTIVE,46099485.56,,0.1026,-978676.85,3
2025-08-01,ACC0000004309,CUST0002166,LOAN,KPR Rumah,2025-04-13,ACTIVE,0.00,,0.0228,592412.82,2
2025-08-01,ACC0000004583,CUST0002299,LOAN,KPR Rumah,2021-09-04,ACTIVE,0.00,,0.1472,-4707756.07,1
2025-08-01,ACC0000004588,CUST0002302,SAVINGS,Tabungan Rencana,2023-04-28,ACTIVE,27687922.67,,0.1268,111923.31,2
2025-08-01,ACC0000004618,CUST0002318,INVESTMENT,Deposito,2022-01-04,ACTIVE,0.00,,0.0262,-4475061.78,1
2025-08-01,ACC0000004692,CUST0002355,LOAN,KPR Rumah,2024-01-14,CLOSED,0.00,,0.1471,0.00,0
2025-08-01,ACC0000005286,CUST0002655,SAVINGS,Tabungan Berjangka,2023-08-16,CLOSED,40870287.34,,0.0501,0.00,0
2025-08-01,ACC0000005372,CUST0002696,SAVINGS,Tabungan Negara Plus,2025-02-25,ACTIVE,38749528.38,,0.1028,407957.29,2
2025-08-01,ACC0000005803,CUST0002917,INVESTMENT,Reksa Dana,2023-01-06,DORMANT,0.00,,0.1022,0.00,0
2025-08-01,ACC0000005821,CUST0002925,INVESTMENT,Reksa Dana,2022-10-11,DORMANT,0.00,,0.1022,0.00,0
2025-08-01,ACC0000006040,CUST0003036,SAVINGS,Tabungan Berjangka,2024-07-11,ACTIVE,4583657.56,,0.1275,6790579.47,2
2025-08-01,ACC0000006459,CUST0003246,SAVINGS,Tabungan Haji,2024-04-17,ACTIVE,28576321.26,,0.0907,1584571.65,1
2025-08-01,ACC0000006885,CUST0003458,CREDIT_CARD,Kartu Classic,2022-12-29,ACTIVE,0.00,24934482.41,0.0532,-2063906.09,3
2025-08-01,ACC0000007393,CUST0003718,SAVINGS,Tabungan Berjangka,2022-03-15,SUSPENDED,5129340.60,,0.1354,0.00,0
2025-08-01,ACC0000000043,CUST0000023,INVESTMENT,Deposito,2025-02-01,ACTIVE,0.00,,0.0645,-8106150.10,4
2025-08-01,ACC0000001372,CUST0000688,SAVINGS,Tabungan Negara Plus,2024-12-10,SUSPENDED,35978278.92,,0.0378,0.00,0
2025-08-01,ACC0000001431,CUST0000720,LOAN,KTA Personal,2023-03-13,ACTIVE,0.00,,0.0184,0.00,0
2025-08-01,ACC0000001603,CUST0000807,LOAN,Kredit Usaha,2025-02-28,ACTIVE,0.00,,0.0511,3816109.12,3
2025-08-01,ACC0000001651,CUST0000832,SAVINGS,Tabungan Rencana,2022-04-25,ACTIVE,19744593.89,,0.1461,2108807.41,3
2025-08-01,ACC0000001932,CUST0000971,SAVINGS,Tabungan Berjangka,2021-11-17,ACTIVE,42261961.79,,0.1396,0.00,0
2025-08-01,ACC0000001960,CUST0000986,CREDIT_CARD,Kartu Gold,2024-07-29,ACTIVE,0.00,37223378.32,0.0435,-1605613.65,3
2025-08-01,ACC0000002062,CUST0001038,SAVINGS,Tabungan Negara Plus,2022-09-03,ACTIVE,16871862.32,,0.0488,-601202.20,5
2025-08-01,ACC0000002261,CUST0001133,LOAN,KTA Personal,2023-12-31,ACTIVE,0.00,,0.0734,-2628064.83,1
2025-08-01,ACC0000002286,CUST0001145,INVESTMENT,SBN Retail,2024-09-03,ACTIVE,0.00,,0.1251,819510.01,4
2025-08-01,ACC0000002754,CUST0001392,LOAN,Kredit Usaha,2021-10-26,CLOSED,0.00,,0.1369,0.00,0
2025-08-01,ACC0000002892,CUST0001461,LOAN,KTA Personal,2022-03-03,ACTIVE,0.00,,0.1296,3386585.98,1
2025-08-01,ACC0000003019,CUST0001521,LOAN,Kredit Usaha,2021-12-22,ACTIVE,0.00,,0.0969,3660239.59,2
2025-08-01,ACC0000003146,CUST0001584,LOAN,Kredit Kendaraan,2025-01-20,ACTIVE,0.00,,0.1422,-3205724.59,2
2025-08-01,ACC0000003203,CUST0001615,INVESTMENT,SBN Retail,2021-12-31,DORMANT,0.00,,0.1163,0.00,0
2025-08-01,ACC0000003355,CUST0001688,CREDIT_CARD,Kartu Platinum,2021-08-08,ACTIVE,0.00,49901899.76,0.0539,-1528151.98,2
2025-08-01,ACC0000003423,CUST0001720,INVESTMENT,Reksa Dana,2025-04-04,ACTIVE,0.00,,0.0547,0.00,0
2025-08-01,ACC0000003522,CUST0001772,LOAN,Kredit Kendaraan,2021-07-07,DORMANT,0.00,,0.0965,0.00,0
2025-08-01,ACC0000003569,CUST0001798,LOAN,Kredit Usaha,2024-03-05,DORMANT,0.00,,0.0431,0.00,0
2025-08-01,ACC0000003599,CUST0001815,CREDIT_CARD,Kartu Gold,2021-10-20,ACTIVE,0.00,37582089.17,0.1273,-4548335.50,2
2025-08-01,ACC0000003650,CUST0001843,CREDIT_CARD,Kartu Virtual,2023-12-04,ACTIVE,0.00,44948392.79,0.0683,2994639.09,2
2025-08-01,ACC0000003687,CUST0001859,SAVINGS,Tabungan Haji,2021-11-07,DORMANT,28791496.67,,0.0656,0.00,0
2025-08-01,ACC0000003745,CUST0001888,CREDIT_CARD,Kartu Virtual,2022-03-09,ACTIVE,0.00,28721291.14,0.1336,3214259.10,1
2025-08-01,ACC0000003891,CUST0001961,LOAN,KTA Personal,2021-08-24,SUSPENDED,0.00,,0.1189,0.00,0
2025-08-01,ACC0000003952,CUST0001991,LOAN,KTA Personal,2024-11-11,ACTIVE,0.00,,0.0276,0.00,0
2025-08-01,ACC0000003964,CUST0001999,INVESTMENT,SBN Retail,2023-03-12,ACTIVE,0.00,,0.0461,-5256890.90,2
2025-08-01,ACC0000004117,CUST0002074,SAVINGS,Tabungan Berjangka,2024-03-09,ACTIVE,29075300.10,,0.1113,0.00,0
2025-08-01,ACC0000004320,CUST0002172,LOAN,KPR Rumah,2022-02-20,CLOSED,0.00,,0.0984,0.00,0
2025-08-01,ACC0000004380,CUST0002202,SAVINGS,Tabungan Rencana,2023-05-01,ACTIVE,33541088.47,,0.1166,1694351.97,2
2025-08-01,ACC0000004406,CUST0002213,SAVINGS,Tabungan Negara Plus,2024-12-11,ACTIVE,17597256.94,,0.099,-6799301.51,4
2025-08-01,ACC0000004472,CUST0002246,SAVINGS,Tabungan Rencana,2021-10-08,DORMANT,35487601.18,,0.0817,0.00,0
2025-08-01,ACC0000004639,CUST0002329,SAVINGS,Tabungan Berjangka,2024-09-21,ACTIVE,46268175.10,,0.0811,0.00,0
2025-08-01,ACC0000004649,CUST0002335,CREDIT_CARD,Kartu Platinum,2022-03-07,ACTIVE,0.00,9633243.73,0.012,0.00,0
2025-08-01,ACC0000004687,CUST0002351,LOAN,KPR Rumah,2023-03-07,ACTIVE,0.00,,0.0803,-993876.83,2
2025-08-01,ACC0000004716,CUST0002368,CREDIT_CARD,Kartu Classic,2022-06-10,ACTIVE,0.00,23945265.97,0.045,4076416.18,2
2025-08-01,ACC0000004871,CUST0002444,CREDIT_CARD,Kartu Gold,2022-09-08,ACTIVE,0.00,5476584.94,0.0168,492139.60,2
2025-08-01,ACC0000005242,CUST0002633,INVESTMENT,SBN Retail,2025-03-11,DORMANT,0.00,,0.1228,0.00,0
2025-08-01,ACC0000005539,CUST0002778,LOAN,KTA Personal,2024-02-18,ACTIVE,0.00,,0.1443,186599.75,4
2025-08-01,ACC0000005604,CUST0002814,LOAN,KTA Personal,2021-11-29,ACTIVE,0.00,,0.1468,-1721749.46,3
2025-08-01,ACC0000005629,CUST0002825,CREDIT_CARD,Kartu Platinum,2021-08-14,ACTIVE,0.00,33046940.72,0.0682,4805429.00,1
2025-08-01,ACC0000005867,CUST0002951,CREDIT_CARD,Kartu Gold,2024-10-11,ACTIVE,0.00,25461922.88,0.0133,1227279.46,2
2025-08-01,ACC0000005948,CUST0002989,CREDIT_CARD,Kartu Virtual,2024-08-18,CLOSED,0.00,8894505.53,0.0388,0.00,0
2025-08-01,ACC0000006303,CUST0003164,INVESTMENT,SBN Retail,2023-05-23,SUSPENDED,0.00,,0.0666,0.00,0
2025-08-01,ACC0000006347,CUST0003187,CREDIT_CARD,Kartu Platinum,2025-02-12,DORMANT,0.00,8124870.17,0.138,0.00,0
2025-08-01,ACC0000006665,CUST0003348,SAVINGS,Tabungan Rencana,2025-05-02,ACTIVE,35681306.96,,0.0712,-1305883.20,2
2025-08-01,ACC0000006910,CUST0003472,INVESTMENT,Obligasi,2021-10-05,ACTIVE,0.00,,0.068,4417753.01,1
2025-08-01,ACC0000006940,CUST0003489,CREDIT_CARD,Kartu Platinum,2024-03-24,ACTIVE,0.00,28348326.22,0.0894,-3458903.64,2
2025-08-01,ACC0000007195,CUST0003620,INVESTMENT,Reksa Dana,2024-07-29,ACTIVE,0.00,,0.0229,337647.08,2
2025-08-01,ACC0000007223,CUST0003635,CREDIT_CARD,Kartu Classic,2022-04-12,ACTIVE,0.00,13268359.57,0.1428,-1548244.53,1
2025-08-01,ACC0000007423,CUST0003730,CREDIT_CARD,Kartu Gold,2022-02-17,ACTIVE,0.00,30742521.03,0.1147,-689606.24,1
2025-08-01,ACC0000007536,CUST0003785,SAVINGS,Tabungan Rencana,2021-05-27,ACTIVE,2356716.78,,0.0825,-2364574.55,1
2025-08-01,ACC0000007665,CUST0003851,INVESTMENT,Obligasi,2022-10-25,ACTIVE,0.00,,0.1046,0.00,0
2025-08-01,ACC0000007666,CUST0003851,SAVINGS,Tabungan Negara Plus,2022-07-22,ACTIVE,3601957.65,,0.1498,-5947444.34,4
2025-08-01,ACC0000007679,CUST0003858,CREDIT_CARD,Kartu Gold,2023-06-13,ACTIVE,0.00,41020783.54,0.139,-5527205.03,3
2025-08-01,ACC0000007759,CUST0003901,INVESTMENT,Deposito,2024-02-06,DORMANT,0.00,,0.1107,0.00,0
2025-08-01,ACC0000007881,CUST0003962,SAVINGS,Tabungan Rencana,2022-04-02,ACTIVE,6963951.83,,0.1365,-1722433.97,2
2025-08-01,ACC0000000025,CUST0000013,CREDIT_CARD,Kartu Gold,2024-01-07,ACTIVE,0.00,7509970.45,0.0982,0.00,0
2025-08-01,ACC0000000304,CUST0000151,LOAN,KPR Rumah,2024-04-02,ACTIVE,0.00,,0.095,-2513624.44,1
2025-08-01,ACC0000000606,CUST0000304,SAVINGS,Tabungan Rencana,2022-12-01,ACTIVE,1490353.87,,0.0217,0.00,0
2025-08-01,ACC0000001173,CUST0000588,INVESTMENT,SBN Retail,2025-06-30,ACTIVE,0.00,,0.1177,3820914.55,1
2025-08-01,ACC0000001933,CUST0000972,SAVINGS,Tabungan Haji,2024-01-15,ACTIVE,43716072.99,,0.1302,5249327.43,2
2025-08-01,ACC0000002082,CUST0001049,LOAN,KPR Rumah,2023-07-06,ACTIVE,0.00,,0.136,-2286470.90,1
2025-08-01,ACC0000002673,CUST0001348,LOAN,KPR Rumah,2024-01-03,SUSPENDED,0.00,,0.0563,0.00,0
2025-08-01,ACC0000002882,CUST0001456,CREDIT_CARD,Kartu Virtual,2024-05-20,ACTIVE,0.00,34654771.79,0.0553,-2396664.29,1
2025-08-01,ACC0000002888,CUST0001459,LOAN,Kredit Kendaraan,2024-07-20,ACTIVE,0.00,,0.0724,0.00,0
2025-08-01,ACC0000003235,CUST0001632,INVESTMENT,Deposito,2021-03-10,ACTIVE,0.00,,0.1045,0.00,0
2025-08-01,ACC0000003299,CUST0001661,LOAN,KPR Rumah,2021-07-15,ACTIVE,0.00,,0.0426,0.00,0
2025-08-01,ACC0000003476,CUST0001746,INVESTMENT,Deposito,2025-04-10,ACTIVE,0.00,,0.0171,2992966.77,2
2025-08-01,ACC0000003757,CUST0001894,INVESTMENT,Deposito,2024-05-21,ACTIVE,0.00,,0.0954,5593975.17,2
2025-08-01,ACC0000003876,CUST0001954,SAVINGS,Tabungan Negara Plus,2024-10-04,ACTIVE,40406919.31,,0.013,3372110.03,3
2025-08-01,ACC0000003887,CUST0001958,INVESTMENT,SBN Retail,2021-11-21,ACTIVE,0.00,,0.0771,-4856871.78,2
2025-08-01,ACC0000004155,CUST0002091,LOAN,KTA Personal,2022-08-23,ACTIVE,0.00,,0.1002,0.00,0
2025-08-01,ACC0000004452,CUST0002235,SAVINGS,Tabungan Negara Plus,2023-11-01,SUSPENDED,39661633.10,,0.0129,0.00,0
2025-08-01,ACC0000004522,CUST0002273,INVESTMENT,Reksa Dana,2023-09-06,ACTIVE,0.00,,0.0125,0.00,0
2025-08-01,ACC0000004539,CUST0002280,LOAN,Kredit Usaha,2024-08-12,DORMANT,0.00,,0.0829,0.00,0
2025-08-01,ACC0000004633,CUST0002327,LOAN,KTA Personal,2021-10-14,ACTIVE,0.00,,0.0234,6821268.01,5
2025-08-01,ACC0000004955,CUST0002485,SAVINGS,Tabungan Rencana,2021-07-23,ACTIVE,14667872.23,,0.1288,4547738.11,1
2025-08-01,ACC0000005030,CUST0002522,LOAN,KPR Rumah,2023-06-24,ACTIVE,0.00,,0.0937,-11126992.90,4
2025-08-01,ACC0000005063,CUST0002539,CREDIT_CARD,Kartu Gold,2021-08-10,ACTIVE,0.00,48314762.70,0.1326,543789.56,3
2025-08-01,ACC0000005724,CUST0002872,LOAN,Kredit Usaha,2023-07-27,ACTIVE,0.00,,0.0949,2620012.56,1
2025-08-01,ACC0000005878,CUST0002956,SAVINGS,Tabungan Rencana,2021-02-01,ACTIVE,45954075.32,,0.0398,-2775527.51,2
2025-08-01,ACC0000006003,CUST0003017,LOAN,KPR Rumah,2023-09-29,ACTIVE,0.00,,0.0747,-6547431.82,2
2025-08-01,ACC0000006114,CUST0003071,INVESTMENT,Deposito,2024-07-04,ACTIVE,0.00,,0.0708,2939501.02,1
2025-08-01,ACC0000006123,CUST0003076,SAVINGS,Tabungan Berjangka,2024-10-28,ACTIVE,27609409.68,,0.029,-8310835.66,2
2025-08-01,ACC0000006144,CUST0003087,CREDIT_CARD,Kartu Classic,2024-11-30,ACTIVE,0.00,42766544.94,0.1367,-6143268.74,2
2025-08-01,ACC0000006828,CUST0003428,CREDIT_CARD,Kartu Gold,2021-10-11,ACTIVE,0.00,38651939.99,0.0174,-1172976.60,1
2025-08-01,ACC0000007263,CUST0003653,SAVINGS,Tabungan Haji,2021-04-10,ACTIVE,37701995.44,,0.0554,-539279.61,1
2025-08-01,ACC0000007338,CUST0003688,LOAN,KPR Rumah,2022-04-05,ACTIVE,0.00,,0.0798,-8383000.92,3
2025-08-01,ACC0000007518,CUST0003777,INVESTMENT,SBN Retail,2024-05-14,ACTIVE,0.00,,0.0901,0.00,0
2025-08-01,ACC0000007744,CUST0003892,CREDIT_CARD,Kartu Platinum,2022-11-19,ACTIVE,0.00,38141557.31,0.1495,-795407.76,3
2025-08-01,ACC0000000139,CUST0000070,INVESTMENT,Obligasi,2024-05-07,ACTIVE,0.00,,0.1192,2776116.83,1
2025-08-01,ACC0000000751,CUST0000373,CREDIT_CARD,Kartu Gold,2021-09-10,ACTIVE,0.00,33132965.47,0.0304,1872609.08,1
2025-08-01,ACC0000001038,CUST0000519,CREDIT_CARD,Kartu Gold,2021-12-29,ACTIVE,0.00,25773292.68,0.1128,5743746.11,3
2025-08-01,ACC0000001614,CUST0000813,INVESTMENT,Reksa Dana,2021-04-19,ACTIVE,0.00,,0.0927,7680859.94,3
2025-08-01,ACC0000001823,CUST0000917,INVESTMENT,Deposito,2025-02-26,ACTIVE,0.00,,0.0604,-4328002.08,2
2025-08-01,ACC0000001849,CUST0000930,CREDIT_CARD,Kartu Classic,2023-06-16,DORMANT,0.00,17195853.28,0.1228,0.00,0
2025-08-01,ACC0000002058,CUST0001036,CREDIT_CARD,Kartu Classic,2022-09-18,CLOSED,0.00,13096722.89,0.088,0.00,0
2025-08-01,ACC0000002061,CUST0001038,CREDIT_CARD,Kartu Classic,2022-08-18,ACTIVE,0.00,20686412.24,0.0437,1718941.60,2
2025-08-01,ACC0000002542,CUST0001277,INVESTMENT,SBN Retail,2024-07-03,ACTIVE,0.00,,0.0882,-4453767.48,4
2025-08-01,ACC0000002809,CUST0001419,INVESTMENT,Obligasi,2024-05-23,ACTIVE,0.00,,0.1159,188646.87,1
2025-08-01,ACC0000003018,CUST0001521,CREDIT_CARD,Kartu Virtual,2022-01-06,ACTIVE,0.00,10295459.92,0.1449,0.00,0
2025-08-01,ACC0000003088,CUST0001554,SAVINGS,Tabungan Haji,2022-06-07,ACTIVE,23137977.39,,0.013,4346211.37,1
2025-08-01,ACC0000003261,CUST0001644,CREDIT_CARD,Kartu Virtual,2023-02-16,ACTIVE,0.00,14729514.87,0.1294,1379534.01,2
2025-08-01,ACC0000003390,CUST0001705,LOAN,Kredit Usaha,2025-03-03,CLOSED,0.00,,0.145,0.00,0
2025-08-01,ACC0000003530,CUST0001775,INVESTMENT,Deposito,2022-03-01,ACTIVE,0.00,,0.0799,-5350770.83,2
2025-08-01,ACC0000003567,CUST0001797,SAVINGS,Tabungan Berjangka,2021-08-29,ACTIVE,8423199.33,,0.0465,-7670719.78,2
2025-08-01,ACC0000003574,CUST0001801,LOAN,Kredit Usaha,2023-06-07,ACTIVE,0.00,,0.1282,4283756.65,1
2025-08-01,ACC0000003689,CUST0001859,SAVINGS,Tabungan Berjangka,2021-10-23,DORMANT,26904002.00,,0.0835,0.00,0
2025-08-01,ACC0000003894,CUST0001963,LOAN,Kredit Kendaraan,2021-11-11,ACTIVE,0.00,,0.0328,0.00,0
2025-08-01,ACC0000004080,CUST0002057,CREDIT_CARD,Kartu Virtual,2023-02-03,ACTIVE,0.00,9982893.58,0.0609,2786762.23,3
2025-08-01,ACC0000004330,CUST0002178,CREDIT_CARD,Kartu Virtual,2025-05-12,DORMANT,0.00,37693347.52,0.1382,0.00,0
2025-08-01,ACC0000004663,CUST0002340,SAVINGS,Tabungan Rencana,2022-11-17,ACTIVE,47919901.22,,0.0657,7895941.12,3
2025-08-01,ACC0000004866,CUST0002439,LOAN,Kredit Kendaraan,2021-07-13,ACTIVE,0.00,,0.0802,-4951554.23,1
2025-08-01,ACC0000005247,CUST0002636,SAVINGS,Tabungan Negara Plus,2021-12-07,ACTIVE,7377129.65,,0.0291,-2265983.35,1
2025-08-01,ACC0000005335,CUST0002678,LOAN,KTA Personal,2023-05-18,ACTIVE,0.00,,0.0876,-7665143.93,4
2025-08-01,ACC0000005366,CUST0002694,CREDIT_CARD,Kartu Classic,2023-04-21,ACTIVE,0.00,43174392.34,0.054,-3441550.08,1
2025-08-01,ACC0000005385,CUST0002704,SAVINGS,Tabungan Negara Plus,2024-01-07,DORMANT,35273444.16,,0.0783,0.00,0
2025-08-01,ACC0000005442,CUST0002731,CREDIT_CARD,Kartu Classic,2023-08-28,ACTIVE,0.00,37738749.06,0.0343,-2293141.63,1
2025-08-01,ACC0000005462,CUST0002739,INVESTMENT,Deposito,2021-10-09,ACTIVE,0.00,,0.0785,0.00,0
2025-08-01,ACC0000006193,CUST0003111,INVESTMENT,Deposito,2021-11-05,ACTIVE,0.00,,0.0393,8931168.35,3
2025-08-01,ACC0000006557,CUST0003293,SAVINGS,Tabungan Berjangka,2025-01-20,ACTIVE,40969146.56,,0.0379,3102460.10,3
2025-08-01,ACC0000006757,CUST0003395,INVESTMENT,Deposito,2024-03-28,CLOSED,0.00,,0.0136,0.00,0
2025-08-01,ACC0000007610,CUST0003822,SAVINGS,Tabungan Berjangka,2023-05-06,ACTIVE,43694902.77,,0.0709,1851416.97,3
2025-08-01,ACC0000007726,CUST0003883,CREDIT_CARD,Kartu Platinum,2023-07-04,ACTIVE,0.00,13263145.64,0.1482,4407228.34,1
2025-08-01,ACC0000007801,CUST0003922,CREDIT_CARD,Kartu Virtual,2022-11-09,ACTIVE,0.00,20113937.71,0.1108,0.00,0
2025-08-01,ACC0000000250,CUST0000125,SAVINGS,Tabungan Negara Plus,2023-11-30,ACTIVE,536629.76,,0.016,7557715.62,2
2025-08-01,ACC0000000317,CUST0000158,SAVINGS,Tabungan Berjangka,2024-11-29,DORMANT,33735807.08,,0.0484,0.00,0
2025-08-01,ACC0000000677,CUST0000334,SAVINGS,Tabungan Negara Plus,2022-05-16,ACTIVE,1486545.16,,0.1095,2039176.92,1
2025-08-01,ACC0000000773,CUST0000384,LOAN,Kredit Usaha,2023-05-02,ACTIVE,0.00,,0.0862,0.00,0
2025-08-01,ACC0000000803,CUST0000399,LOAN,KTA Personal,2022-08-26,ACTIVE,0.00,,0.1034,0.00,0
2025-08-01,ACC0000000966,CUST0000485,INVESTMENT,SBN Retail,2024-12-31,ACTIVE,0.00,,0.1222,-603417.99,1
2025-08-01,ACC0000001185,CUST0000594,INVESTMENT,Reksa Dana,2022-01-22,ACTIVE,0.00,,0.0979,-3694994.04,1
2025-08-01,ACC0000001269,CUST0000639,LOAN,KTA Personal,2024-06-27,ACTIVE,0.00,,0.1253,-3800213.09,2
2025-08-01,ACC0000001302,CUST0000656,LOAN,KTA Personal,2025-01-03,ACTIVE,0.00,,0.1125,-2434656.14,1
2025-08-01,ACC0000001773,CUST0000894,INVESTMENT,Obligasi,2021-11-01,ACTIVE,0.00,,0.0761,3003081.02,1
2025-08-01,ACC0000002064,CUST0001039,CREDIT_CARD,Kartu Platinum,2021-09-30,ACTIVE,0.00,23303789.74,0.0699,-3245001.41,3
2025-08-01,ACC0000002671,CUST0001347,LOAN,KPR Rumah,2023-09-06,ACTIVE,0.00,,0.0667,0.00,0
2025-08-01,ACC0000002785,CUST0001407,SAVINGS,Tabungan Rencana,2024-01-25,ACTIVE,2337845.10,,0.119,5030507.50,5
2025-08-01,ACC0000002877,CUST0001454,CREDIT_CARD,Kartu Gold,2022-11-11,ACTIVE,0.00,5532508.66,0.0975,-6457160.82,2
2025-08-01,ACC0000002944,CUST0001484,LOAN,Kredit Usaha,2023-05-16,ACTIVE,0.00,,0.0338,-144771.54,2
2025-08-01,ACC0000003430,CUST0001724,LOAN,Kredit Kendaraan,2021-10-20,ACTIVE,0.00,,0.1246,-6755665.33,2
2025-08-01,ACC0000003790,CUST0001911,LOAN,Kredit Kendaraan,2021-09-03,ACTIVE,0.00,,0.0132,1423458.95,2
2025-08-01,ACC0000004595,CUST0002306,SAVINGS,Tabungan Negara Plus,2021-09-10,ACTIVE,45642121.60,,0.1473,4142236.89,1
2025-08-01,ACC0000004601,CUST0002308,LOAN,KPR Rumah,2023-07-14,ACTIVE,0.00,,0.0933,-4382820.23,1
2025-08-01,ACC0000004756,CUST0002384,SAVINGS,Tabungan Rencana,2025-03-24,SUSPENDED,11630779.82,,0.1442,0.00,0
2025-08-01,ACC0000005071,CUST0002544,SAVINGS,Tabungan Haji,2022-05-01,ACTIVE,49050257.84,,0.0899,4397966.94,3
2025-08-01,ACC0000005092,CUST0002556,SAVINGS,Tabungan Rencana,2022-06-07,ACTIVE,980247.74,,0.0461,746038.17,2
2025-08-01,ACC0000005113,CUST0002567,SAVINGS,Tabungan Haji,2023-12-06,DORMANT,20189822.77,,0.116,0.00,0
2025-08-01,ACC0000005328,CUST0002673,SAVINGS,Tabungan Rencana,2025-01-11,ACTIVE,49830218.32,,0.0661,0.00,0
2025-08-01,ACC0000005551,CUST0002784,LOAN,Kredit Usaha,2022-04-08,ACTIVE,0.00,,0.0505,6073732.59,3
2025-08-01,ACC0000006071,CUST0003051,INVESTMENT,Reksa Dana,2021-05-29,DORMANT,0.00,,0.1264,0.00,0
2025-08-01,ACC0000006263,CUST0003145,INVESTMENT,Reksa Dana,2021-06-08,ACTIVE,0.00,,0.0707,-1154196.04,2
2025-08-01,ACC0000006593,CUST0003311,CREDIT_CARD,Kartu Classic,2021-04-14,DORMANT,0.00,12504494.36,0.1049,0.00,0
2025-08-01,ACC0000006638,CUST0003334,CREDIT_CARD,Kartu Platinum,2024-09-08,ACTIVE,0.00,6470965.51,0.0392,1253743.67,2
2025-08-01,ACC0000007012,CUST0003527,CREDIT_CARD,Kartu Gold,2025-02-05,ACTIVE,0.00,24868209.31,0.0284,0.00,0
2025-08-01,ACC0000007724,CUST0003882,LOAN,KTA Personal,2021-06-12,CLOSED,0.00,,0.0263,0.00,0
2025-08-01,ACC0000000186,CUST0000091,LOAN,Kredit Usaha,2025-01-31,ACTIVE,0.00,,0.087,0.00,0
2025-08-01,ACC0000000189,CUST0000093,SAVINGS,Tabungan Haji,2023-03-26,ACTIVE,1801190.45,,0.047,12602076.31,3
2025-08-01,ACC0000000211,CUST0000106,SAVINGS,Tabungan Haji,2022-02-09,ACTIVE,15202264.34,,0.1197,-1055872.50,3
2025-08-01,ACC0000000393,CUST0000198,SAVINGS,Tabungan Berjangka,2021-02-05,ACTIVE,37281295.37,,0.0752,-1282464.40,2
2025-08-01,ACC0000001034,CUST0000517,INVESTMENT,SBN Retail,2024-07-20,ACTIVE,0.00,,0.0567,3196096.00,1
2025-08-01,ACC0000001336,CUST0000671,CREDIT_CARD,Kartu Platinum,2023-07-02,SUSPENDED,0.00,15922358.42,0.1239,0.00,0
2025-08-01,ACC0000001519,CUST0000760,LOAN,KPR Rumah,2022-07-26,ACTIVE,0.00,,0.0914,6095923.22,3
2025-08-01,ACC0000001585,CUST0000797,LOAN,KPR Rumah,2023-06-01,DORMANT,0.00,,0.1451,0.00,0
2025-08-01,ACC0000001736,CUST0000876,LOAN,Kredit Usaha,2022-03-05,DORMANT,0.00,,0.0892,0.00,0
2025-08-01,ACC0000002257,CUST0001132,LOAN,KTA Personal,2023-05-21,ACTIVE,0.00,,0.1338,0.00,0
2025-08-01,ACC0000002291,CUST0001148,CREDIT_CARD,Kartu Platinum,2023-08-17,SUSPENDED,0.00,13208663.42,0.0728,0.00,0
2025-08-01,ACC0000002358,CUST0001180,LOAN,Kredit Usaha,2022-01-01,ACTIVE,0.00,,0.0408,6865938.51,4
2025-08-01,ACC0000002934,CUST0001480,SAVINGS,Tabungan Rencana,2022-04-19,ACTIVE,26614000.98,,0.0236,0.00,0
2025-08-01,ACC0000002945,CUST0001484,SAVINGS,Tabungan Haji,2022-12-08,ACTIVE,13370680.91,,0.1187,305365.65,4
2025-08-01,ACC0000003128,CUST0001577,CREDIT_CARD,Kartu Platinum,2022-11-01,ACTIVE,0.00,32815573.15,0.0877,-3830859.47,1
2025-08-01,ACC0000003504,CUST0001763,LOAN,KPR Rumah,2024-09-01,ACTIVE,0.00,,0.0794,-1444928.53,2
2025-08-01,ACC0000003791,CUST0001911,INVESTMENT,Deposito,2022-02-02,ACTIVE,0.00,,0.1213,0.00,0
2025-08-01,ACC0000004233,CUST0002130,CREDIT_CARD,Kartu Platinum,2021-12-28,SUSPENDED,0.00,20383499.87,0.1071,0.00,0
2025-08-01,ACC0000004405,CUST0002212,CREDIT_CARD,Kartu Platinum,2024-12-29,ACTIVE,0.00,10472604.51,0.1377,2112158.49,2
2025-08-01,ACC0000004696,CUST0002359,INVESTMENT,Deposito,2024-06-26,ACTIVE,0.00,,0.0661,-1419257.76,1
2025-08-01,ACC0000004843,CUST0002430,INVESTMENT,SBN Retail,2022-05-15,ACTIVE,0.00,,0.1235,-2349901.62,2
2025-08-01,ACC0000005198,CUST0002609,LOAN,KPR Rumah,2023-12-31,ACTIVE,0.00,,0.098,-2779648.10,3
2025-08-01,ACC0000005430,CUST0002725,CREDIT_CARD,Kartu Platinum,2023-12-28,ACTIVE,0.00,7032501.51,0.0611,4317127.17,1
2025-08-01,ACC0000005538,CUST0002778,INVESTMENT,Reksa Dana,2024-02-14,CLOSED,0.00,,0.0356,0.00,0
2025-08-01,ACC0000005661,CUST0002839,LOAN,Kredit Kendaraan,2022-03-07,ACTIVE,0.00,,0.0827,4088255.31,1
2025-08-01,ACC0000005994,CUST0003012,CREDIT_CARD,Kartu Platinum,2021-06-25,ACTIVE,0.00,26481201.12,0.036,2363854.30,2
2025-08-01,ACC0000006440,CUST0003236,CREDIT_CARD,Kartu Platinum,2023-03-29,ACTIVE,0.00,24011783.36,0.1462,-3897357.84,3
2025-08-01,ACC0000006524,CUST0003276,SAVINGS,Tabungan Negara Plus,2021-12-31,CLOSED,35057071.23,,0.0128,0.00,0
2025-08-01,ACC0000006781,CUST0003405,CREDIT_CARD,Kartu Platinum,2025-03-11,ACTIVE,0.00,27789849.06,0.0344,-3710858.16,2
2025-08-01,ACC0000006809,CUST0003418,INVESTMENT,Obligasi,2024-12-30,CLOSED,0.00,,0.0237,0.00,0
2025-08-01,ACC0000006950,CUST0003494,LOAN,KPR Rumah,2022-06-20,ACTIVE,0.00,,0.1176,550265.03,1
2025-08-01,ACC0000007327,CUST0003682,SAVINGS,Tabungan Negara Plus,2024-01-09,ACTIVE,29356162.22,,0.1298,-4011243.20,1
2025-08-01,ACC0000007602,CUST0003817,CREDIT_CARD,Kartu Platinum,2022-12-18,CLOSED,0.00,38146531.49,0.117,0.00,0
2025-08-01,ACC0000007742,CUST0003892,LOAN,KTA Personal,2022-10-04,ACTIVE,0.00,,0.0352,-3128428.72,2
2025-08-01,ACC0000007897,CUST0003972,SAVINGS,Tabungan Haji,2024-12-05,ACTIVE,15423469.54,,0.0208,894925.63,1
2025-08-01,ACC0000000150,CUST0000075,LOAN,Kredit Kendaraan,2021-10-02,ACTIVE,0.00,,0.0719,2855460.01,3
2025-08-01,ACC0000000229,CUST0000116,INVESTMENT,Obligasi,2023-06-25,SUSPENDED,0.00,,0.0633,0.00,0
2025-08-01,ACC0000000232,CUST0000117,CREDIT_CARD,Kartu Platinum,2024-06-12,ACTIVE,0.00,11047708.47,0.1029,4145945.72,1
2025-08-01,ACC0000000254,CUST0000127,CREDIT_CARD,Kartu Virtual,2024-10-02,ACTIVE,0.00,12359695.69,0.0554,-2177105.26,4
2025-08-01,ACC0000000283,CUST0000141,CREDIT_CARD,Kartu Gold,2023-09-29,DORMANT,0.00,38463843.75,0.1245,0.00,0
2025-08-01,ACC0000000415,CUST0000210,LOAN,Kredit Kendaraan,2023-11-23,ACTIVE,0.00,,0.0624,0.00,0
2025-08-01,ACC0000000868,CUST0000430,SAVINGS,Tabungan Rencana,2024-12-05,ACTIVE,29432804.60,,0.1296,-520468.48,3
2025-08-01,ACC0000000943,CUST0000470,SAVINGS,Tabungan Berjangka,2024-06-03,ACTIVE,30330198.81,,0.012,1875702.53,1
2025-08-01,ACC0000000960,CUST0000481,CREDIT_CARD,Kartu Platinum,2022-10-30,ACTIVE,0.00,34209627.27,0.1378,3925658.39,1
2025-08-01,ACC0000001014,CUST0000507,INVESTMENT,Reksa Dana,2025-04-12,ACTIVE,0.00,,0.0826,0.00,0
2025-08-01,ACC0000001114,CUST0000556,LOAN,KTA Personal,2021-07-08,ACTIVE,0.00,,0.0987,4959036.33,1
2025-08-01,ACC0000001191,CUST0000596,INVESTMENT,Deposito,2023-03-20,CLOSED,0.00,,0.1175,0.00,0
2025-08-01,ACC0000001236,CUST0000621,INVESTMENT,Reksa Dana,2023-07-20,ACTIVE,0.00,,0.0616,-2747982.92,1
2025-08-01,ACC0000001445,CUST0000726,LOAN,KTA Personal,2021-09-06,CLOSED,0.00,,0.0497,0.00,0
2025-08-01,ACC0000001724,CUST0000870,CREDIT_CARD,Kartu Virtual,2025-02-01,ACTIVE,0.00,48112456.63,0.0745,869218.60,1
2025-08-01,ACC0000001865,CUST0000939,INVESTMENT,Deposito,2023-12-23,ACTIVE,0.00,,0.0137,497495.42,2
2025-08-01,ACC0000002095,CUST0001056,LOAN,KTA Personal,2024-12-06,ACTIVE,0.00,,0.0648,348315.19,1
2025-08-01,ACC0000002180,CUST0001096,CREDIT_CARD,Kartu Gold,2024-08-17,DORMANT,0.00,20447746.70,0.0858,0.00,0
2025-08-01,ACC0000002223,CUST0001114,LOAN,Kredit Kendaraan,2021-09-01,ACTIVE,0.00,,0.0406,-2915288.77,2
2025-08-01,ACC0000002622,CUST0001320,LOAN,Kredit Kendaraan,2024-08-09,DORMANT,0.00,,0.0355,0.00,0
2025-08-01,ACC0000002691,CUST0001358,SAVINGS,Tabungan Haji,2024-06-21,ACTIVE,37631431.27,,0.0513,-2279886.62,3
2025-08-01,ACC0000002841,CUST0001435,CREDIT_CARD,Kartu Virtual,2023-06-11,CLOSED,0.00,30839358.65,0.0106,0.00,0
2025-08-01,ACC0000003194,CUST0001608,INVESTMENT,Obligasi,2025-05-26,ACTIVE,0.00,,0.0974,4248276.13,3
2025-08-01,ACC0000003786,CUST0001910,CREDIT_CARD,Kartu Gold,2022-03-28,ACTIVE,0.00,46452258.75,0.0233,2132858.02,4
2025-08-01,ACC0000003819,CUST0001927,INVESTMENT,Obligasi,2021-04-26,ACTIVE,0.00,,0.0436,7402838.70,2
2025-08-01,ACC0000003965,CUST0001999,CREDIT_CARD,Kartu Gold,2023-07-05,DORMANT,0.00,6371395.77,0.0116,0.00,0
2025-08-01,ACC0000004078,CUST0002056,SAVINGS,Tabungan Haji,2024-08-31,ACTIVE,6111882.86,,0.076,5419558.48,2
2025-08-01,ACC0000004283,CUST0002154,SAVINGS,Tabungan Haji,2024-02-19,CLOSED,13225536.97,,0.129,0.00,0
2025-08-01,ACC0000004353,CUST0002188,CREDIT_CARD,Kartu Classic,2021-09-21,ACTIVE,0.00,34714165.13,0.1329,-2898870.18,2
2025-08-01,ACC0000004379,CUST0002201,CREDIT_CARD,Kartu Virtual,2023-05-21,ACTIVE,0.00,16840832.17,0.0631,-3903961.44,1
2025-08-01,ACC0000004542,CUST0002281,SAVINGS,Tabungan Haji,2022-09-21,DORMANT,4784824.04,,0.0368,0.00,0
2025-08-01,ACC0000004575,CUST0002296,SAVINGS,Tabungan Rencana,2023-07-18,ACTIVE,15546832.28,,0.1438,1043452.32,1
2025-08-01,ACC0000004600,CUST0002307,LOAN,KTA Personal,2021-12-02,ACTIVE,0.00,,0.1188,3515200.27,1
2025-08-01,ACC0000004789,CUST0002401,CREDIT_CARD,Kartu Classic,2024-03-05,ACTIVE,0.00,39492144.53,0.0977,-4476141.59,1
2025-08-01,ACC0000004951,CUST0002483,INVESTMENT,Obligasi,2024-11-06,ACTIVE,0.00,,0.0906,-6665948.27,5
2025-08-01,ACC0000005715,CUST0002866,INVESTMENT,Reksa Dana,2025-03-06,ACTIVE,0.00,,0.055,-2287828.30,1
2025-08-01,ACC0000005837,CUST0002934,CREDIT_CARD,Kartu Virtual,2022-05-21,ACTIVE,0.00,33784827.40,0.0558,-723749.88,1
2025-08-01,ACC0000005919,CUST0002975,INVESTMENT,Obligasi,2022-06-15,ACTIVE,0.00,,0.049,-221966.88,2
2025-08-01,ACC0000006249,CUST0003138,LOAN,KPR Rumah,2023-09-25,DORMANT,0.00,,0.0816,0.00,0
2025-08-01,ACC0000006439,CUST0003235,INVESTMENT,Reksa Dana,2024-04-08,ACTIVE,0.00,,0.0543,-4709032.60,2
2025-08-01,ACC0000006453,CUST0003242,INVESTMENT,Obligasi,2021-12-02,DORMANT,0.00,,0.0607,0.00,0
2025-08-01,ACC0000006674,CUST0003353,CREDIT_CARD,Kartu Classic,2022-09-19,ACTIVE,0.00,44456950.35,0.0438,4399785.04,4
2025-08-01,ACC0000007413,CUST0003726,CREDIT_CARD,Kartu Classic,2022-02-22,ACTIVE,0.00,9643958.01,0.0344,-5131434.05,2
2025-08-01,ACC0000007484,CUST0003760,CREDIT_CARD,Kartu Platinum,2025-04-06,ACTIVE,0.00,48423109.50,0.1468,6715256.57,2
2025-08-01,ACC0000007953,CUST0003999,INVESTMENT,Reksa Dana,2023-06-23,DORMANT,0.00,,0.119,0.00,0
2025-08-01,ACC0000000174,CUST0000086,LOAN,KTA Personal,2021-02-19,ACTIVE,0.00,,0.1143,8483745.73,2
2025-08-01,ACC0000000243,CUST0000123,LOAN,Kredit Usaha,2022-05-15,DORMANT,0.00,,0.0468,0.00,0
2025-08-01,ACC0000000507,CUST0000256,CREDIT_CARD,Kartu Gold,2022-07-14,ACTIVE,0.00,20225136.44,0.034,743943.35,1
2025-08-01,ACC0000000939,CUST0000468,INVESTMENT,Obligasi,2025-01-15,DORMANT,0.00,,0.0545,0.00,0
2025-08-01,ACC0000000986,CUST0000494,SAVINGS,Tabungan Negara Plus,2024-05-19,ACTIVE,42691858.36,,0.1178,-274175.19,1
2025-08-01,ACC0000001259,CUST0000633,INVESTMENT,SBN Retail,2022-02-24,ACTIVE,0.00,,0.0808,-1666430.82,5
2025-08-01,ACC0000001385,CUST0000696,CREDIT_CARD,Kartu Virtual,2024-10-13,ACTIVE,0.00,33905154.35,0.05,2874870.13,2
2025-08-01,ACC0000001492,CUST0000748,LOAN,KPR Rumah,2023-10-12,ACTIVE,0.00,,0.1072,0.00,0
2025-08-01,ACC0000001551,CUST0000780,SAVINGS,Tabungan Haji,2022-03-13,ACTIVE,37644692.73,,0.078,-2630491.86,2
2025-08-01,ACC0000001871,CUST0000942,INVESTMENT,Obligasi,2024-02-15,ACTIVE,0.00,,0.1184,-5427070.09,2
2025-08-01,ACC0000002352,CUST0001177,INVESTMENT,Reksa Dana,2025-02-11,ACTIVE,0.00,,0.0243,0.00,0
2025-08-01,ACC0000002857,CUST0001444,CREDIT_CARD,Kartu Platinum,2021-10-04,ACTIVE,0.00,14876290.95,0.1292,0.00,0
2025-08-01,ACC0000002967,CUST0001494,SAVINGS,Tabungan Negara Plus,2022-02-17,ACTIVE,36510637.33,,0.0569,4986556.12,2
2025-08-01,ACC0000003499,CUST0001759,SAVINGS,Tabungan Rencana,2022-01-22,ACTIVE,28026765.43,,0.0322,0.00,0
2025-08-01,ACC0000003703,CUST0001866,SAVINGS,Tabungan Rencana,2024-03-09,DORMANT,2215827.19,,0.1116,0.00,0
2025-08-01,ACC0000004087,CUST0002060,LOAN,KPR Rumah,2022-08-05,ACTIVE,0.00,,0.0607,0.00,0
2025-08-01,ACC0000004386,CUST0002204,LOAN,Kredit Kendaraan,2021-06-12,CLOSED,0.00,,0.1351,0.00,0
2025-08-01,ACC0000004576,CUST0002296,INVESTMENT,Reksa Dana,2023-08-24,DORMANT,0.00,,0.0165,0.00,0
2025-08-01,ACC0000004648,CUST0002335,CREDIT_CARD,Kartu Gold,2022-05-20,ACTIVE,0.00,39671159.20,0.0813,-4261524.76,1
2025-08-01,ACC0000004797,CUST0002406,INVESTMENT,Obligasi,2024-04-21,ACTIVE,0.00,,0.1368,0.00,0
2025-08-01,ACC0000005237,CUST0002631,CREDIT_CARD,Kartu Gold,2022-08-29,ACTIVE,0.00,12501244.21,0.129,-3611548.98,2
2025-08-01,ACC0000005313,CUST0002667,SAVINGS,Tabungan Rencana,2023-11-18,DORMANT,29595404.26,,0.1382,0.00,0
2025-08-01,ACC0000005327,CUST0002673,CREDIT_CARD,Kartu Classic,2025-01-21,ACTIVE,0.00,43055177.28,0.061,-3232810.94,1
2025-08-01,ACC0000005657,CUST0002838,CREDIT_CARD,Kartu Virtual,2022-03-18,ACTIVE,0.00,15150040.01,0.0743,2443797.32,2
2025-08-01,ACC0000006033,CUST0003033,LOAN,KPR Rumah,2022-06-01,SUSPENDED,0.00,,0.137,0.00,0
2025-08-01,ACC0000006291,CUST0003159,SAVINGS,Tabungan Negara Plus,2024-03-03,SUSPENDED,18178553.26,,0.049,0.00,0
2025-08-01,ACC0000006319,CUST0003172,INVESTMENT,SBN Retail,2023-12-07,ACTIVE,0.00,,0.0592,3867493.19,1
2025-08-01,ACC0000006636,CUST0003333,LOAN,KPR Rumah,2024-03-03,ACTIVE,0.00,,0.1317,195616.69,1
2025-08-01,ACC0000006808,CUST0003418,INVESTMENT,SBN Retail,2025-05-13,ACTIVE,0.00,,0.1246,-3855968.19,1
2025-08-01,ACC0000006843,CUST0003436,SAVINGS,Tabungan Rencana,2022-02-12,ACTIVE,34457778.62,,0.0404,3337895.42,1
2025-08-01,ACC0000006883,CUST0003458,INVESTMENT,Reksa Dana,2023-04-06,ACTIVE,0.00,,0.0972,3382828.45,2
2025-08-01,ACC0000007138,CUST0003594,SAVINGS,Tabungan Rencana,2021-05-30,ACTIVE,47349773.78,,0.0788,-1279331.61,1
2025-08-01,ACC0000007163,CUST0003605,CREDIT_CARD,Kartu Platinum,2023-05-28,ACTIVE,0.00,13674914.75,0.0251,-4531205.04,3
2025-08-01,ACC0000007188,CUST0003617,LOAN,Kredit Kendaraan,2024-04-07,SUSPENDED,0.00,,0.0272,0.00,0
2025-08-01,ACC0000007508,CUST0003770,INVESTMENT,SBN Retail,2021-05-09,ACTIVE,0.00,,0.1407,-537405.25,2
2025-08-01,ACC0000007576,CUST0003806,SAVINGS,Tabungan Rencana,2022-02-24,ACTIVE,19371428.34,,0.0862,-4777702.87,1
2025-08-01,ACC0000007774,CUST0003908,SAVINGS,Tabungan Haji,2025-01-11,ACTIVE,23197202.79,,0.1369,0.00,0
2025-08-01,ACC0000000551,CUST0000278,LOAN,Kredit Usaha,2024-09-11,ACTIVE,0.00,,0.1027,-493671.38,2
2025-08-01,ACC0000000734,CUST0000365,CREDIT_CARD,Kartu Gold,2022-03-21,ACTIVE,0.00,29413456.57,0.0902,0.00,0
2025-08-01,ACC0000000904,CUST0000451,INVESTMENT,Reksa Dana,2023-11-27,ACTIVE,0.00,,0.042,41786.65,3
2025-08-01,ACC0000001064,CUST0000532,CREDIT_CARD,Kartu Virtual,2023-11-05,ACTIVE,0.00,22166524.45,0.0485,0.00,0
2025-08-01,ACC0000001085,CUST0000543,SAVINGS,Tabungan Haji,2021-09-22,CLOSED,2374193.11,,0.1149,0.00,0
2025-08-01,ACC0000001246,CUST0000626,CREDIT_CARD,Kartu Gold,2022-03-22,ACTIVE,0.00,21517572.16,0.0883,4800601.93,1
2025-08-01,ACC0000001635,CUST0000824,INVESTMENT,Obligasi,2024-05-14,ACTIVE,0.00,,0.0283,-2458470.61,1
2025-08-01,ACC0000001716,CUST0000866,SAVINGS,Tabungan Negara Plus,2024-04-10,DORMANT,6842641.98,,0.1069,0.00,0
2025-08-01,ACC0000001751,CUST0000884,CREDIT_CARD,Kartu Virtual,2025-02-26,ACTIVE,0.00,17872161.22,0.1097,-4071199.25,3
2025-08-01,ACC0000001783,CUST0000898,INVESTMENT,Reksa Dana,2022-10-18,ACTIVE,0.00,,0.0842,0.00,0
2025-08-01,ACC0000001805,CUST0000907,SAVINGS,Tabungan Negara Plus,2023-12-07,ACTIVE,30806703.04,,0.0214,-1645742.03,1
2025-08-01,ACC0000001900,CUST0000956,INVESTMENT,Obligasi,2021-04-21,ACTIVE,0.00,,0.0128,-546896.39,2
2025-08-01,ACC0000001924,CUST0000966,LOAN,KTA Personal,2024-03-18,ACTIVE,0.00,,0.0325,-2986691.38,1
2025-08-01,ACC0000002631,CUST0001327,LOAN,Kredit Usaha,2022-02-16,ACTIVE,0.00,,0.0548,2947385.72,3
2025-08-01,ACC0000002683,CUST0001354,LOAN,Kredit Usaha,2022-02-26,ACTIVE,0.00,,0.0102,1762297.99,1
2025-08-01,ACC0000002771,CUST0001400,CREDIT_CARD,Kartu Virtual,2022-09-18,ACTIVE,0.00,31175703.19,0.0696,0.00,0
2025-08-01,ACC0000002774,CUST0001402,INVESTMENT,Obligasi,2021-04-09,ACTIVE,0.00,,0.0853,1199361.35,1
2025-08-01,ACC0000002922,CUST0001475,SAVINGS,Tabungan Berjangka,2023-09-17,ACTIVE,30302824.92,,0.0768,-4941781.21,1
2025-08-01,ACC0000003100,CUST0001560,LOAN,Kredit Usaha,2025-02-17,ACTIVE,0.00,,0.0561,1235128.53,2
2025-08-01,ACC0000003672,CUST0001853,SAVINGS,Tabungan Rencana,2023-01-26,ACTIVE,36746046.41,,0.0153,-5995416.47,2
2025-08-01,ACC0000003710,CUST0001869,CREDIT_CARD,Kartu Virtual,2021-06-26,ACTIVE,0.00,12578749.31,0.0903,3140084.25,3
2025-08-01,ACC0000004312,CUST0002168,INVESTMENT,Obligasi,2021-03-05,ACTIVE,0.00,,0.1478,-8548070.33,4
2025-08-01,ACC0000004399,CUST0002209,INVESTMENT,Deposito,2023-09-07,ACTIVE,0.00,,0.0766,1103902.17,3
2025-08-01,ACC0000004427,CUST0002223,SAVINGS,Tabungan Haji,2022-08-23,ACTIVE,17218984.71,,0.0806,-3699530.14,2
2025-08-01,ACC0000004893,CUST0002456,LOAN,KTA Personal,2024-03-11,ACTIVE,0.00,,0.0466,0.00,0
2025-08-01,ACC0000005210,CUST0002614,LOAN,KPR Rumah,2022-05-14,DORMANT,0.00,,0.0252,0.00,0
2025-08-01,ACC0000005253,CUST0002639,CREDIT_CARD,Kartu Platinum,2021-09-18,ACTIVE,0.00,47501977.38,0.1389,-2118595.87,2
2025-08-01,ACC0000005409,CUST0002714,CREDIT_CARD,Kartu Classic,2022-09-04,ACTIVE,0.00,7659037.61,0.0211,0.00,0
2025-08-01,ACC0000005458,CUST0002737,LOAN,KPR Rumah,2021-08-02,ACTIVE,0.00,,0.037,-2631775.60,4
2025-08-01,ACC0000005701,CUST0002860,INVESTMENT,Obligasi,2023-11-13,ACTIVE,0.00,,0.1081,6231285.04,2
2025-08-01,ACC0000005912,CUST0002972,INVESTMENT,SBN Retail,2021-04-09,DORMANT,0.00,,0.1328,0.00,0
2025-08-01,ACC0000006075,CUST0003053,CREDIT_CARD,Kartu Platinum,2022-01-10,ACTIVE,0.00,29863162.98,0.0715,0.00,0
2025-08-01,ACC0000006112,CUST0003070,SAVINGS,Tabungan Rencana,2023-02-11,ACTIVE,33295446.62,,0.0487,-1802090.44,1
2025-08-01,ACC0000006297,CUST0003162,CREDIT_CARD,Kartu Gold,2023-03-06,ACTIVE,0.00,20458071.96,0.0676,-2193627.55,1
2025-08-01,ACC0000006456,CUST0003244,INVESTMENT,Reksa Dana,2024-08-15,ACTIVE,0.00,,0.0736,0.00,0
2025-08-01,ACC0000006577,CUST0003302,SAVINGS,Tabungan Rencana,2024-02-22,ACTIVE,12882591.59,,0.1419,-6245253.11,2
2025-08-01,ACC0000006596,CUST0003312,LOAN,KPR Rumah,2024-04-27,ACTIVE,0.00,,0.1024,6466709.25,2
2025-08-01,ACC0000007093,CUST0003569,LOAN,KTA Personal,2023-03-14,DORMANT,0.00,,0.1344,0.00,0
2025-08-01,ACC0000007205,CUST0003625,CREDIT_CARD,Kartu Classic,2023-09-25,ACTIVE,0.00,28872688.87,0.147,0.00,0
2025-08-01,ACC0000007291,CUST0003666,LOAN,Kredit Kendaraan,2021-12-12,ACTIVE,0.00,,0.1115,6678988.96,2
2025-08-01,ACC0000007566,CUST0003799,LOAN,KTA Personal,2021-03-06,ACTIVE,0.00,,0.1474,-2299695.37,4
2025-08-01,ACC0000007648,CUST0003844,LOAN,KPR Rumah,2023-08-10,DORMANT,0.00,,0.0923,0.00,0
2025-08-01,ACC0000000061,CUST0000032,INVESTMENT,Reksa Dana,2023-10-02,ACTIVE,0.00,,0.0332,-3000536.86,1
2025-08-01,ACC0000000135,CUST0000068,SAVINGS,Tabungan Rencana,2021-09-06,DORMANT,14053048.94,,0.0727,0.00,0
2025-08-01,ACC0000000163,CUST0000081,INVESTMENT,Deposito,2022-03-12,DORMANT,0.00,,0.0571,0.00,0
2025-08-01,ACC0000000223,CUST0000112,LOAN,Kredit Usaha,2022-11-24,ACTIVE,0.00,,0.0621,0.00,0
2025-08-01,ACC0000000278,CUST0000138,SAVINGS,Tabungan Haji,2025-02-13,ACTIVE,44799015.71,,0.1176,0.00,0
2025-08-01,ACC0000000416,CUST0000210,INVESTMENT,SBN Retail,2024-02-07,ACTIVE,0.00,,0.0945,3050522.26,2
2025-08-01,ACC0000000832,CUST0000415,LOAN,Kredit Usaha,2023-10-26,ACTIVE,0.00,,0.135,8183746.50,2
2025-08-01,ACC0000000972,CUST0000488,CREDIT_CARD,Kartu Virtual,2021-10-28,ACTIVE,0.00,39270269.99,0.042,7240084.01,3
2025-08-01,ACC0000001231,CUST0000619,LOAN,Kredit Usaha,2021-11-11,SUSPENDED,0.00,,0.0907,0.00,0
2025-08-01,ACC0000001289,CUST0000649,SAVINGS,Tabungan Berjangka,2024-05-27,ACTIVE,21343737.34,,0.1417,820555.93,5
2025-08-01,ACC0000001315,CUST0000662,CREDIT_CARD,Kartu Platinum,2023-04-15,ACTIVE,0.00,15638809.82,0.0502,0.00,0
2025-08-01,ACC0000001388,CUST0000697,SAVINGS,Tabungan Negara Plus,2024-10-23,ACTIVE,24702221.13,,0.1019,4800368.71,1
2025-08-01,ACC0000001565,CUST0000785,CREDIT_CARD,Kartu Virtual,2024-07-21,ACTIVE,0.00,6523067.83,0.0837,-2053516.13,3
2025-08-01,ACC0000001771,CUST0000893,CREDIT_CARD,Kartu Gold,2023-02-07,DORMANT,0.00,46323286.41,0.0364,0.00,0
2025-08-01,ACC0000001858,CUST0000934,INVESTMENT,Reksa Dana,2022-06-27,ACTIVE,0.00,,0.0441,-10796410.61,3
2025-08-01,ACC0000001897,CUST0000955,INVESTMENT,Deposito,2024-03-18,ACTIVE,0.00,,0.1199,510513.49,3
2025-08-01,ACC0000002010,CUST0001011,CREDIT_CARD,Kartu Classic,2022-05-18,ACTIVE,0.00,35418354.02,0.1021,-584008.62,3
2025-08-01,ACC0000002043,CUST0001030,SAVINGS,Tabungan Berjangka,2023-11-01,ACTIVE,13754068.46,,0.1092,-1784325.94,1
2025-08-01,ACC0000002389,CUST0001196,CREDIT_CARD,Kartu Virtual,2023-01-24,ACTIVE,0.00,7115541.31,0.0845,-2444698.96,5
2025-08-01,ACC0000002690,CUST0001358,SAVINGS,Tabungan Rencana,2024-03-21,ACTIVE,13511784.55,,0.0872,-3345476.92,1
2025-08-01,ACC0000003081,CUST0001550,INVESTMENT,Deposito,2023-02-10,ACTIVE,0.00,,0.1377,682095.53,2
2025-08-01,ACC0000003096,CUST0001557,LOAN,Kredit Usaha,2024-11-05,ACTIVE,0.00,,0.0389,0.00,0
2025-08-01,ACC0000003131,CUST0001578,LOAN,KTA Personal,2022-07-28,ACTIVE,0.00,,0.0375,0.00,0
2025-08-01,ACC0000003149,CUST0001586,INVESTMENT,Deposito,2023-07-18,ACTIVE,0.00,,0.0848,0.00,0
2025-08-01,ACC0000003298,CUST0001660,SAVINGS,Tabungan Rencana,2024-12-12,SUSPENDED,28074654.97,,0.1043,0.00,0
2025-08-01,ACC0000003509,CUST0001765,INVESTMENT,Reksa Dana,2021-08-27,ACTIVE,0.00,,0.1079,0.00,0
2025-08-01,ACC0000003532,CUST0001776,CREDIT_CARD,Kartu Classic,2023-10-08,ACTIVE,0.00,32907511.84,0.0221,-645982.77,1
2025-08-01,ACC0000003693,CUST0001861,SAVINGS,Tabungan Berjangka,2024-09-03,ACTIVE,38310344.14,,0.123,-4474851.83,1
2025-08-01,ACC0000003701,CUST0001864,CREDIT_CARD,Kartu Platinum,2022-04-01,ACTIVE,0.00,42634431.13,0.128,3466470.62,1
2025-08-01,ACC0000004059,CUST0002047,LOAN,KPR Rumah,2023-11-23,ACTIVE,0.00,,0.0723,599081.37,4
2025-08-01,ACC0000004122,CUST0002076,INVESTMENT,Deposito,2023-09-29,ACTIVE,0.00,,0.052,4008940.44,1
2025-08-01,ACC0000004651,CUST0002336,SAVINGS,Tabungan Berjangka,2024-06-08,DORMANT,46071794.23,,0.0628,0.00,0
2025-08-01,ACC0000004820,CUST0002418,INVESTMENT,Obligasi,2023-05-05,ACTIVE,0.00,,0.1449,2889113.32,3
2025-08-01,ACC0000004857,CUST0002436,LOAN,Kredit Usaha,2022-09-23,ACTIVE,0.00,,0.0281,-2871669.90,1
2025-08-01,ACC0000005562,CUST0002790,LOAN,Kredit Usaha,2025-01-12,SUSPENDED,0.00,,0.049,0.00,0
2025-08-01,ACC0000006320,CUST0003172,SAVINGS,Tabungan Haji,2023-12-21,ACTIVE,11906295.61,,0.0371,-8228888.48,3
2025-08-01,ACC0000006512,CUST0003270,INVESTMENT,Reksa Dana,2022-02-15,ACTIVE,0.00,,0.134,-4829500.90,6
2025-08-01,ACC0000006519,CUST0003273,INVESTMENT,Obligasi,2022-10-03,ACTIVE,0.00,,0.0982,953692.84,1
2025-08-01,ACC0000006867,CUST0003450,CREDIT_CARD,Kartu Virtual,2021-12-18,ACTIVE,0.00,9891690.07,0.1379,576503.87,1
2025-08-01,ACC0000006930,CUST0003483,CREDIT_CARD,Kartu Gold,2024-08-26,ACTIVE,0.00,15758403.04,0.0248,2834238.02,1
2025-08-01,ACC0000007269,CUST0003657,CREDIT_CARD,Kartu Gold,2022-06-12,ACTIVE,0.00,48444139.69,0.1482,0.00,0
2025-08-01,ACC0000007455,CUST0003746,INVESTMENT,Deposito,2024-02-28,ACTIVE,0.00,,0.12,-374945.38,2
2025-08-01,ACC0000007590,CUST0003812,SAVINGS,Tabungan Rencana,2024-02-13,DORMANT,40591730.87,,0.1457,0.00,0
2025-08-01,ACC0000007635,CUST0003837,INVESTMENT,Reksa Dana,2023-07-07,SUSPENDED,0.00,,0.0671,0.00,0
2025-08-01,ACC0000007779,CUST0003911,LOAN,KPR Rumah,2022-02-06,ACTIVE,0.00,,0.0227,1935248.28,2
2025-08-01,ACC0000007852,CUST0003945,LOAN,KTA Personal,2024-03-25,ACTIVE,0.00,,0.1183,346453.52,2
2025-08-01,ACC0000000101,CUST0000052,INVESTMENT,Deposito,2022-12-10,ACTIVE,0.00,,0.0568,921505.63,2
2025-08-01,ACC0000000364,CUST0000182,INVESTMENT,Deposito,2025-04-10,ACTIVE,0.00,,0.1272,-2180227.62,1
2025-08-01,ACC0000000441,CUST0000222,CREDIT_CARD,Kartu Classic,2024-01-31,DORMANT,0.00,7555502.30,0.0477,0.00,0
2025-08-01,ACC0000000529,CUST0000265,CREDIT_CARD,Kartu Gold,2024-01-04,ACTIVE,0.00,44682048.97,0.0875,-1786026.85,3
2025-08-01,ACC0000000672,CUST0000332,LOAN,KPR Rumah,2022-10-24,ACTIVE,0.00,,0.1356,0.00,0
2025-08-01,ACC0000000703,CUST0000349,CREDIT_CARD,Kartu Classic,2021-09-12,ACTIVE,0.00,37155340.44,0.0454,-1743417.41,1
2025-08-01,ACC0000000756,CUST0000375,CREDIT_CARD,Kartu Gold,2021-11-21,DORMANT,0.00,9856185.07,0.0285,0.00,0
2025-08-01,ACC0000001600,CUST0000805,INVESTMENT,Reksa Dana,2024-11-22,ACTIVE,0.00,,0.0983,0.00,0
2025-08-01,ACC0000001753,CUST0000885,SAVINGS,Tabungan Haji,2024-02-20,DORMANT,34616904.89,,0.0113,0.00,0
2025-08-01,ACC0000002137,CUST0001074,CREDIT_CARD,Kartu Classic,2022-12-25,ACTIVE,0.00,49172611.66,0.098,-728812.78,2
2025-08-01,ACC0000002492,CUST0001251,LOAN,Kredit Kendaraan,2021-10-20,ACTIVE,0.00,,0.0263,2113077.01,3
2025-08-01,ACC0000002602,CUST0001309,CREDIT_CARD,Kartu Classic,2021-10-05,ACTIVE,0.00,45165335.71,0.0264,1544248.62,1
2025-08-01,ACC0000003115,CUST0001570,INVESTMENT,Reksa Dana,2024-09-29,ACTIVE,0.00,,0.0533,3921604.61,1
2025-08-01,ACC0000003121,CUST0001573,CREDIT_CARD,Kartu Platinum,2023-03-31,ACTIVE,0.00,17612434.13,0.0763,-87121.84,2
2025-08-01,ACC0000003136,CUST0001580,INVESTMENT,Reksa Dana,2023-09-12,ACTIVE,0.00,,0.0497,-4367992.46,5
2025-08-01,ACC0000003356,CUST0001689,INVESTMENT,Reksa Dana,2024-01-28,DORMANT,0.00,,0.0544,0.00,0
2025-08-01,ACC0000003864,CUST0001949,INVESTMENT,Deposito,2024-07-22,SUSPENDED,0.00,,0.031,0.00,0
2025-08-01,ACC0000003943,CUST0001988,CREDIT_CARD,Kartu Gold,2024-02-28,ACTIVE,0.00,27197995.96,0.0915,3188934.08,1
2025-08-01,ACC0000004158,CUST0002092,SAVINGS,Tabungan Berjangka,2023-08-03,DORMANT,19206019.09,,0.141,0.00,0
2025-08-01,ACC0000004170,CUST0002100,INVESTMENT,Deposito,2025-01-29,ACTIVE,0.00,,0.0195,1322499.42,1
2025-08-01,ACC0000004332,CUST0002178,SAVINGS,Tabungan Haji,2025-06-18,ACTIVE,12193028.42,,0.1448,0.00,0
2025-08-01,ACC0000004564,CUST0002291,LOAN,KPR Rumah,2023-03-01,ACTIVE,0.00,,0.1176,0.00,0
2025-08-01,ACC0000004569,CUST0002293,LOAN,KPR Rumah,2021-11-26,ACTIVE,0.00,,0.1393,0.00,0
2025-08-01,ACC0000004730,CUST0002373,INVESTMENT,Deposito,2025-01-26,ACTIVE,0.00,,0.0973,0.00,0
2025-08-01,ACC0000004779,CUST0002396,CREDIT_CARD,Kartu Gold,2025-06-05,ACTIVE,0.00,10699044.32,0.0136,2590032.26,6
2025-08-01,ACC0000004924,CUST0002470,INVESTMENT,SBN Retail,2024-06-11,ACTIVE,0.00,,0.0574,0.00,0
2025-08-01,ACC0000005070,CUST0002543,CREDIT_CARD,Kartu Classic,2021-05-22,ACTIVE,0.00,40215903.84,0.0241,0.00,0
2025-08-01,ACC0000005125,CUST0002573,LOAN,Kredit Kendaraan,2022-12-14,ACTIVE,0.00,,0.0866,-7511621.64,2
2025-08-01,ACC0000005212,CUST0002615,INVESTMENT,Deposito,2023-05-24,ACTIVE,0.00,,0.1097,0.00,0
2025-08-01,ACC0000005354,CUST0002687,INVESTMENT,Reksa Dana,2024-09-16,ACTIVE,0.00,,0.1215,390266.85,3
2025-08-01,ACC0000005359,CUST0002690,CREDIT_CARD,Kartu Platinum,2023-11-21,ACTIVE,0.00,41546646.38,0.0586,-1866115.34,1
2025-08-01,ACC0000005390,CUST0002706,CREDIT_CARD,Kartu Classic,2021-09-09,ACTIVE,0.00,16002872.06,0.0857,-4539928.11,1
2025-08-01,ACC0000005394,CUST0002707,INVESTMENT,SBN Retail,2022-09-04,ACTIVE,0.00,,0.0787,-5135213.43,3
2025-08-01,ACC0000005620,CUST0002822,LOAN,KTA Personal,2024-04-18,ACTIVE,0.00,,0.0923,-2115053.56,1
2025-08-01,ACC0000006082,CUST0003056,SAVINGS,Tabungan Negara Plus,2024-11-05,ACTIVE,15749201.39,,0.0735,1963638.29,1
2025-08-01,ACC0000006209,CUST0003120,LOAN,KPR Rumah,2023-04-26,ACTIVE,0.00,,0.0127,4958620.56,1
2025-08-01,ACC0000006454,CUST0003243,SAVINGS,Tabungan Rencana,2024-01-02,ACTIVE,20170914.66,,0.0546,-2187326.60,1
2025-08-01,ACC0000006578,CUST0003303,INVESTMENT,SBN Retail,2021-06-13,CLOSED,0.00,,0.1209,0.00,0
2025-08-01,ACC0000006893,CUST0003463,LOAN,Kredit Kendaraan,2022-10-24,ACTIVE,0.00,,0.1497,-2481393.22,2
2025-08-01,ACC0000007292,CUST0003667,LOAN,Kredit Usaha,2023-12-11,ACTIVE,0.00,,0.0151,0.00,0
2025-08-01,ACC0000007437,CUST0003736,CREDIT_CARD,Kartu Classic,2023-05-17,DORMANT,0.00,35803230.00,0.0682,0.00,0
2025-08-01,ACC0000007530,CUST0003783,LOAN,Kredit Usaha,2024-03-18,ACTIVE,0.00,,0.0572,-3297428.84,1
2025-08-01,ACC0000007584,CUST0003809,LOAN,Kredit Kendaraan,2025-04-02,ACTIVE,0.00,,0.0967,-31061.33,2
2025-08-01,ACC0000000466,CUST0000236,SAVINGS,Tabungan Rencana,2022-07-15,ACTIVE,14567643.42,,0.1424,-668641.23,2
2025-08-01,ACC0000000750,CUST0000373,SAVINGS,Tabungan Rencana,2021-06-29,DORMANT,44920759.69,,0.0699,0.00,0
2025-08-01,ACC0000000940,CUST0000469,LOAN,KPR Rumah,2023-09-16,ACTIVE,0.00,,0.1272,7125171.69,3
2025-08-01,ACC0000002181,CUST0001097,INVESTMENT,Reksa Dana,2022-08-12,DORMANT,0.00,,0.0828,0.00,0
2025-08-01,ACC0000002290,CUST0001147,CREDIT_CARD,Kartu Virtual,2025-04-14,ACTIVE,0.00,14571036.33,0.1138,-1112995.39,4
2025-08-01,ACC0000002544,CUST0001277,CREDIT_CARD,Kartu Classic,2024-07-29,ACTIVE,0.00,17109226.97,0.0576,724923.91,2
2025-08-01,ACC0000002682,CUST0001354,CREDIT_CARD,Kartu Virtual,2022-04-20,DORMANT,0.00,28050451.55,0.147,0.00,0
2025-08-01,ACC0000003281,CUST0001654,LOAN,KPR Rumah,2024-03-31,ACTIVE,0.00,,0.0979,-4658992.74,1
2025-08-01,ACC0000003479,CUST0001748,SAVINGS,Tabungan Negara Plus,2023-02-14,ACTIVE,38589912.74,,0.1433,2803259.55,3
2025-08-01,ACC0000003828,CUST0001931,LOAN,KTA Personal,2023-11-22,ACTIVE,0.00,,0.0476,0.00,0
2025-08-01,ACC0000003932,CUST0001983,INVESTMENT,Deposito,2021-05-30,CLOSED,0.00,,0.11,0.00,0
2025-08-01,ACC0000003974,CUST0002004,INVESTMENT,SBN Retail,2022-06-27,ACTIVE,0.00,,0.1159,-2568960.17,1
2025-08-01,ACC0000004064,CUST0002051,CREDIT_CARD,Kartu Platinum,2024-01-17,ACTIVE,0.00,44570094.78,0.0638,1056340.24,1
2025-08-01,ACC0000004161,CUST0002095,CREDIT_CARD,Kartu Classic,2024-08-23,ACTIVE,0.00,14911975.24,0.0366,6783067.69,2
2025-08-01,ACC0000005038,CUST0002526,CREDIT_CARD,Kartu Virtual,2024-12-20,CLOSED,0.00,34877748.66,0.1055,0.00,0
2025-08-01,ACC0000005341,CUST0002681,SAVINGS,Tabungan Berjangka,2021-05-29,SUSPENDED,25349422.49,,0.1449,0.00,0
2025-08-01,ACC0000006045,CUST0003038,CREDIT_CARD,Kartu Classic,2022-07-02,ACTIVE,0.00,8470758.06,0.0258,2620100.10,1
2025-08-01,ACC0000006324,CUST0003174,CREDIT_CARD,Kartu Classic,2023-10-28,DORMANT,0.00,25165200.44,0.0952,0.00,0
2025-08-01,ACC0000006667,CUST0003349,LOAN,Kredit Usaha,2022-03-10,ACTIVE,0.00,,0.1428,-1184254.90,2
2025-08-01,ACC0000006926,CUST0003481,INVESTMENT,Obligasi,2021-07-20,ACTIVE,0.00,,0.1288,808141.39,2
2025-08-01,ACC0000007225,CUST0003637,INVESTMENT,Deposito,2022-10-14,ACTIVE,0.00,,0.0353,-3482405.78,1
2025-08-01,ACC0000007813,CUST0003927,INVESTMENT,Obligasi,2021-07-06,ACTIVE,0.00,,0.0542,2422589.65,1
2025-08-01,ACC0000000486,CUST0000245,SAVINGS,Tabungan Berjangka,2022-03-31,DORMANT,27255833.78,,0.1447,0.00,0
2025-08-01,ACC0000000668,CUST0000330,CREDIT_CARD,Kartu Classic,2025-01-15,ACTIVE,0.00,40653771.53,0.102,-1164598.11,3
2025-08-01,ACC0000000911,CUST0000455,SAVINGS,Tabungan Haji,2024-03-28,ACTIVE,20354146.98,,0.0643,3140710.46,1
2025-08-01,ACC0000001115,CUST0000556,LOAN,Kredit Usaha,2021-05-09,DORMANT,0.00,,0.1266,0.00,0
2025-08-01,ACC0000001226,CUST0000617,CREDIT_CARD,Kartu Gold,2022-05-02,ACTIVE,0.00,8108531.53,0.0421,0.00,0
2025-08-01,ACC0000001387,CUST0000697,INVESTMENT,SBN Retail,2024-08-22,CLOSED,0.00,,0.0464,0.00,0
2025-08-01,ACC0000001626,CUST0000819,CREDIT_CARD,Kartu Platinum,2021-09-19,ACTIVE,0.00,33782093.51,0.034,-4977995.07,1
2025-08-01,ACC0000001961,CUST0000986,CREDIT_CARD,Kartu Virtual,2024-07-13,ACTIVE,0.00,25914352.36,0.0899,-4468546.62,1
2025-08-01,ACC0000002150,CUST0001082,LOAN,Kredit Usaha,2025-01-10,ACTIVE,0.00,,0.0558,0.00,0
2025-08-01,ACC0000002277,CUST0001141,INVESTMENT,Reksa Dana,2024-08-16,ACTIVE,0.00,,0.0801,1608930.59,2
2025-08-01,ACC0000002445,CUST0001227,LOAN,KPR Rumah,2022-08-14,ACTIVE,0.00,,0.0497,852025.89,3
2025-08-01,ACC0000002702,CUST0001363,SAVINGS,Tabungan Negara Plus,2024-04-24,DORMANT,39573079.98,,0.0462,0.00,0
2025-08-01,ACC0000003323,CUST0001670,SAVINGS,Tabungan Haji,2022-03-29,ACTIVE,22169743.40,,0.0478,-2473048.43,1
2025-08-01,ACC0000003788,CUST0001910,INVESTMENT,SBN Retail,2022-08-02,ACTIVE,0.00,,0.0646,-2575070.72,1
2025-08-01,ACC0000004105,CUST0002069,LOAN,KPR Rumah,2022-12-05,ACTIVE,0.00,,0.0772,-6006744.20,3
2025-08-01,ACC0000004296,CUST0002160,CREDIT_CARD,Kartu Classic,2024-10-27,DORMANT,0.00,19290214.58,0.0287,0.00,0
2025-08-01,ACC0000004338,CUST0002181,LOAN,Kredit Kendaraan,2022-04-17,ACTIVE,0.00,,0.0181,-3130973.32,2
2025-08-01,ACC0000005169,CUST0002594,LOAN,Kredit Kendaraan,2024-10-26,ACTIVE,0.00,,0.0376,2374686.11,3
2025-08-01,ACC0000005178,CUST0002598,INVESTMENT,Obligasi,2024-02-05,ACTIVE,0.00,,0.0777,7080428.79,2
2025-08-01,ACC0000005225,CUST0002621,CREDIT_CARD,Kartu Virtual,2022-05-29,ACTIVE,0.00,32933540.42,0.0561,5420853.84,2
2025-08-01,ACC0000005747,CUST0002885,SAVINGS,Tabungan Berjangka,2023-08-25,ACTIVE,23162712.79,,0.0161,-513281.49,2
2025-08-01,ACC0000005782,CUST0002905,LOAN,KPR Rumah,2023-04-07,ACTIVE,0.00,,0.0404,-2211052.44,2
2025-08-01,ACC0000005836,CUST0002933,INVESTMENT,Deposito,2023-11-22,ACTIVE,0.00,,0.0275,1147830.46,2
2025-08-01,ACC0000006120,CUST0003074,CREDIT_CARD,Kartu Virtual,2024-11-20,ACTIVE,0.00,28809457.58,0.1435,119473.38,2
2025-08-01,ACC0000006191,CUST0003110,LOAN,KPR Rumah,2024-08-22,ACTIVE,0.00,,0.0617,0.00,0
2025-08-01,ACC0000006923,CUST0003479,INVESTMENT,Obligasi,2022-07-10,ACTIVE,0.00,,0.126,-3428432.22,3
2025-08-01,ACC0000007550,CUST0003792,SAVINGS,Tabungan Berjangka,2023-06-16,ACTIVE,43184027.34,,0.0791,504198.98,2
2025-08-01,ACC0000007572,CUST0003803,LOAN,KTA Personal,2022-06-29,ACTIVE,0.00,,0.1247,1045468.70,1
2025-08-01,ACC0000007670,CUST0003854,SAVINGS,Tabungan Berjangka,2024-10-17,ACTIVE,36662905.09,,0.0231,9789476.02,6
2025-08-01,ACC0000007845,CUST0003941,SAVINGS,Tabungan Haji,2024-03-14,ACTIVE,44445295.74,,0.0232,6815277.20,2
2025-08-01,ACC0000000100,CUST0000052,CREDIT_CARD,Kartu Classic,2022-11-24,ACTIVE,0.00,14947554.60,0.0621,10306665.28,3
2025-08-01,ACC0000000236,CUST0000119,CREDIT_CARD,Kartu Platinum,2025-01-08,ACTIVE,0.00,43765123.78,0.1331,2723436.03,2
2025-08-01,ACC0000000251,CUST0000125,LOAN,KPR Rumah,2024-01-26,ACTIVE,0.00,,0.0973,-1179050.27,4
2025-08-01,ACC0000000407,CUST0000206,LOAN,KTA Personal,2024-03-29,ACTIVE,0.00,,0.0375,-3979308.83,1
2025-08-01,ACC0000000463,CUST0000234,INVESTMENT,SBN Retail,2024-11-12,ACTIVE,0.00,,0.0326,5229739.55,3
2025-08-01,ACC0000000588,CUST0000296,LOAN,KTA Personal,2024-03-25,ACTIVE,0.00,,0.0487,-5926875.94,2
2025-08-01,ACC0000000800,CUST0000397,INVESTMENT,Deposito,2021-09-18,CLOSED,0.00,,0.0961,0.00,0
2025-08-01,ACC0000001537,CUST0000772,SAVINGS,Tabungan Negara Plus,2025-04-30,ACTIVE,30891200.15,,0.0354,-6893316.88,2
2025-08-01,ACC0000001678,CUST0000845,LOAN,Kredit Kendaraan,2025-03-25,ACTIVE,0.00,,0.149,-2076249.74,3
2025-08-01,ACC0000001732,CUST0000874,SAVINGS,Tabungan Rencana,2021-03-20,ACTIVE,24339547.70,,0.1334,-4236878.53,1
2025-08-01,ACC0000001776,CUST0000895,LOAN,KPR Rumah,2023-04-27,CLOSED,0.00,,0.1176,0.00,0
2025-08-01,ACC0000002192,CUST0001101,LOAN,Kredit Usaha,2024-03-23,ACTIVE,0.00,,0.0963,8880314.55,3
2025-08-01,ACC0000002246,CUST0001127,CREDIT_CARD,Kartu Classic,2023-05-06,ACTIVE,0.00,36211713.83,0.045,3594899.90,1
2025-08-01,ACC0000002271,CUST0001139,CREDIT_CARD,Kartu Platinum,2022-04-13,ACTIVE,0.00,9912893.61,0.0705,0.00,0
2025-08-01,ACC0000002308,CUST0001155,INVESTMENT,Deposito,2023-04-01,ACTIVE,0.00,,0.1138,0.00,0
2025-08-01,ACC0000002432,CUST0001220,CREDIT_CARD,Kartu Virtual,2023-04-16,ACTIVE,0.00,21917509.74,0.0967,0.00,0
2025-08-01,ACC0000002488,CUST0001249,INVESTMENT,Deposito,2025-01-23,ACTIVE,0.00,,0.0378,2640105.24,1
2025-08-01,ACC0000002627,CUST0001323,LOAN,Kredit Kendaraan,2023-03-24,ACTIVE,0.00,,0.0607,6423119.96,4
2025-08-01,ACC0000002855,CUST0001443,INVESTMENT,Reksa Dana,2022-11-11,ACTIVE,0.00,,0.0507,-638751.07,1
2025-08-01,ACC0000002959,CUST0001490,SAVINGS,Tabungan Negara Plus,2025-01-10,ACTIVE,2122426.78,,0.0996,3468591.80,2
2025-08-01,ACC0000003029,CUST0001526,LOAN,Kredit Kendaraan,2022-08-24,DORMANT,0.00,,0.033,0.00,0
2025-08-01,ACC0000003200,CUST0001613,CREDIT_CARD,Kartu Classic,2024-07-31,ACTIVE,0.00,48177048.86,0.0155,-8171034.61,2
2025-08-01,ACC0000003784,CUST0001909,SAVINGS,Tabungan Negara Plus,2021-03-06,ACTIVE,32569685.02,,0.1454,-2880832.24,1
2025-08-01,ACC0000003895,CUST0001964,INVESTMENT,Obligasi,2024-07-31,ACTIVE,0.00,,0.0705,0.00,0
2025-08-01,ACC0000004006,CUST0002022,SAVINGS,Tabungan Haji,2024-06-13,ACTIVE,14865345.49,,0.0871,-7149502.74,2
2025-08-01,ACC0000004377,CUST0002201,CREDIT_CARD,Kartu Classic,2023-03-13,ACTIVE,0.00,27297074.57,0.0325,-1491217.27,1
2025-08-01,ACC0000004690,CUST0002354,LOAN,KPR Rumah,2022-04-10,ACTIVE,0.00,,0.1119,-2239160.15,3
2025-08-01,ACC0000005005,CUST0002510,INVESTMENT,Deposito,2024-08-18,ACTIVE,0.00,,0.028,-4277556.99,1
2025-08-01,ACC0000005744,CUST0002883,INVESTMENT,Deposito,2021-04-24,ACTIVE,0.00,,0.0232,-4583254.04,2
2025-08-01,ACC0000005760,CUST0002893,LOAN,Kredit Kendaraan,2023-09-02,ACTIVE,0.00,,0.0848,0.00,0
2025-08-01,ACC0000005962,CUST0002996,LOAN,KPR Rumah,2022-02-03,ACTIVE,0.00,,0.0169,-5791169.34,2
2025-08-01,ACC0000006413,CUST0003223,INVESTMENT,Deposito,2024-03-11,CLOSED,0.00,,0.0146,0.00,0
2025-08-01,ACC0000006430,CUST0003232,LOAN,KPR Rumah,2024-03-29,DORMANT,0.00,,0.077,0.00,0
2025-08-01,ACC0000006583,CUST0003306,SAVINGS,Tabungan Negara Plus,2024-01-19,ACTIVE,28812749.83,,0.1436,7224871.26,2
2025-08-01,ACC0000006742,CUST0003387,CREDIT_CARD,Kartu Gold,2024-01-13,ACTIVE,0.00,49462562.18,0.0703,-1312064.95,2
2025-08-01,ACC0000006747,CUST0003390,CREDIT_CARD,Kartu Gold,2024-12-25,ACTIVE,0.00,15316388.36,0.098,0.00,0
2025-08-01,ACC0000007147,CUST0003598,INVESTMENT,Obligasi,2022-03-21,ACTIVE,0.00,,0.0605,2614403.84,1
2025-08-01,ACC0000007181,CUST0003614,SAVINGS,Tabungan Rencana,2022-07-09,ACTIVE,24734722.74,,0.1253,10938874.99,5
2025-08-01,ACC0000007235,CUST0003641,LOAN,Kredit Kendaraan,2021-12-21,ACTIVE,0.00,,0.0738,-3697161.69,2
2025-08-01,ACC0000007321,CUST0003680,CREDIT_CARD,Kartu Virtual,2023-03-05,ACTIVE,0.00,30968350.12,0.1098,0.00,0
2025-08-01,ACC0000007885,CUST0003964,SAVINGS,Tabungan Berjangka,2023-05-10,ACTIVE,4699620.50,,0.0512,1109364.60,1
2025-08-01,ACC0000000915,CUST0000457,SAVINGS,Tabungan Haji,2023-10-25,ACTIVE,48082039.37,,0.0893,4907927.15,1
2025-08-01,ACC0000001454,CUST0000729,CREDIT_CARD,Kartu Gold,2023-04-08,ACTIVE,0.00,42647762.00,0.106,0.00,0
2025-08-01,ACC0000001663,CUST0000838,LOAN,Kredit Kendaraan,2021-08-10,CLOSED,0.00,,0.0882,0.00,0
2025-08-01,ACC0000001718,CUST0000867,CREDIT_CARD,Kartu Classic,2024-01-26,ACTIVE,0.00,45658416.37,0.0554,3222941.34,1
2025-08-01,ACC0000002210,CUST0001109,CREDIT_CARD,Kartu Classic,2024-09-28,ACTIVE,0.00,47822222.88,0.0616,5294879.36,2
2025-08-01,ACC0000002239,CUST0001121,LOAN,Kredit Kendaraan,2022-04-30,ACTIVE,0.00,,0.1256,-3800660.00,3
2025-08-01,ACC0000002636,CUST0001328,INVESTMENT,Obligasi,2023-02-04,DORMANT,0.00,,0.1081,0.00,0
2025-08-01,ACC0000002805,CUST0001416,SAVINGS,Tabungan Haji,2022-08-21,ACTIVE,20506616.04,,0.1288,0.00,0
2025-08-01,ACC0000003132,CUST0001578,INVESTMENT,Obligasi,2022-04-18,DORMANT,0.00,,0.0843,0.00,0
2025-08-01,ACC0000003388,CUST0001704,SAVINGS,Tabungan Rencana,2023-08-26,ACTIVE,6211265.61,,0.1269,-1030842.67,4
2025-08-01,ACC0000004084,CUST0002059,INVESTMENT,Obligasi,2021-09-21,ACTIVE,0.00,,0.1365,4455546.27,1
2025-08-01,ACC0000004121,CUST0002075,SAVINGS,Tabungan Rencana,2023-08-27,ACTIVE,4364181.59,,0.0914,1519856.20,5
2025-08-01,ACC0000004149,CUST0002087,LOAN,KTA Personal,2023-08-13,ACTIVE,0.00,,0.0669,-1585075.90,1
2025-08-01,ACC0000004302,CUST0002162,INVESTMENT,Reksa Dana,2024-10-19,ACTIVE,0.00,,0.0195,-2627198.63,5
2025-08-01,ACC0000004349,CUST0002186,SAVINGS,Tabungan Negara Plus,2022-09-19,ACTIVE,36568187.42,,0.026,-1241322.80,2
2025-08-01,ACC0000004402,CUST0002210,LOAN,Kredit Kendaraan,2022-11-08,ACTIVE,0.00,,0.0706,4216224.15,2
2025-08-01,ACC0000004475,CUST0002247,LOAN,Kredit Usaha,2024-01-01,ACTIVE,0.00,,0.1168,0.00,0
2025-08-01,ACC0000004609,CUST0002312,LOAN,KPR Rumah,2021-04-28,ACTIVE,0.00,,0.1008,0.00,0
2025-08-01,ACC0000004643,CUST0002332,LOAN,Kredit Kendaraan,2023-06-15,DORMANT,0.00,,0.0925,0.00,0
2025-08-01,ACC0000004749,CUST0002382,LOAN,KPR Rumah,2023-08-31,SUSPENDED,0.00,,0.0614,0.00,0
2025-08-01,ACC0000004986,CUST0002499,LOAN,Kredit Usaha,2024-06-24,ACTIVE,0.00,,0.1201,0.00,0
2025-08-01,ACC0000005095,CUST0002558,CREDIT_CARD,Kartu Virtual,2021-06-10,ACTIVE,0.00,45905807.65,0.1163,2031829.26,2
2025-08-01,ACC0000005414,CUST0002716,INVESTMENT,Obligasi,2025-03-13,ACTIVE,0.00,,0.0264,-504700.93,2
2025-08-01,ACC0000005676,CUST0002847,SAVINGS,Tabungan Berjangka,2023-07-04,SUSPENDED,33541665.89,,0.071,0.00,0
2025-08-01,ACC0000005718,CUST0002869,LOAN,KPR Rumah,2025-05-20,ACTIVE,0.00,,0.1152,4971721.81,1
2025-08-01,ACC0000005855,CUST0002945,CREDIT_CARD,Kartu Platinum,2021-12-18,ACTIVE,0.00,47768084.51,0.0605,1426989.77,2
2025-08-01,ACC0000006246,CUST0003137,SAVINGS,Tabungan Rencana,2021-08-30,CLOSED,8342925.07,,0.0522,0.00,0
2025-08-01,ACC0000006376,CUST0003203,CREDIT_CARD,Kartu Platinum,2023-08-26,ACTIVE,0.00,46986601.72,0.0103,0.00,0
2025-08-01,ACC0000006564,CUST0003296,INVESTMENT,Obligasi,2023-08-31,DORMANT,0.00,,0.1047,0.00,0
2025-08-01,ACC0000006825,CUST0003427,CREDIT_CARD,Kartu Virtual,2022-04-07,ACTIVE,0.00,28849537.93,0.0587,-1939834.58,1
2025-08-01,ACC0000007001,CUST0003522,CREDIT_CARD,Kartu Virtual,2024-07-26,ACTIVE,0.00,5970940.42,0.1262,0.00,0
2025-08-01,ACC0000007332,CUST0003685,INVESTMENT,Obligasi,2023-12-24,CLOSED,0.00,,0.0731,0.00,0
2025-08-01,ACC0000007372,CUST0003706,INVESTMENT,Reksa Dana,2024-04-18,ACTIVE,0.00,,0.0328,0.00,0
2025-08-01,ACC0000007939,CUST0003989,LOAN,Kredit Kendaraan,2021-05-12,ACTIVE,0.00,,0.1301,9579730.47,4
2025-08-01,ACC0000007947,CUST0003994,CREDIT_CARD,Kartu Gold,2023-01-21,ACTIVE,0.00,21190995.22,0.1196,-3759046.29,3
2025-08-01,ACC0000000012,CUST0000006,LOAN,Kredit Kendaraan,2023-03-08,ACTIVE,0.00,,0.0935,0.00,0
2025-08-01,ACC0000000062,CUST0000032,CREDIT_CARD,Kartu Classic,2023-08-24,ACTIVE,0.00,42068276.31,0.0874,-3221947.22,1
2025-08-01,ACC0000000069,CUST0000036,INVESTMENT,Obligasi,2024-04-17,DORMANT,0.00,,0.0188,0.00,0
2025-08-01,ACC0000000126,CUST0000065,INVESTMENT,Reksa Dana,2024-09-03,DORMANT,0.00,,0.0568,0.00,0
2025-08-01,ACC0000000155,CUST0000078,INVESTMENT,Obligasi,2022-03-12,DORMANT,0.00,,0.0515,0.00,0
2025-08-01,ACC0000000520,CUST0000262,SAVINGS,Tabungan Negara Plus,2023-03-07,DORMANT,34992408.90,,0.1183,0.00,0
2025-08-01,ACC0000000941,CUST0000470,INVESTMENT,Obligasi,2024-04-20,DORMANT,0.00,,0.0203,0.00,0
2025-08-01,ACC0000001485,CUST0000744,SAVINGS,Tabungan Negara Plus,2021-12-26,ACTIVE,39288281.58,,0.0345,1959476.09,1
2025-08-01,ACC0000001598,CUST0000804,INVESTMENT,Obligasi,2024-03-31,ACTIVE,0.00,,0.1165,-4129879.78,1
2025-08-01,ACC0000001943,CUST0000977,SAVINGS,Tabungan Negara Plus,2023-10-24,ACTIVE,47192350.39,,0.0748,-477710.12,1
2025-08-01,ACC0000002526,CUST0001268,SAVINGS,Tabungan Negara Plus,2024-05-03,SUSPENDED,3517510.70,,0.1027,0.00,0
2025-08-01,ACC0000002563,CUST0001287,CREDIT_CARD,Kartu Platinum,2022-09-09,ACTIVE,0.00,17699068.53,0.036,-5628386.04,3
2025-08-01,ACC0000002644,CUST0001332,LOAN,Kredit Usaha,2024-12-06,ACTIVE,0.00,,0.1475,-4165031.46,2
2025-08-01,ACC0000002760,CUST0001395,INVESTMENT,Reksa Dana,2023-07-17,DORMANT,0.00,,0.0718,0.00,0
2025-08-01,ACC0000002839,CUST0001434,INVESTMENT,Reksa Dana,2023-08-16,ACTIVE,0.00,,0.1206,1688502.00,2
2025-08-01,ACC0000003113,CUST0001568,LOAN,KPR Rumah,2024-01-02,ACTIVE,0.00,,0.073,691694.64,2
2025-08-01,ACC0000003287,CUST0001657,SAVINGS,Tabungan Rencana,2023-01-04,ACTIVE,13211705.29,,0.0383,-372318.23,1
2025-08-01,ACC0000003315,CUST0001667,INVESTMENT,Deposito,2023-03-02,ACTIVE,0.00,,0.0271,5532360.79,4
2025-08-01,ACC0000003630,CUST0001831,LOAN,Kredit Usaha,2021-04-05,ACTIVE,0.00,,0.045,1351218.00,5
2025-08-01,ACC0000003659,CUST0001847,INVESTMENT,Deposito,2023-07-10,CLOSED,0.00,,0.0592,0.00,0
2025-08-01,ACC0000004162,CUST0002096,LOAN,Kredit Kendaraan,2024-03-04,ACTIVE,0.00,,0.1316,-487769.68,2
2025-08-01,ACC0000004624,CUST0002321,SAVINGS,Tabungan Rencana,2024-03-16,ACTIVE,20267661.99,,0.0188,-6659660.21,5
2025-08-01,ACC0000005128,CUST0002574,CREDIT_CARD,Kartu Platinum,2025-05-01,ACTIVE,0.00,45439007.80,0.0947,4403333.19,2
2025-08-01,ACC0000005158,CUST0002588,SAVINGS,Tabungan Haji,2022-05-21,ACTIVE,11269981.91,,0.0849,-4617127.64,2
2025-08-01,ACC0000005467,CUST0002742,SAVINGS,Tabungan Haji,2023-07-08,ACTIVE,11863798.77,,0.116,-1457900.56,2
2025-08-01,ACC0000005666,CUST0002842,LOAN,Kredit Kendaraan,2024-03-07,ACTIVE,0.00,,0.0506,-64173.39,1
2025-08-01,ACC0000005875,CUST0002954,SAVINGS,Tabungan Rencana,2022-08-20,ACTIVE,14690913.38,,0.0252,-6597935.38,3
2025-08-01,ACC0000005898,CUST0002965,INVESTMENT,Deposito,2021-03-23,ACTIVE,0.00,,0.0749,0.00,0
2025-08-01,ACC0000005903,CUST0002967,SAVINGS,Tabungan Berjangka,2022-08-18,ACTIVE,39129387.24,,0.0228,505614.68,2
2025-08-01,ACC0000005949,CUST0002989,SAVINGS,Tabungan Haji,2024-08-25,ACTIVE,9511329.59,,0.036,-835781.50,2
2025-08-01,ACC0000005990,CUST0003011,LOAN,KTA Personal,2025-03-02,ACTIVE,0.00,,0.0864,1137787.31,1
2025-08-01,ACC0000006284,CUST0003156,SAVINGS,Tabungan Rencana,2025-02-28,DORMANT,44701909.13,,0.1467,0.00,0
2025-08-01,ACC0000006408,CUST0003220,LOAN,KTA Personal,2023-08-20,ACTIVE,0.00,,0.0245,-3684067.32,1
2025-08-01,ACC0000006435,CUST0003234,CREDIT_CARD,Kartu Virtual,2022-06-14,ACTIVE,0.00,25083914.90,0.0195,791288.88,1
2025-08-01,ACC0000007121,CUST0003584,SAVINGS,Tabungan Negara Plus,2022-09-14,CLOSED,32546212.54,,0.0416,0.00,0
2025-08-01,ACC0000007261,CUST0003652,SAVINGS,Tabungan Haji,2023-09-11,ACTIVE,30280477.48,,0.1263,6665759.10,2
2025-08-01,ACC0000007425,CUST0003731,CREDIT_CARD,Kartu Virtual,2022-01-31,ACTIVE,0.00,9623019.88,0.0512,4146178.07,1
2025-08-01,ACC0000007499,CUST0003766,LOAN,Kredit Usaha,2025-04-19,SUSPENDED,0.00,,0.0871,0.00,0
2025-08-01,ACC0000007547,CUST0003790,CREDIT_CARD,Kartu Gold,2022-05-11,CLOSED,0.00,17939616.68,0.1387,0.00,0
2025-08-01,ACC0000007578,CUST0003807,SAVINGS,Tabungan Berjangka,2023-02-06,ACTIVE,48626476.24,,0.0715,6712538.70,2
2025-08-01,ACC0000007704,CUST0003871,INVESTMENT,Reksa Dana,2021-10-18,ACTIVE,0.00,,0.0736,6481758.93,3
2025-08-01,ACC0000007778,CUST0003910,INVESTMENT,Reksa Dana,2024-08-02,ACTIVE,0.00,,0.104,4281782.50,1
2025-08-01,ACC0000000112,CUST0000059,LOAN,Kredit Usaha,2023-07-28,ACTIVE,0.00,,0.0202,-1133460.62,1
2025-08-01,ACC0000000132,CUST0000067,SAVINGS,Tabungan Rencana,2025-06-20,ACTIVE,8263031.33,,0.1032,0.00,0
2025-08-01,ACC0000000314,CUST0000156,CREDIT_CARD,Kartu Gold,2021-10-29,ACTIVE,0.00,42773235.62,0.1108,-4561271.13,1
2025-08-01,ACC0000001379,CUST0000692,INVESTMENT,Deposito,2023-09-24,ACTIVE,0.00,,0.1145,-4650966.98,1
2025-08-01,ACC0000001444,CUST0000726,CREDIT_CARD,Kartu Classic,2021-09-17,ACTIVE,0.00,47451751.01,0.0382,6584868.59,2
2025-08-01,ACC0000001643,CUST0000828,CREDIT_CARD,Kartu Virtual,2021-08-20,ACTIVE,0.00,42202020.02,0.0266,4072989.41,1
2025-08-01,ACC0000001772,CUST0000894,LOAN,Kredit Kendaraan,2021-08-27,ACTIVE,0.00,,0.0948,-4725662.42,3
2025-08-01,ACC0000001888,CUST0000951,INVESTMENT,Reksa Dana,2022-07-14,DORMANT,0.00,,0.0783,0.00,0
2025-08-01,ACC0000002353,CUST0001178,INVESTMENT,Obligasi,2023-07-13,ACTIVE,0.00,,0.0747,-1729470.83,3
2025-08-01,ACC0000002382,CUST0001193,LOAN,Kredit Kendaraan,2022-08-02,ACTIVE,0.00,,0.1159,-2808238.90,2
2025-08-01,ACC0000002578,CUST0001294,SAVINGS,Tabungan Negara Plus,2022-10-11,DORMANT,12024618.48,,0.1018,0.00,0
2025-08-01,ACC0000002686,CUST0001356,CREDIT_CARD,Kartu Virtual,2025-07-10,ACTIVE,0.00,21155293.25,0.042,8889874.11,2
2025-08-01,ACC0000002817,CUST0001423,CREDIT_CARD,Kartu Virtual,2023-01-27,ACTIVE,0.00,31936353.53,0.0272,8062741.74,2
2025-08-01,ACC0000003455,CUST0001737,INVESTMENT,Deposito,2021-07-27,CLOSED,0.00,,0.0367,0.00,0
2025-08-01,ACC0000004046,CUST0002042,INVESTMENT,SBN Retail,2021-09-30,ACTIVE,0.00,,0.1115,4396180.41,1
2025-08-01,ACC0000004237,CUST0002132,CREDIT_CARD,Kartu Virtual,2022-05-04,DORMANT,0.00,23066320.69,0.0658,0.00,0
2025-08-01,ACC0000004434,CUST0002227,INVESTMENT,SBN Retail,2025-02-16,CLOSED,0.00,,0.0653,0.00,0
2025-08-01,ACC0000004724,CUST0002371,SAVINGS,Tabungan Rencana,2023-07-27,SUSPENDED,42543998.89,,0.0519,0.00,0
2025-08-01,ACC0000004770,CUST0002391,LOAN,Kredit Usaha,2022-04-06,CLOSED,0.00,,0.0545,0.00,0
2025-08-01,ACC0000005144,CUST0002583,INVESTMENT,SBN Retail,2023-12-25,ACTIVE,0.00,,0.1257,5326726.32,2
2025-08-01,ACC0000005564,CUST0002790,INVESTMENT,Reksa Dana,2024-12-30,ACTIVE,0.00,,0.1464,-2710284.53,1
2025-08-01,ACC0000005579,CUST0002799,LOAN,Kredit Kendaraan,2021-09-28,ACTIVE,0.00,,0.1143,6089280.73,2
2025-08-01,ACC0000005596,CUST0002809,LOAN,Kredit Kendaraan,2023-04-28,ACTIVE,0.00,,0.016,0.00,0
2025-08-01,ACC0000005639,CUST0002829,CREDIT_CARD,Kartu Gold,2024-07-20,ACTIVE,0.00,26734003.45,0.0704,2226644.56,2
2025-08-01,ACC0000005752,CUST0002887,INVESTMENT,Reksa Dana,2021-11-19,ACTIVE,0.00,,0.0869,2475538.58,2
2025-08-01,ACC0000005780,CUST0002904,SAVINGS,Tabungan Berjangka,2022-01-05,ACTIVE,16969516.92,,0.0587,0.00,0
2025-08-01,ACC0000005911,CUST0002972,LOAN,KPR Rumah,2021-07-14,ACTIVE,0.00,,0.0739,321039.47,2
2025-08-01,ACC0000005945,CUST0002987,CREDIT_CARD,Kartu Platinum,2023-09-07,ACTIVE,0.00,20262233.82,0.0491,3323042.52,4
2025-08-01,ACC0000006002,CUST0003017,LOAN,Kredit Usaha,2023-08-19,ACTIVE,0.00,,0.107,2080943.90,2
2025-08-01,ACC0000006203,CUST0003117,LOAN,Kredit Usaha,2024-08-27,ACTIVE,0.00,,0.0543,-3871335.38,1
2025-08-01,ACC0000006332,CUST0003179,SAVINGS,Tabungan Haji,2024-09-22,ACTIVE,14843801.28,,0.0651,-539770.28,2
2025-08-01,ACC0000006508,CUST0003269,INVESTMENT,Obligasi,2021-12-19,ACTIVE,0.00,,0.1134,4096696.24,1
2025-08-01,ACC0000007087,CUST0003564,LOAN,KTA Personal,2022-02-26,ACTIVE,0.00,,0.0106,3740592.27,2
2025-08-01,ACC0000007157,CUST0003603,CREDIT_CARD,Kartu Gold,2021-05-19,ACTIVE,0.00,41316123.10,0.0292,-685474.24,1
2025-08-01,ACC0000007371,CUST0003705,CREDIT_CARD,Kartu Gold,2023-02-11,DORMANT,0.00,17882720.17,0.029,0.00,0
2025-08-01,ACC0000007373,CUST0003707,INVESTMENT,SBN Retail,2025-02-12,ACTIVE,0.00,,0.1209,7991817.32,2
2025-08-01,ACC0000007854,CUST0003946,SAVINGS,Tabungan Haji,2023-12-04,ACTIVE,524085.30,,0.1254,-92691.32,3
2025-08-01,ACC0000000298,CUST0000149,SAVINGS,Tabungan Berjangka,2023-07-01,ACTIVE,26662334.22,,0.0928,-1426649.01,3
2025-08-01,ACC0000000331,CUST0000166,INVESTMENT,Reksa Dana,2024-06-15,CLOSED,0.00,,0.0292,0.00,0
2025-08-01,ACC0000000360,CUST0000180,CREDIT_CARD,Kartu Virtual,2023-03-10,ACTIVE,0.00,10694037.41,0.0511,3190063.41,5
2025-08-01,ACC0000000584,CUST0000295,SAVINGS,Tabungan Haji,2025-03-26,ACTIVE,19065461.86,,0.1309,-6122120.98,2
2025-08-01,ACC0000001071,CUST0000535,LOAN,KTA Personal,2022-11-29,ACTIVE,0.00,,0.1353,4858431.33,1
2025-08-01,ACC0000001290,CUST0000650,CREDIT_CARD,Kartu Virtual,2021-11-07,ACTIVE,0.00,8579147.65,0.0833,6919668.01,3
2025-08-01,ACC0000001366,CUST0000684,LOAN,KTA Personal,2024-06-08,ACTIVE,0.00,,0.1418,-4245148.42,2
2025-08-01,ACC0000001435,CUST0000722,INVESTMENT,Obligasi,2024-02-09,ACTIVE,0.00,,0.1414,0.00,0
2025-08-01,ACC0000001440,CUST0000724,SAVINGS,Tabungan Negara Plus,2021-12-06,ACTIVE,3228240.26,,0.0956,-4057803.78,2
2025-08-01,ACC0000001484,CUST0000743,SAVINGS,Tabungan Rencana,2022-07-06,ACTIVE,30486708.43,,0.0255,72603.98,2
2025-08-01,ACC0000001623,CUST0000817,INVESTMENT,SBN Retail,2023-09-05,CLOSED,0.00,,0.0578,0.00,0
2025-08-01,ACC0000001647,CUST0000830,LOAN,Kredit Kendaraan,2024-12-13,ACTIVE,0.00,,0.0655,4583011.91,1
2025-08-01,ACC0000001839,CUST0000924,LOAN,Kredit Usaha,2022-07-11,ACTIVE,0.00,,0.1231,0.00,0
2025-08-01,ACC0000001879,CUST0000946,LOAN,KTA Personal,2023-03-08,ACTIVE,0.00,,0.1191,0.00,0
2025-08-01,ACC0000002020,CUST0001016,LOAN,KTA Personal,2024-03-11,ACTIVE,0.00,,0.0759,0.00,0
2025-08-01,ACC0000002053,CUST0001034,CREDIT_CARD,Kartu Classic,2024-01-13,ACTIVE,0.00,37961884.20,0.098,-14735122.17,5
2025-08-01,ACC0000002336,CUST0001170,SAVINGS,Tabungan Negara Plus,2022-01-07,ACTIVE,37282352.39,,0.1057,5465992.42,3
2025-08-01,ACC0000002364,CUST0001183,SAVINGS,Tabungan Haji,2022-01-26,ACTIVE,1710977.04,,0.0225,-12018530.10,4
2025-08-01,ACC0000002648,CUST0001334,CREDIT_CARD,Kartu Platinum,2023-01-06,ACTIVE,0.00,41655093.10,0.0503,4469887.63,1
2025-08-01,ACC0000002688,CUST0001357,INVESTMENT,SBN Retail,2022-06-18,ACTIVE,0.00,,0.0662,3439954.54,1
2025-08-01,ACC0000002776,CUST0001403,LOAN,Kredit Usaha,2022-02-26,ACTIVE,0.00,,0.1263,3506088.39,2
2025-08-01,ACC0000003060,CUST0001539,INVESTMENT,SBN Retail,2021-03-05,ACTIVE,0.00,,0.019,-1209434.54,2
2025-08-01,ACC0000003197,CUST0001611,SAVINGS,Tabungan Negara Plus,2021-11-29,DORMANT,760221.46,,0.0818,0.00,0
2025-08-01,ACC0000003256,CUST0001642,CREDIT_CARD,Kartu Gold,2023-03-26,ACTIVE,0.00,23264439.89,0.0214,1525023.24,2
2025-08-01,ACC0000003331,CUST0001675,CREDIT_CARD,Kartu Gold,2022-10-05,ACTIVE,0.00,38128956.92,0.0133,-633534.05,1
2025-08-01,ACC0000003385,CUST0001702,LOAN,Kredit Kendaraan,2025-05-25,ACTIVE,0.00,,0.0559,575493.86,1
2025-08-01,ACC0000003889,CUST0001960,SAVINGS,Tabungan Haji,2022-07-28,ACTIVE,23493709.19,,0.0611,4976116.55,3
2025-08-01,ACC0000004021,CUST0002028,INVESTMENT,Obligasi,2024-09-29,DORMANT,0.00,,0.1471,0.00,0
2025-08-01,ACC0000004073,CUST0002054,LOAN,Kredit Usaha,2023-04-08,ACTIVE,0.00,,0.0919,3918272.92,2
2025-08-01,ACC0000004279,CUST0002153,INVESTMENT,SBN Retail,2025-05-23,ACTIVE,0.00,,0.0968,-944226.70,2
2025-08-01,ACC0000004366,CUST0002196,INVESTMENT,Obligasi,2025-03-21,ACTIVE,0.00,,0.142,-3623553.07,4
2025-08-01,ACC0000004396,CUST0002207,LOAN,KPR Rumah,2021-05-08,ACTIVE,0.00,,0.1008,1716003.92,3
2025-08-01,ACC0000004508,CUST0002264,LOAN,KPR Rumah,2024-10-13,ACTIVE,0.00,,0.1053,160772.16,4
2025-08-01,ACC0000004534,CUST0002278,SAVINGS,Tabungan Berjangka,2024-06-01,ACTIVE,22676598.66,,0.038,-4684614.44,2
2025-08-01,ACC0000005342,CUST0002681,LOAN,Kredit Kendaraan,2021-06-27,ACTIVE,0.00,,0.0674,1976848.95,2
2025-08-01,ACC0000005535,CUST0002776,LOAN,KPR Rumah,2025-01-18,ACTIVE,0.00,,0.0941,-2311691.48,1
2025-08-01,ACC0000005650,CUST0002835,LOAN,KPR Rumah,2022-12-01,ACTIVE,0.00,,0.0831,2825616.74,1
2025-08-01,ACC0000005743,CUST0002882,CREDIT_CARD,Kartu Gold,2025-05-21,ACTIVE,0.00,14830951.45,0.0645,2081212.97,1
2025-08-01,ACC0000005745,CUST0002883,LOAN,Kredit Kendaraan,2021-07-29,ACTIVE,0.00,,0.1344,2369507.18,1
2025-08-01,ACC0000007253,CUST0003648,INVESTMENT,Reksa Dana,2023-01-18,ACTIVE,0.00,,0.0797,3928064.85,2
2025-08-01,ACC0000007382,CUST0003712,INVESTMENT,Reksa Dana,2021-05-06,ACTIVE,0.00,,0.0149,17998015.87,5
2025-08-01,ACC0000007433,CUST0003734,CREDIT_CARD,Kartu Classic,2023-08-11,ACTIVE,0.00,40890900.58,0.1017,0.00,0
2025-08-01,ACC0000000123,CUST0000064,LOAN,KTA Personal,2021-02-27,ACTIVE,0.00,,0.0719,-4286655.65,1
2025-08-01,ACC0000000214,CUST0000108,SAVINGS,Tabungan Rencana,2023-03-07,DORMANT,19538631.76,,0.0941,0.00,0
2025-08-01,ACC0000000435,CUST0000218,INVESTMENT,Deposito,2021-02-06,ACTIVE,0.00,,0.0967,3016905.99,1
2025-08-01,ACC0000000513,CUST0000259,SAVINGS,Tabungan Haji,2023-02-23,ACTIVE,44652095.34,,0.1458,-98649.25,3
2025-08-01,ACC0000000669,CUST0000330,CREDIT_CARD,Kartu Classic,2024-12-05,ACTIVE,0.00,19331116.54,0.1236,-1493770.33,4
2025-08-01,ACC0000000826,CUST0000411,INVESTMENT,Deposito,2023-03-02,ACTIVE,0.00,,0.0691,0.00,0
2025-08-01,ACC0000000829,CUST0000413,LOAN,Kredit Usaha,2023-10-13,ACTIVE,0.00,,0.0703,-3032092.00,1
2025-08-01,ACC0000000899,CUST0000447,CREDIT_CARD,Kartu Gold,2024-03-24,ACTIVE,0.00,33692298.76,0.102,0.00,0
2025-08-01,ACC0000000938,CUST0000467,CREDIT_CARD,Kartu Classic,2024-01-29,ACTIVE,0.00,8251792.66,0.0758,-1795755.27,1
2025-08-01,ACC0000001040,CUST0000520,LOAN,KPR Rumah,2024-06-15,ACTIVE,0.00,,0.0583,4677980.02,1
2025-08-01,ACC0000001063,CUST0000532,SAVINGS,Tabungan Haji,2024-03-31,ACTIVE,24336236.94,,0.0651,4999721.47,1
2025-08-01,ACC0000001094,CUST0000548,SAVINGS,Tabungan Negara Plus,2023-03-03,ACTIVE,21144559.54,,0.0678,-580496.91,3
2025-08-01,ACC0000001184,CUST0000594,INVESTMENT,Reksa Dana,2022-02-22,ACTIVE,0.00,,0.1305,-2118645.06,1
2025-08-01,ACC0000001241,CUST0000624,SAVINGS,Tabungan Negara Plus,2023-11-05,ACTIVE,37990026.16,,0.0492,-1290270.33,1
2025-08-01,ACC0000001285,CUST0000647,SAVINGS,Tabungan Haji,2024-12-01,ACTIVE,37592193.10,,0.122,-1536986.17,1
2025-08-01,ACC0000001522,CUST0000762,LOAN,KPR Rumah,2021-08-18,SUSPENDED,0.00,,0.0617,0.00,0
2025-08-01,ACC0000001690,CUST0000852,CREDIT_CARD,Kartu Gold,2024-11-20,ACTIVE,0.00,17338151.72,0.1209,0.00,0
2025-08-01,ACC0000001848,CUST0000929,CREDIT_CARD,Kartu Platinum,2024-09-16,ACTIVE,0.00,46000934.66,0.0545,-1974504.59,3
2025-08-01,ACC0000001860,CUST0000936,INVESTMENT,SBN Retail,2023-11-10,ACTIVE,0.00,,0.0928,-1920637.22,4
2025-08-01,ACC0000002037,CUST0001026,INVESTMENT,SBN Retail,2024-01-15,ACTIVE,0.00,,0.133,315827.75,3
2025-08-01,ACC0000002080,CUST0001048,LOAN,Kredit Kendaraan,2024-08-28,ACTIVE,0.00,,0.012,0.00,0
2025-08-01,ACC0000002101,CUST0001058,CREDIT_CARD,Kartu Gold,2023-01-01,CLOSED,0.00,9682120.21,0.0374,0.00,0
2025-08-01,ACC0000002139,CUST0001075,INVESTMENT,SBN Retail,2024-08-05,ACTIVE,0.00,,0.044,-1741734.72,2
2025-08-01,ACC0000002984,CUST0001503,SAVINGS,Tabungan Berjangka,2023-09-27,DORMANT,4448319.47,,0.0649,0.00,0
2025-08-01,ACC0000003212,CUST0001621,CREDIT_CARD,Kartu Classic,2022-07-26,ACTIVE,0.00,19220189.90,0.1248,0.00,0
2025-08-01,ACC0000003595,CUST0001813,SAVINGS,Tabungan Haji,2021-12-07,ACTIVE,31646670.78,,0.075,0.00,0
2025-08-01,ACC0000003600,CUST0001815,SAVINGS,Tabungan Negara Plus,2021-12-08,DORMANT,36231797.90,,0.1024,0.00,0
2025-08-01,ACC0000004091,CUST0002063,CREDIT_CARD,Kartu Platinum,2024-06-27,ACTIVE,0.00,19849034.62,0.0518,0.00,0
2025-08-01,ACC0000004754,CUST0002384,INVESTMENT,Obligasi,2025-06-21,ACTIVE,0.00,,0.1225,-1914372.85,2
2025-08-01,ACC0000005238,CUST0002632,LOAN,KPR Rumah,2024-06-12,ACTIVE,0.00,,0.0694,0.00,0
2025-08-01,ACC0000006103,CUST0003066,CREDIT_CARD,Kartu Platinum,2022-12-21,ACTIVE,0.00,18772302.08,0.1395,2190383.97,1
2025-08-01,ACC0000006369,CUST0003200,SAVINGS,Tabungan Berjangka,2022-10-16,ACTIVE,36471351.33,,0.0379,1194097.29,2
2025-08-01,ACC0000006669,CUST0003351,INVESTMENT,Deposito,2025-03-31,DORMANT,0.00,,0.108,0.00,0
2025-08-01,ACC0000007091,CUST0003567,CREDIT_CARD,Kartu Platinum,2023-10-11,ACTIVE,0.00,33475150.33,0.0889,-1311075.09,2
2025-08-01,ACC0000007206,CUST0003625,INVESTMENT,Obligasi,2023-04-10,ACTIVE,0.00,,0.1174,7928271.19,2
2025-08-01,ACC0000007468,CUST0003753,INVESTMENT,Obligasi,2023-06-14,ACTIVE,0.00,,0.1032,-2666708.98,3
2025-08-01,ACC0000007577,CUST0003807,LOAN,Kredit Usaha,2023-01-31,ACTIVE,0.00,,0.037,5457820.60,2
2025-08-01,ACC0000007688,CUST0003862,SAVINGS,Tabungan Haji,2021-10-12,ACTIVE,32929210.14,,0.0183,-2413232.52,1
2025-08-01,ACC0000007728,CUST0003885,SAVINGS,Tabungan Negara Plus,2024-04-01,ACTIVE,31368310.08,,0.1365,0.00,0
2025-08-01,ACC0000000144,CUST0000073,CREDIT_CARD,Kartu Gold,2023-07-11,CLOSED,0.00,24130036.64,0.119,0.00,0
2025-08-01,ACC0000000621,CUST0000310,SAVINGS,Tabungan Negara Plus,2022-06-14,DORMANT,11857874.95,,0.0812,0.00,0
2025-08-01,ACC0000000704,CUST0000350,CREDIT_CARD,Kartu Classic,2024-07-05,ACTIVE,0.00,13565241.78,0.1276,4304902.08,1
2025-08-01,ACC0000000718,CUST0000356,LOAN,Kredit Usaha,2022-09-14,ACTIVE,0.00,,0.129,4974859.86,1
2025-08-01,ACC0000001160,CUST0000582,LOAN,Kredit Usaha,2022-05-01,CLOSED,0.00,,0.0441,0.00,0
2025-08-01,ACC0000001179,CUST0000591,INVESTMENT,Obligasi,2024-01-02,ACTIVE,0.00,,0.0986,4701590.89,1
2025-08-01,ACC0000001200,CUST0000600,SAVINGS,Tabungan Haji,2024-05-29,CLOSED,38529588.99,,0.0962,0.00,0
2025-08-01,ACC0000001210,CUST0000606,LOAN,Kredit Kendaraan,2022-07-24,ACTIVE,0.00,,0.1452,-851279.76,1
2025-08-01,ACC0000001421,CUST0000716,CREDIT_CARD,Kartu Classic,2023-09-08,ACTIVE,0.00,9789027.03,0.1286,0.00,0
2025-08-01,ACC0000001615,CUST0000814,INVESTMENT,Deposito,2022-07-25,ACTIVE,0.00,,0.0592,0.00,0
2025-08-01,ACC0000001786,CUST0000899,LOAN,KTA Personal,2023-11-28,ACTIVE,0.00,,0.0757,-2974340.27,1
2025-08-01,ACC0000001845,CUST0000928,LOAN,KPR Rumah,2021-06-19,ACTIVE,0.00,,0.0458,3207115.93,1
2025-08-01,ACC0000002280,CUST0001143,CREDIT_CARD,Kartu Classic,2025-01-23,ACTIVE,0.00,24730426.09,0.0244,3136083.19,2
2025-08-01,ACC0000002357,CUST0001180,SAVINGS,Tabungan Rencana,2021-11-15,DORMANT,25805699.84,,0.113,0.00,0
2025-08-01,ACC0000002372,CUST0001188,SAVINGS,Tabungan Negara Plus,2024-03-25,ACTIVE,18177882.12,,0.1234,-784333.33,1
2025-08-01,ACC0000002411,CUST0001209,LOAN,KTA Personal,2022-07-19,ACTIVE,0.00,,0.1024,2891504.62,1
2025-08-01,ACC0000002549,CUST0001282,CREDIT_CARD,Kartu Platinum,2024-12-04,DORMANT,0.00,44789634.26,0.1159,0.00,0
2025-08-01,ACC0000002744,CUST0001386,SAVINGS,Tabungan Haji,2021-08-24,ACTIVE,15594806.35,,0.131,-3135333.39,3
2025-08-01,ACC0000002751,CUST0001389,CREDIT_CARD,Kartu Platinum,2021-10-11,ACTIVE,0.00,7666100.39,0.0142,0.00,0
2025-08-01,ACC0000002927,CUST0001477,SAVINGS,Tabungan Berjangka,2022-06-12,ACTIVE,22565938.08,,0.0787,-5687933.93,4
2025-08-01,ACC0000003285,CUST0001656,INVESTMENT,Reksa Dana,2021-08-28,ACTIVE,0.00,,0.0931,-961272.77,1
2025-08-01,ACC0000003292,CUST0001658,INVESTMENT,Deposito,2025-01-22,ACTIVE,0.00,,0.08,5194487.06,3
2025-08-01,ACC0000003830,CUST0001932,CREDIT_CARD,Kartu Classic,2022-02-18,ACTIVE,0.00,24253295.51,0.0514,-2950654.98,1
2025-08-01,ACC0000003888,CUST0001959,INVESTMENT,SBN Retail,2024-12-02,ACTIVE,0.00,,0.1483,1278149.55,2
2025-08-01,ACC0000004222,CUST0002125,SAVINGS,Tabungan Rencana,2024-01-28,ACTIVE,12504579.33,,0.1304,2154102.08,1
2025-08-01,ACC0000004326,CUST0002176,LOAN,Kredit Usaha,2025-03-05,ACTIVE,0.00,,0.0146,-4299615.59,3
2025-08-01,ACC0000004621,CUST0002320,LOAN,Kredit Kendaraan,2025-05-01,ACTIVE,0.00,,0.1222,-4674357.55,1
2025-08-01,ACC0000004855,CUST0002435,CREDIT_CARD,Kartu Virtual,2024-12-29,ACTIVE,0.00,45981835.52,0.0125,0.00,0
2025-08-01,ACC0000004875,CUST0002446,INVESTMENT,Deposito,2023-04-12,DORMANT,0.00,,0.1142,0.00,0
2025-08-01,ACC0000005184,CUST0002600,INVESTMENT,Reksa Dana,2022-09-02,SUSPENDED,0.00,,0.0202,0.00,0
2025-08-01,ACC0000005208,CUST0002613,LOAN,Kredit Usaha,2022-06-22,ACTIVE,0.00,,0.0193,-4497025.38,1
2025-08-01,ACC0000005781,CUST0002904,LOAN,KPR Rumah,2022-03-22,ACTIVE,0.00,,0.1095,3906466.43,1
2025-08-01,ACC0000005834,CUST0002932,SAVINGS,Tabungan Negara Plus,2021-10-24,ACTIVE,23542624.89,,0.0228,3828996.44,2
2025-08-01,ACC0000005873,CUST0002954,CREDIT_CARD,Kartu Virtual,2022-09-07,DORMANT,0.00,41456619.55,0.1071,0.00,0
2025-08-01,ACC0000006175,CUST0003103,SAVINGS,Tabungan Berjangka,2023-08-13,CLOSED,25348263.18,,0.1395,0.00,0
2025-08-01,ACC0000006180,CUST0003105,CREDIT_CARD,Kartu Virtual,2023-05-15,ACTIVE,0.00,5325845.33,0.0316,0.00,0
2025-08-01,ACC0000006247,CUST0003137,CREDIT_CARD,Kartu Classic,2021-04-28,ACTIVE,0.00,22352092.36,0.1428,5347411.96,4
2025-08-01,ACC0000006386,CUST0003208,CREDIT_CARD,Kartu Gold,2023-04-03,ACTIVE,0.00,47867054.16,0.0223,2889825.57,1
2025-08-01,ACC0000006739,CUST0003385,SAVINGS,Tabungan Haji,2022-09-05,CLOSED,3838680.52,,0.0249,0.00,0
2025-08-01,ACC0000006813,CUST0003420,LOAN,Kredit Usaha,2025-03-17,ACTIVE,0.00,,0.1005,-4964964.34,2
2025-08-01,ACC0000006821,CUST0003426,LOAN,KPR Rumah,2022-12-18,ACTIVE,0.00,,0.0159,5211202.06,2
2025-08-01,ACC0000006839,CUST0003435,SAVINGS,Tabungan Haji,2023-07-12,ACTIVE,1100796.38,,0.0104,2368560.34,3
2025-08-01,ACC0000006952,CUST0003496,SAVINGS,Tabungan Berjangka,2021-11-10,ACTIVE,2122007.76,,0.1268,-1515062.78,2
2025-08-01,ACC0000006981,CUST0003512,SAVINGS,Tabungan Negara Plus,2024-08-31,CLOSED,28232710.97,,0.1293,0.00,0
2025-08-01,ACC0000007086,CUST0003564,LOAN,Kredit Kendaraan,2021-12-25,ACTIVE,0.00,,0.0783,0.00,0
2025-08-01,ACC0000007544,CUST0003789,INVESTMENT,Obligasi,2024-07-17,CLOSED,0.00,,0.0349,0.00,0
2025-08-01,ACC0000007636,CUST0003837,INVESTMENT,Reksa Dana,2023-06-21,ACTIVE,0.00,,0.0627,-2898292.29,1
2025-08-01,ACC0000007895,CUST0003970,SAVINGS,Tabungan Negara Plus,2023-06-12,ACTIVE,40718147.09,,0.1294,7456473.98,4
2025-08-01,ACC0000000457,CUST0000231,LOAN,Kredit Usaha,2024-04-01,ACTIVE,0.00,,0.0506,-4901543.88,3
2025-08-01,ACC0000000776,CUST0000385,LOAN,Kredit Usaha,2024-12-29,ACTIVE,0.00,,0.0921,1084072.08,1
2025-08-01,ACC0000001019,CUST0000510,LOAN,Kredit Usaha,2021-09-20,ACTIVE,0.00,,0.1346,3693328.92,3
2025-08-01,ACC0000001183,CUST0000593,LOAN,KPR Rumah,2023-07-11,ACTIVE,0.00,,0.0865,-653842.92,2
2025-08-01,ACC0000001394,CUST0000700,LOAN,KTA Personal,2021-09-07,ACTIVE,0.00,,0.1007,-2216089.01,4
2025-08-01,ACC0000001742,CUST0000879,CREDIT_CARD,Kartu Gold,2022-11-02,ACTIVE,0.00,47439571.07,0.0117,2246930.45,1
2025-08-01,ACC0000002126,CUST0001069,SAVINGS,Tabungan Berjangka,2021-08-14,ACTIVE,21289928.79,,0.0247,10340076.61,4
2025-08-01,ACC0000002554,CUST0001284,LOAN,Kredit Usaha,2023-04-21,DORMANT,0.00,,0.1073,0.00,0
2025-08-01,ACC0000002692,CUST0001359,INVESTMENT,Obligasi,2023-06-03,ACTIVE,0.00,,0.1218,6530654.67,2
2025-08-01,ACC0000002951,CUST0001487,LOAN,Kredit Kendaraan,2022-01-02,ACTIVE,0.00,,0.0124,0.00,0
2025-08-01,ACC0000003003,CUST0001513,CREDIT_CARD,Kartu Virtual,2024-05-09,ACTIVE,0.00,9532390.72,0.1443,3193444.96,1
2025-08-01,ACC0000003329,CUST0001674,CREDIT_CARD,Kartu Platinum,2023-09-05,ACTIVE,0.00,27474937.53,0.1244,-2605586.87,1
2025-08-01,ACC0000003799,CUST0001916,LOAN,Kredit Usaha,2023-12-18,SUSPENDED,0.00,,0.0228,0.00,0
2025-08-01,ACC0000004009,CUST0002023,INVESTMENT,SBN Retail,2022-10-11,SUSPENDED,0.00,,0.1316,0.00,0
2025-08-01,ACC0000004247,CUST0002137,SAVINGS,Tabungan Negara Plus,2024-08-11,ACTIVE,15835204.98,,0.1132,1021114.20,3
2025-08-01,ACC0000004253,CUST0002139,LOAN,Kredit Kendaraan,2024-03-28,ACTIVE,0.00,,0.1209,-4773253.00,3
2025-08-01,ACC0000004337,CUST0002181,LOAN,KPR Rumah,2022-05-25,ACTIVE,0.00,,0.0314,4658891.97,4
2025-08-01,ACC0000004432,CUST0002226,LOAN,KPR Rumah,2022-05-05,CLOSED,0.00,,0.0817,0.00,0
2025-08-01,ACC0000004541,CUST0002281,SAVINGS,Tabungan Negara Plus,2022-11-20,ACTIVE,19544341.81,,0.0932,-3280626.74,1
2025-08-01,ACC0000004632,CUST0002326,INVESTMENT,Reksa Dana,2023-08-03,CLOSED,0.00,,0.04,0.00,0
2025-08-01,ACC0000004811,CUST0002415,SAVINGS,Tabungan Berjangka,2023-04-01,ACTIVE,2112382.61,,0.1111,0.00,0
2025-08-01,ACC0000004835,CUST0002426,CREDIT_CARD,Kartu Gold,2021-08-31,ACTIVE,0.00,45373401.02,0.0412,-2282505.19,1
2025-08-01,ACC0000004847,CUST0002432,SAVINGS,Tabungan Haji,2023-07-05,ACTIVE,27858474.20,,0.0293,-209342.51,3
2025-08-01,ACC0000005000,CUST0002507,INVESTMENT,Deposito,2021-08-21,ACTIVE,0.00,,0.0298,-4723626.38,1
2025-08-01,ACC0000005039,CUST0002526,SAVINGS,Tabungan Negara Plus,2024-12-06,ACTIVE,20127941.94,,0.0998,4675955.34,3
2025-08-01,ACC0000005149,CUST0002585,SAVINGS,Tabungan Haji,2023-11-21,CLOSED,48594324.32,,0.0567,0.00,0
2025-08-01,ACC0000005246,CUST0002636,SAVINGS,Tabungan Negara Plus,2022-04-15,ACTIVE,42245750.48,,0.0983,2402908.51,2
2025-08-01,ACC0000005460,CUST0002738,LOAN,KTA Personal,2025-05-16,ACTIVE,0.00,,0.1222,3170991.46,2
2025-08-01,ACC0000005477,CUST0002748,LOAN,Kredit Kendaraan,2021-12-28,ACTIVE,0.00,,0.1418,-1012399.84,4
2025-08-01,ACC0000005523,CUST0002770,INVESTMENT,Deposito,2023-12-01,ACTIVE,0.00,,0.0188,3386825.12,2
2025-08-01,ACC0000006245,CUST0003136,INVESTMENT,Obligasi,2021-12-08,ACTIVE,0.00,,0.1227,252595.50,3
2025-08-01,ACC0000006700,CUST0003366,INVESTMENT,Obligasi,2022-01-07,ACTIVE,0.00,,0.1271,-3229710.27,2
2025-08-01,ACC0000006998,CUST0003521,INVESTMENT,SBN Retail,2022-11-20,ACTIVE,0.00,,0.0221,3729460.03,1
2025-08-01,ACC0000007128,CUST0003588,CREDIT_CARD,Kartu Classic,2021-02-21,ACTIVE,0.00,10573094.29,0.0262,-4637389.59,2
2025-08-01,ACC0000007296,CUST0003668,LOAN,Kredit Usaha,2023-11-07,ACTIVE,0.00,,0.1451,2185283.10,1
2025-08-01,ACC0000007593,CUST0003814,CREDIT_CARD,Kartu Virtual,2025-02-07,ACTIVE,0.00,48081667.15,0.0189,-3685234.80,5
2025-08-01,ACC0000007763,CUST0003902,LOAN,Kredit Usaha,2023-04-26,ACTIVE,0.00,,0.0665,-1153605.12,1
2025-08-01,ACC0000007926,CUST0003983,SAVINGS,Tabungan Haji,2023-05-18,ACTIVE,12211103.67,,0.0808,0.00,0
2025-08-01,ACC0000000067,CUST0000035,CREDIT_CARD,Kartu Classic,2024-06-30,ACTIVE,0.00,45199465.60,0.108,-7358296.93,2
2025-08-01,ACC0000000268,CUST0000132,INVESTMENT,Deposito,2022-09-19,ACTIVE,0.00,,0.0534,-1830454.36,1
2025-08-01,ACC0000000285,CUST0000142,INVESTMENT,Obligasi,2023-07-07,ACTIVE,0.00,,0.1119,-4365017.96,2
2025-08-01,ACC0000000325,CUST0000161,LOAN,KTA Personal,2024-12-11,DORMANT,0.00,,0.1146,0.00,0
2025-08-01,ACC0000000477,CUST0000241,LOAN,Kredit Kendaraan,2024-05-04,ACTIVE,0.00,,0.0844,0.00,0
2025-08-01,ACC0000000747,CUST0000371,SAVINGS,Tabungan Rencana,2024-11-09,ACTIVE,45653823.91,,0.0477,4874288.53,2
2025-08-01,ACC0000000793,CUST0000394,SAVINGS,Tabungan Haji,2022-04-23,ACTIVE,33185207.77,,0.1377,-4040844.81,2
2025-08-01,ACC0000000820,CUST0000408,INVESTMENT,Obligasi,2022-10-04,ACTIVE,0.00,,0.146,18148765.22,5
2025-08-01,ACC0000001418,CUST0000715,INVESTMENT,SBN Retail,2022-11-22,ACTIVE,0.00,,0.1011,0.00,0
2025-08-01,ACC0000001941,CUST0000976,LOAN,Kredit Kendaraan,2023-11-07,ACTIVE,0.00,,0.0621,1432606.57,3
2025-08-01,ACC0000001950,CUST0000981,INVESTMENT,Reksa Dana,2022-03-20,ACTIVE,0.00,,0.1036,4301436.37,1
2025-08-01,ACC0000002085,CUST0001051,INVESTMENT,Deposito,2022-11-28,ACTIVE,0.00,,0.0772,506545.70,1
2025-08-01,ACC0000002503,CUST0001257,LOAN,Kredit Usaha,2022-03-24,ACTIVE,0.00,,0.0185,-843953.14,3
2025-08-01,ACC0000002553,CUST0001284,LOAN,KPR Rumah,2023-04-24,ACTIVE,0.00,,0.0413,1108327.59,2
2025-08-01,ACC0000002759,CUST0001394,CREDIT_CARD,Kartu Classic,2023-04-28,ACTIVE,0.00,10824434.99,0.0771,4828713.40,2
2025-08-01,ACC0000002824,CUST0001425,CREDIT_CARD,Kartu Virtual,2022-04-12,ACTIVE,0.00,49918263.02,0.0597,640785.67,1
2025-08-01,ACC0000002833,CUST0001431,CREDIT_CARD,Kartu Virtual,2023-07-29,ACTIVE,0.00,11176901.79,0.1341,0.00,0
2025-08-01,ACC0000002864,CUST0001448,LOAN,Kredit Usaha,2023-11-12,ACTIVE,0.00,,0.0746,4724781.49,3
2025-08-01,ACC0000003044,CUST0001532,LOAN,KTA Personal,2021-05-07,DORMANT,0.00,,0.121,0.00,0
2025-08-01,ACC0000003058,CUST0001539,INVESTMENT,SBN Retail,2021-06-28,ACTIVE,0.00,,0.0248,0.00,0
2025-08-01,ACC0000003066,CUST0001543,INVESTMENT,SBN Retail,2025-01-07,ACTIVE,0.00,,0.0789,-717843.90,3
2025-08-01,ACC0000003592,CUST0001812,LOAN,KPR Rumah,2024-01-29,ACTIVE,0.00,,0.0915,4174972.23,3
2025-08-01,ACC0000003749,CUST0001890,CREDIT_CARD,Kartu Gold,2021-12-08,ACTIVE,0.00,44300047.84,0.0129,4230025.95,2
2025-08-01,ACC0000004150,CUST0002088,INVESTMENT,Reksa Dana,2024-05-04,ACTIVE,0.00,,0.062,5206319.72,2
2025-08-01,ACC0000004174,CUST0002102,LOAN,KPR Rumah,2023-02-23,ACTIVE,0.00,,0.1022,-1695377.67,3
2025-08-01,ACC0000004229,CUST0002128,SAVINGS,Tabungan Haji,2021-07-04,ACTIVE,6988350.72,,0.1432,136110.07,1
2025-08-01,ACC0000004671,CUST0002343,INVESTMENT,Reksa Dana,2023-11-11,ACTIVE,0.00,,0.0446,2113724.22,4
2025-08-01,ACC0000004771,CUST0002391,CREDIT_CARD,Kartu Virtual,2022-08-12,ACTIVE,0.00,41633068.14,0.0901,0.00,0
2025-08-01,ACC0000004783,CUST0002397,SAVINGS,Tabungan Rencana,2023-01-24,ACTIVE,27950706.58,,0.0153,0.00,0
2025-08-01,ACC0000004795,CUST0002406,LOAN,Kredit Kendaraan,2024-08-09,ACTIVE,0.00,,0.133,-3110378.56,1
2025-08-01,ACC0000004807,CUST0002412,INVESTMENT,Deposito,2023-04-18,ACTIVE,0.00,,0.0161,-4572025.67,1
2025-08-01,ACC0000004925,CUST0002471,LOAN,KTA Personal,2023-09-27,ACTIVE,0.00,,0.021,-118021.34,3
2025-08-01,ACC0000005017,CUST0002516,LOAN,Kredit Kendaraan,2023-02-12,ACTIVE,0.00,,0.1403,1082043.10,4
2025-08-01,ACC0000005180,CUST0002599,INVESTMENT,SBN Retail,2023-12-24,ACTIVE,0.00,,0.0386,0.00,0
2025-08-01,ACC0000005287,CUST0002655,CREDIT_CARD,Kartu Gold,2023-10-13,ACTIVE,0.00,22139399.29,0.0702,0.00,0
2025-08-01,ACC0000005336,CUST0002678,CREDIT_CARD,Kartu Platinum,2023-04-16,ACTIVE,0.00,19080759.16,0.1165,0.00,0
2025-08-01,ACC0000005343,CUST0002682,SAVINGS,Tabungan Negara Plus,2021-10-18,CLOSED,9644064.20,,0.1125,0.00,0
2025-08-01,ACC0000005407,CUST0002713,LOAN,KTA Personal,2023-01-06,DORMANT,0.00,,0.0238,0.00,0
2025-08-01,ACC0000005420,CUST0002719,CREDIT_CARD,Kartu Virtual,2023-01-31,ACTIVE,0.00,44360384.83,0.1238,3757599.55,1
2025-08-01,ACC0000005471,CUST0002744,CREDIT_CARD,Kartu Virtual,2024-02-08,ACTIVE,0.00,44098547.51,0.1264,-962679.07,4
2025-08-01,ACC0000005656,CUST0002837,INVESTMENT,SBN Retail,2022-10-02,ACTIVE,0.00,,0.0547,-439080.85,1
2025-08-01,ACC0000005698,CUST0002858,LOAN,KPR Rumah,2021-12-23,ACTIVE,0.00,,0.0931,4273612.39,1
2025-08-01,ACC0000005730,CUST0002875,LOAN,KPR Rumah,2022-06-17,ACTIVE,0.00,,0.1025,0.00,0
2025-08-01,ACC0000005732,CUST0002875,SAVINGS,Tabungan Negara Plus,2022-03-26,ACTIVE,24957920.28,,0.0322,-971366.60,2
2025-08-01,ACC0000005770,CUST0002897,INVESTMENT,Reksa Dana,2021-12-01,ACTIVE,0.00,,0.027,11528829.13,3
2025-08-01,ACC0000005946,CUST0002987,CREDIT_CARD,Kartu Gold,2023-10-15,ACTIVE,0.00,25167412.28,0.0696,0.00,0
2025-08-01,ACC0000006012,CUST0003022,INVESTMENT,SBN Retail,2021-08-15,CLOSED,0.00,,0.0691,0.00,0
2025-08-01,ACC0000006181,CUST0003105,INVESTMENT,Obligasi,2023-01-06,ACTIVE,0.00,,0.0486,-2078671.04,1
2025-08-01,ACC0000006655,CUST0003343,CREDIT_CARD,Kartu Virtual,2022-05-07,ACTIVE,0.00,41254055.24,0.1343,-4054242.24,2
2025-08-01,ACC0000006787,CUST0003407,SAVINGS,Tabungan Negara Plus,2024-12-27,CLOSED,35314935.99,,0.0775,0.00,0
2025-08-01,ACC0000007038,CUST0003539,LOAN,Kredit Usaha,2024-10-30,ACTIVE,0.00,,0.0307,0.00,0
2025-08-01,ACC0000007399,CUST0003720,INVESTMENT,SBN Retail,2022-03-19,ACTIVE,0.00,,0.1178,5308211.62,4
2025-08-01,ACC0000007574,CUST0003804,CREDIT_CARD,Kartu Classic,2021-10-03,ACTIVE,0.00,34188680.31,0.0693,0.00,0
2025-08-01,ACC0000007660,CUST0003849,INVESTMENT,Deposito,2024-08-14,CLOSED,0.00,,0.0776,0.00,0
2025-08-01,ACC0000007705,CUST0003871,LOAN,KTA Personal,2021-11-05,ACTIVE,0.00,,0.0206,-1406439.60,1
2025-08-01,ACC0000007866,CUST0003953,INVESTMENT,Obligasi,2021-10-17,ACTIVE,0.00,,0.0801,5167315.92,2
2025-08-01,ACC0000000154,CUST0000077,LOAN,Kredit Usaha,2021-03-31,ACTIVE,0.00,,0.1391,0.00,0
2025-08-01,ACC0000000222,CUST0000112,CREDIT_CARD,Kartu Virtual,2022-08-27,ACTIVE,0.00,32109561.58,0.0395,-423489.61,2
2025-08-01,ACC0000000700,CUST0000347,SAVINGS,Tabungan Rencana,2024-08-28,ACTIVE,4580915.05,,0.1113,2361563.47,1
2025-08-01,ACC0000000719,CUST0000356,SAVINGS,Tabungan Negara Plus,2022-09-09,ACTIVE,47901221.39,,0.0431,-5076439.93,3
2025-08-01,ACC0000001237,CUST0000622,SAVINGS,Tabungan Berjangka,2022-02-11,ACTIVE,21258788.22,,0.0753,2276294.51,1
2025-08-01,ACC0000001353,CUST0000679,LOAN,KPR Rumah,2021-05-22,ACTIVE,0.00,,0.1455,6989635.28,3
2025-08-01,ACC0000001427,CUST0000718,LOAN,Kredit Usaha,2021-07-19,ACTIVE,0.00,,0.0601,0.00,0
2025-08-01,ACC0000001498,CUST0000751,LOAN,KTA Personal,2024-01-09,DORMANT,0.00,,0.0887,0.00,0
2025-08-01,ACC0000001695,CUST0000855,INVESTMENT,SBN Retail,2023-06-28,ACTIVE,0.00,,0.0604,-11432729.49,4
2025-08-01,ACC0000001715,CUST0000866,SAVINGS,Tabungan Haji,2024-06-15,ACTIVE,45854894.64,,0.0893,0.00,0
2025-08-01,ACC0000001777,CUST0000896,INVESTMENT,Obligasi,2025-07-19,ACTIVE,0.00,,0.1203,2994572.72,2
2025-08-01,ACC0000001992,CUST0001002,INVESTMENT,Reksa Dana,2024-12-15,ACTIVE,0.00,,0.1354,8995915.35,3
2025-08-01,ACC0000002443,CUST0001226,INVESTMENT,SBN Retail,2023-03-30,ACTIVE,0.00,,0.0215,-5981397.69,2
2025-08-01,ACC0000002517,CUST0001263,LOAN,Kredit Usaha,2023-01-15,ACTIVE,0.00,,0.1203,1674093.03,2
2025-08-01,ACC0000003109,CUST0001565,INVESTMENT,SBN Retail,2024-05-19,ACTIVE,0.00,,0.0211,4638558.99,1
2025-08-01,ACC0000003191,CUST0001607,CREDIT_CARD,Kartu Classic,2022-08-29,ACTIVE,0.00,22326713.82,0.0746,0.00,0
2025-08-01,ACC0000003223,CUST0001626,CREDIT_CARD,Kartu Virtual,2022-04-21,ACTIVE,0.00,22204246.57,0.0521,-4668773.69,2
2025-08-01,ACC0000003646,CUST0001839,LOAN,Kredit Usaha,2021-10-20,ACTIVE,0.00,,0.1395,0.00,0
2025-08-01,ACC0000003654,CUST0001844,LOAN,Kredit Kendaraan,2023-05-11,SUSPENDED,0.00,,0.0626,0.00,0
2025-08-01,ACC0000003752,CUST0001891,LOAN,KTA Personal,2022-05-04,ACTIVE,0.00,,0.011,-885667.86,2
2025-08-01,ACC0000003933,CUST0001983,SAVINGS,Tabungan Berjangka,2021-04-09,ACTIVE,42328816.04,,0.0266,-451256.24,2
2025-08-01,ACC0000004277,CUST0002151,SAVINGS,Tabungan Berjangka,2024-09-02,ACTIVE,49458774.00,,0.0357,5409337.37,2
2025-08-01,ACC0000004456,CUST0002237,SAVINGS,Tabungan Haji,2022-10-17,ACTIVE,13948481.30,,0.0654,5184052.59,2
2025-08-01,ACC0000004536,CUST0002279,SAVINGS,Tabungan Negara Plus,2023-02-22,ACTIVE,40408754.38,,0.1212,0.00,0
2025-08-01,ACC0000004660,CUST0002339,LOAN,Kredit Kendaraan,2021-05-06,DORMANT,0.00,,0.1336,0.00,0
2025-08-01,ACC0000004777,CUST0002395,CREDIT_CARD,Kartu Platinum,2023-11-26,ACTIVE,0.00,25427614.46,0.0105,-3122894.97,4
2025-08-01,ACC0000005164,CUST0002591,LOAN,Kredit Kendaraan,2025-03-08,ACTIVE,0.00,,0.0391,-982524.34,1
2025-08-01,ACC0000005368,CUST0002694,INVESTMENT,SBN Retail,2023-04-29,ACTIVE,0.00,,0.12,4277915.05,2
2025-08-01,ACC0000005396,CUST0002708,INVESTMENT,Obligasi,2022-07-04,ACTIVE,0.00,,0.0282,0.00,0
2025-08-01,ACC0000006572,CUST0003300,INVESTMENT,Deposito,2024-06-05,ACTIVE,0.00,,0.1127,-2277557.18,2
2025-08-01,ACC0000007006,CUST0003524,INVESTMENT,Deposito,2024-08-10,ACTIVE,0.00,,0.1473,-876574.63,1
2025-08-01,ACC0000007013,CUST0003527,CREDIT_CARD,Kartu Platinum,2025-07-02,ACTIVE,0.00,49445266.37,0.0956,-1593623.53,2
2025-08-01,ACC0000007178,CUST0003613,INVESTMENT,Reksa Dana,2023-08-28,ACTIVE,0.00,,0.0528,0.00,0
2025-08-01,ACC0000007341,CUST0003689,CREDIT_CARD,Kartu Gold,2025-01-05,ACTIVE,0.00,26278652.73,0.0592,-7718051.28,3
2025-08-01,ACC0000007388,CUST0003715,INVESTMENT,Deposito,2023-03-19,CLOSED,0.00,,0.084,0.00,0
2025-08-01,ACC0000007626,CUST0003831,INVESTMENT,Reksa Dana,2024-04-18,ACTIVE,0.00,,0.0958,-5017325.55,3
2025-08-01,ACC0000007809,CUST0003925,INVESTMENT,Reksa Dana,2025-07-03,ACTIVE,0.00,,0.0631,-1428705.78,2
2025-08-01,ACC0000000074,CUST0000038,LOAN,Kredit Kendaraan,2023-10-08,CLOSED,0.00,,0.0633,0.00,0
2025-08-01,ACC0000000162,CUST0000081,SAVINGS,Tabungan Negara Plus,2022-07-22,ACTIVE,24168930.13,,0.0554,-2823897.48,1
2025-08-01,ACC0000000281,CUST0000139,LOAN,KTA Personal,2023-05-03,DORMANT,0.00,,0.1482,0.00,0
2025-08-01,ACC0000000339,CUST0000170,CREDIT_CARD,Kartu Platinum,2024-10-03,ACTIVE,0.00,14999469.20,0.1115,0.00,0
2025-08-01,ACC0000000716,CUST0000355,INVESTMENT,SBN Retail,2021-11-29,CLOSED,0.00,,0.1022,0.00,0
2025-08-01,ACC0000000856,CUST0000425,SAVINGS,Tabungan Negara Plus,2023-01-05,ACTIVE,13409568.82,,0.0502,-6303699.02,2
2025-08-01,ACC0000000923,CUST0000461,LOAN,Kredit Kendaraan,2024-11-17,ACTIVE,0.00,,0.05,534212.34,2
2025-08-01,ACC0000001261,CUST0000635,LOAN,KPR Rumah,2022-03-16,ACTIVE,0.00,,0.0506,-951013.45,2
2025-08-01,ACC0000001554,CUST0000781,CREDIT_CARD,Kartu Gold,2024-12-18,DORMANT,0.00,24830962.95,0.0798,0.00,0
2025-08-01,ACC0000001770,CUST0000893,CREDIT_CARD,Kartu Virtual,2023-01-26,ACTIVE,0.00,40543680.57,0.0563,1888488.43,2
2025-08-01,ACC0000001788,CUST0000900,LOAN,KTA Personal,2021-05-26,CLOSED,0.00,,0.0601,0.00,0
2025-08-01,ACC0000001830,CUST0000921,INVESTMENT,Deposito,2025-04-01,ACTIVE,0.00,,0.0897,0.00,0
2025-08-01,ACC0000002219,CUST0001112,CREDIT_CARD,Kartu Platinum,2025-01-25,ACTIVE,0.00,44729069.88,0.0248,0.00,0
2025-08-01,ACC0000002425,CUST0001216,LOAN,Kredit Kendaraan,2022-04-19,ACTIVE,0.00,,0.0902,0.00,0
2025-08-01,ACC0000002960,CUST0001491,SAVINGS,Tabungan Rencana,2021-07-15,ACTIVE,42973635.58,,0.1176,0.00,0
2025-08-01,ACC0000003007,CUST0001515,CREDIT_CARD,Kartu Virtual,2021-02-10,ACTIVE,0.00,32807039.27,0.1426,5128322.69,2
2025-08-01,ACC0000003412,CUST0001715,CREDIT_CARD,Kartu Classic,2023-10-22,ACTIVE,0.00,42754566.65,0.0973,1996125.16,2
2025-08-01,ACC0000003540,CUST0001780,CREDIT_CARD,Kartu Gold,2024-01-30,ACTIVE,0.00,5868805.10,0.0346,-1215381.75,3
2025-08-01,ACC0000003660,CUST0001847,INVESTMENT,Obligasi,2023-03-10,ACTIVE,0.00,,0.0116,5965948.64,3
2025-08-01,ACC0000003668,CUST0001851,INVESTMENT,Obligasi,2025-06-14,CLOSED,0.00,,0.0703,0.00,0
2025-08-01,ACC0000003669,CUST0001852,LOAN,Kredit Kendaraan,2022-04-05,CLOSED,0.00,,0.0653,0.00,0
2025-08-01,ACC0000003674,CUST0001854,LOAN,Kredit Kendaraan,2022-02-08,ACTIVE,0.00,,0.1377,-12754052.54,6
2025-08-01,ACC0000003755,CUST0001893,CREDIT_CARD,Kartu Virtual,2023-08-28,ACTIVE,0.00,43346295.15,0.0126,0.00,0
2025-08-01,ACC0000003772,CUST0001902,INVESTMENT,Reksa Dana,2024-11-07,ACTIVE,0.00,,0.126,-4035326.00,2
2025-08-01,ACC0000004905,CUST0002461,LOAN,KPR Rumah,2025-02-19,SUSPENDED,0.00,,0.0349,0.00,0
2025-08-01,ACC0000005137,CUST0002578,INVESTMENT,Reksa Dana,2022-08-15,ACTIVE,0.00,,0.1319,5640426.02,2
2025-08-01,ACC0000005163,CUST0002591,SAVINGS,Tabungan Berjangka,2025-04-06,ACTIVE,24972834.43,,0.127,12064796.79,5
2025-08-01,ACC0000005245,CUST0002635,SAVINGS,Tabungan Negara Plus,2022-02-01,CLOSED,49626262.24,,0.045,0.00,0
2025-08-01,ACC0000005299,CUST0002660,LOAN,KTA Personal,2022-09-30,ACTIVE,0.00,,0.0403,-2200592.93,2
2025-08-01,ACC0000005358,CUST0002690,CREDIT_CARD,Kartu Gold,2023-09-22,ACTIVE,0.00,28038153.83,0.0153,-2212397.24,1
2025-08-01,ACC0000005647,CUST0002834,SAVINGS,Tabungan Negara Plus,2023-05-31,ACTIVE,2823698.08,,0.1364,-1196806.24,2
2025-08-01,ACC0000005653,CUST0002836,CREDIT_CARD,Kartu Virtual,2022-12-01,ACTIVE,0.00,25495267.82,0.1352,1030160.41,2
2025-08-01,ACC0000005774,CUST0002900,LOAN,Kredit Usaha,2023-07-26,ACTIVE,0.00,,0.0871,890142.93,2
2025-08-01,ACC0000005893,CUST0002963,LOAN,KPR Rumah,2024-04-16,ACTIVE,0.00,,0.1339,-1117293.04,1
2025-08-01,ACC0000006182,CUST0003105,INVESTMENT,SBN Retail,2023-03-22,ACTIVE,0.00,,0.1405,4705519.87,4
2025-08-01,ACC0000006467,CUST0003249,SAVINGS,Tabungan Negara Plus,2022-03-03,ACTIVE,10704291.09,,0.1395,-4297653.65,1
2025-08-01,ACC0000006650,CUST0003340,LOAN,Kredit Kendaraan,2024-05-24,ACTIVE,0.00,,0.0323,-2951053.99,1
2025-08-01,ACC0000007224,CUST0003636,INVESTMENT,Deposito,2021-06-09,ACTIVE,0.00,,0.0757,-4711159.07,3
2025-08-01,ACC0000007601,CUST0003817,INVESTMENT,Obligasi,2023-02-28,DORMANT,0.00,,0.1251,0.00,0
2025-08-01,ACC0000007659,CUST0003849,LOAN,KTA Personal,2024-12-25,ACTIVE,0.00,,0.0605,-3739084.71,2
2025-08-01,ACC0000007713,CUST0003876,INVESTMENT,SBN Retail,2024-12-29,ACTIVE,0.00,,0.1272,0.00,0
2025-08-01,ACC0000000029,CUST0000015,SAVINGS,Tabungan Berjangka,2022-09-23,ACTIVE,30384548.92,,0.0285,-3531152.67,5
2025-08-01,ACC0000000118,CUST0000062,LOAN,Kredit Usaha,2024-04-05,ACTIVE,0.00,,0.0395,0.00,0
2025-08-01,ACC0000000177,CUST0000087,INVESTMENT,Deposito,2021-08-29,ACTIVE,0.00,,0.0923,1239679.44,3
2025-08-01,ACC0000000197,CUST0000098,CREDIT_CARD,Kartu Virtual,2024-01-09,ACTIVE,0.00,27663785.23,0.1492,4366098.61,2
2025-08-01,ACC0000000801,CUST0000397,SAVINGS,Tabungan Rencana,2021-08-04,DORMANT,14396486.59,,0.0332,0.00,0
2025-08-01,ACC0000000857,CUST0000426,CREDIT_CARD,Kartu Virtual,2024-04-15,ACTIVE,0.00,35352204.68,0.1431,4092676.50,2
2025-08-01,ACC0000001029,CUST0000514,LOAN,KTA Personal,2024-08-24,ACTIVE,0.00,,0.1082,0.00,0
2025-08-01,ACC0000001266,CUST0000636,CREDIT_CARD,Kartu Classic,2023-09-04,ACTIVE,0.00,44339096.88,0.0617,0.00,0
2025-08-01,ACC0000001278,CUST0000644,INVESTMENT,Obligasi,2022-11-03,ACTIVE,0.00,,0.0993,-1878891.18,1
2025-08-01,ACC0000001821,CUST0000917,INVESTMENT,Deposito,2025-04-28,ACTIVE,0.00,,0.099,-3756583.59,1
2025-08-01,ACC0000001855,CUST0000933,CREDIT_CARD,Kartu Gold,2022-09-11,ACTIVE,0.00,34816932.14,0.0915,1364074.16,1
2025-08-01,ACC0000002116,CUST0001065,INVESTMENT,Reksa Dana,2024-05-21,ACTIVE,0.00,,0.0745,0.00,0
2025-08-01,ACC0000002151,CUST0001082,SAVINGS,Tabungan Berjangka,2025-03-03,CLOSED,22135786.08,,0.1081,0.00,0
2025-08-01,ACC0000002354,CUST0001179,LOAN,Kredit Usaha,2023-12-12,ACTIVE,0.00,,0.0757,-2910076.32,2
2025-08-01,ACC0000002948,CUST0001486,CREDIT_CARD,Kartu Virtual,2023-03-17,ACTIVE,0.00,28467735.62,0.0787,-2994155.49,2
2025-08-01,ACC0000003079,CUST0001549,INVESTMENT,Reksa Dana,2024-03-24,ACTIVE,0.00,,0.044,2475282.59,1
2025-08-01,ACC0000003364,CUST0001692,INVESTMENT,SBN Retail,2022-10-08,ACTIVE,0.00,,0.0295,-4373290.54,2
2025-08-01,ACC0000003432,CUST0001725,SAVINGS,Tabungan Haji,2023-06-29,ACTIVE,26330682.12,,0.011,1830552.55,1
2025-08-01,ACC0000003462,CUST0001740,SAVINGS,Tabungan Berjangka,2022-04-17,ACTIVE,25325466.31,,0.1235,-199838.86,2
2025-08-01,ACC0000003603,CUST0001816,INVESTMENT,SBN Retail,2024-10-05,ACTIVE,0.00,,0.018,528082.46,2
2025-08-01,ACC0000003709,CUST0001869,LOAN,KTA Personal,2021-03-14,ACTIVE,0.00,,0.1053,0.00,0
2025-08-01,ACC0000004082,CUST0002058,INVESTMENT,Reksa Dana,2021-08-21,ACTIVE,0.00,,0.1056,0.00,0
2025-08-01,ACC0000004235,CUST0002131,CREDIT_CARD,Kartu Platinum,2022-11-22,DORMANT,0.00,31912815.43,0.0982,0.00,0
2025-08-01,ACC0000004286,CUST0002155,INVESTMENT,Deposito,2023-09-26,ACTIVE,0.00,,0.0208,0.00,0
2025-08-01,ACC0000004415,CUST0002217,SAVINGS,Tabungan Haji,2023-08-01,ACTIVE,14057841.23,,0.12,-1041278.94,1
2025-08-01,ACC0000004644,CUST0002332,SAVINGS,Tabungan Rencana,2023-04-13,ACTIVE,19675146.69,,0.0281,-1261349.87,2
2025-08-01,ACC0000004931,CUST0002474,SAVINGS,Tabungan Rencana,2022-12-08,ACTIVE,23173552.19,,0.0543,-1358389.11,2
2025-08-01,ACC0000004942,CUST0002479,INVESTMENT,Obligasi,2022-02-01,ACTIVE,0.00,,0.0125,-1775840.11,1
2025-08-01,ACC0000004945,CUST0002480,SAVINGS,Tabungan Haji,2023-05-04,ACTIVE,43041938.64,,0.109,2877988.19,3
2025-08-01,ACC0000004969,CUST0002492,SAVINGS,Tabungan Rencana,2022-01-14,ACTIVE,48979295.55,,0.1352,2117954.57,1
2025-08-01,ACC0000004981,CUST0002497,CREDIT_CARD,Kartu Gold,2022-11-16,ACTIVE,0.00,16681653.53,0.0265,8477898.21,3
2025-08-01,ACC0000005329,CUST0002673,LOAN,Kredit Usaha,2025-03-03,ACTIVE,0.00,,0.0134,0.00,0
2025-08-01,ACC0000005577,CUST0002797,LOAN,KPR Rumah,2023-07-23,ACTIVE,0.00,,0.0472,3181449.10,1
2025-08-01,ACC0000006238,CUST0003134,LOAN,KPR Rumah,2022-02-23,ACTIVE,0.00,,0.0606,-3850259.70,1
2025-08-01,ACC0000006336,CUST0003181,CREDIT_CARD,Kartu Gold,2023-07-24,ACTIVE,0.00,8416524.11,0.0215,3913621.90,1
2025-08-01,ACC0000006858,CUST0003444,SAVINGS,Tabungan Rencana,2022-07-01,ACTIVE,33268558.99,,0.0647,67008.08,2
2025-08-01,ACC0000006888,CUST0003460,SAVINGS,Tabungan Berjangka,2021-10-28,ACTIVE,35016524.25,,0.0838,4549780.87,2
2025-08-01,ACC0000007081,CUST0003561,LOAN,Kredit Kendaraan,2021-08-24,ACTIVE,0.00,,0.0729,-4284760.80,1
2025-08-01,ACC0000007109,CUST0003577,LOAN,KPR Rumah,2023-11-21,ACTIVE,0.00,,0.0375,-4961405.39,3
2025-08-01,ACC0000007182,CUST0003614,CREDIT_CARD,Kartu Platinum,2022-09-03,DORMANT,0.00,12871415.75,0.1098,0.00,0
2025-08-01,ACC0000007339,CUST0003688,INVESTMENT,Reksa Dana,2022-05-03,ACTIVE,0.00,,0.034,4935426.09,2
2025-08-01,ACC0000007562,CUST0003797,CREDIT_CARD,Kartu Platinum,2021-04-01,ACTIVE,0.00,28703171.17,0.0278,-6405744.49,2
2025-08-01,ACC0000007609,CUST0003821,INVESTMENT,Deposito,2021-10-29,ACTIVE,0.00,,0.0386,0.00,0
2025-08-01,ACC0000000216,CUST0000108,LOAN,Kredit Usaha,2023-07-01,ACTIVE,0.00,,0.1494,-2741352.76,1
2025-08-01,ACC0000000308,CUST0000153,INVESTMENT,Deposito,2024-02-18,ACTIVE,0.00,,0.0468,0.00,0
2025-08-01,ACC0000000369,CUST0000185,LOAN,Kredit Usaha,2021-07-17,ACTIVE,0.00,,0.0779,-5128429.35,2
2025-08-01,ACC0000000419,CUST0000211,SAVINGS,Tabungan Negara Plus,2023-11-02,ACTIVE,42354068.60,,0.1425,0.00,0
2025-08-01,ACC0000000571,CUST0000289,SAVINGS,Tabungan Haji,2025-04-04,ACTIVE,15536510.04,,0.1073,1312986.96,1
2025-08-01,ACC0000001100,CUST0000551,LOAN,KPR Rumah,2021-11-13,ACTIVE,0.00,,0.0416,0.00,0
2025-08-01,ACC0000001129,CUST0000565,CREDIT_CARD,Kartu Platinum,2022-08-24,CLOSED,0.00,30076084.31,0.0328,0.00,0
2025-08-01,ACC0000001300,CUST0000656,CREDIT_CARD,Kartu Classic,2024-12-30,ACTIVE,0.00,25987673.76,0.1263,-1932895.05,1
2025-08-01,ACC0000001491,CUST0000747,INVESTMENT,Reksa Dana,2022-05-31,DORMANT,0.00,,0.1492,0.00,0
2025-08-01,ACC0000001506,CUST0000754,SAVINGS,Tabungan Rencana,2022-04-06,ACTIVE,1761490.20,,0.1056,-3399018.71,1
2025-08-01,ACC0000001617,CUST0000814,INVESTMENT,Reksa Dana,2022-10-06,ACTIVE,0.00,,0.0613,2388129.85,3
2025-08-01,ACC0000001653,CUST0000833,CREDIT_CARD,Kartu Gold,2024-09-18,ACTIVE,0.00,14988416.14,0.139,547426.27,3
2025-08-01,ACC0000002090,CUST0001053,LOAN,KPR Rumah,2024-12-04,DORMANT,0.00,,0.1255,0.00,0
2025-08-01,ACC0000002152,CUST0001083,SAVINGS,Tabungan Rencana,2022-05-18,ACTIVE,11651309.57,,0.1337,1377201.34,1
2025-08-01,ACC0000002322,CUST0001162,LOAN,KTA Personal,2023-12-17,ACTIVE,0.00,,0.0923,0.00,0
2025-08-01,ACC0000002345,CUST0001175,LOAN,Kredit Kendaraan,2023-07-24,DORMANT,0.00,,0.1403,0.00,0
2025-08-01,ACC0000002397,CUST0001201,CREDIT_CARD,Kartu Classic,2024-01-24,ACTIVE,0.00,44228804.73,0.1157,0.00,0
2025-08-01,ACC0000002508,CUST0001259,SAVINGS,Tabungan Negara Plus,2022-01-15,ACTIVE,28096506.09,,0.0188,-2617356.29,1
2025-08-01,ACC0000002564,CUST0001288,LOAN,Kredit Kendaraan,2022-03-26,DORMANT,0.00,,0.1365,0.00,0
2025-08-01,ACC0000002658,CUST0001338,CREDIT_CARD,Kartu Virtual,2024-10-29,ACTIVE,0.00,9127040.60,0.0766,3111595.73,3
2025-08-01,ACC0000002908,CUST0001469,CREDIT_CARD,Kartu Gold,2023-06-22,DORMANT,0.00,24468647.70,0.0233,0.00,0
2025-08-01,ACC0000003061,CUST0001540,SAVINGS,Tabungan Berjangka,2021-10-20,ACTIVE,3625115.80,,0.0607,-3543768.20,3
2025-08-01,ACC0000003269,CUST0001647,LOAN,KPR Rumah,2023-10-04,ACTIVE,0.00,,0.067,-2425893.30,2
2025-08-01,ACC0000003416,CUST0001717,SAVINGS,Tabungan Haji,2022-10-28,ACTIVE,38845207.84,,0.0592,0.00,0
2025-08-01,ACC0000003426,CUST0001721,CREDIT_CARD,Kartu Platinum,2023-09-19,ACTIVE,0.00,33673344.48,0.0167,-4054776.41,1
2025-08-01,ACC0000003954,CUST0001993,SAVINGS,Tabungan Negara Plus,2024-10-28,DORMANT,9050686.27,,0.1389,0.00,0
2025-08-01,ACC0000004024,CUST0002029,CREDIT_CARD,Kartu Platinum,2024-06-18,ACTIVE,0.00,21214717.69,0.1139,1626534.89,2
2025-08-01,ACC0000004280,CUST0002153,INVESTMENT,Obligasi,2025-07-14,CLOSED,0.00,,0.1377,0.00,0
2025-08-01,ACC0000004293,CUST0002159,CREDIT_CARD,Kartu Classic,2022-11-10,ACTIVE,0.00,39425605.40,0.103,-3060005.79,2
2025-08-01,ACC0000004433,CUST0002226,CREDIT_CARD,Kartu Platinum,2022-07-03,ACTIVE,0.00,5865907.26,0.1499,0.00,0
2025-08-01,ACC0000004551,CUST0002285,CREDIT_CARD,Kartu Platinum,2023-08-13,ACTIVE,0.00,21383884.17,0.049,1590767.47,6
2025-08-01,ACC0000004556,CUST0002287,SAVINGS,Tabungan Berjangka,2024-06-02,ACTIVE,16409634.01,,0.0374,-1253849.30,2
2025-08-01,ACC0000004559,CUST0002289,LOAN,KPR Rumah,2023-11-09,ACTIVE,0.00,,0.0517,-739819.66,2
2025-08-01,ACC0000004678,CUST0002347,CREDIT_CARD,Kartu Classic,2022-09-16,ACTIVE,0.00,11415290.09,0.129,-247614.22,2
2025-08-01,ACC0000004805,CUST0002411,INVESTMENT,Reksa Dana,2023-11-25,ACTIVE,0.00,,0.1176,-4687256.06,3
2025-08-01,ACC0000004822,CUST0002419,CREDIT_CARD,Kartu Platinum,2024-11-24,CLOSED,0.00,43463996.79,0.1261,0.00,0
2025-08-01,ACC0000004990,CUST0002502,SAVINGS,Tabungan Berjangka,2022-01-25,ACTIVE,4797809.64,,0.0334,0.00,0
2025-08-01,ACC0000005003,CUST0002509,CREDIT_CARD,Kartu Virtual,2022-07-11,ACTIVE,0.00,27048352.00,0.0239,-4104569.28,1
2025-08-01,ACC0000005136,CUST0002578,SAVINGS,Tabungan Rencana,2022-05-13,SUSPENDED,16051000.26,,0.0834,0.00,0
2025-08-01,ACC0000005213,CUST0002615,SAVINGS,Tabungan Negara Plus,2023-04-03,ACTIVE,44818869.90,,0.1379,4424492.22,4
2025-08-01,ACC0000005660,CUST0002839,SAVINGS,Tabungan Berjangka,2021-12-02,DORMANT,27148800.69,,0.0529,0.00,0
2025-08-01,ACC0000006170,CUST0003101,INVESTMENT,SBN Retail,2024-10-12,ACTIVE,0.00,,0.1225,0.00,0
2025-08-01,ACC0000006201,CUST0003116,SAVINGS,Tabungan Negara Plus,2022-10-26,DORMANT,44976034.50,,0.1309,0.00,0
2025-08-01,ACC0000006418,CUST0003226,SAVINGS,Tabungan Rencana,2023-10-22,ACTIVE,9063337.60,,0.0158,0.00,0
2025-08-01,ACC0000006492,CUST0003260,SAVINGS,Tabungan Haji,2022-09-25,ACTIVE,34391925.37,,0.1157,-3326614.97,1
2025-08-01,ACC0000006579,CUST0003304,INVESTMENT,Reksa Dana,2025-03-20,DORMANT,0.00,,0.0661,0.00,0
2025-08-01,ACC0000006836,CUST0003433,CREDIT_CARD,Kartu Gold,2023-02-25,ACTIVE,0.00,9887114.19,0.0592,1800325.76,2
2025-08-01,ACC0000006881,CUST0003457,INVESTMENT,Reksa Dana,2024-09-15,ACTIVE,0.00,,0.1352,-3497592.34,1
2025-08-01,ACC0000006901,CUST0003468,SAVINGS,Tabungan Haji,2023-11-04,ACTIVE,37369394.30,,0.0146,2809999.12,2
2025-08-01,ACC0000006986,CUST0003515,CREDIT_CARD,Kartu Classic,2024-05-19,ACTIVE,0.00,39475176.55,0.1196,2875895.69,2
2025-08-01,ACC0000007028,CUST0003534,CREDIT_CARD,Kartu Virtual,2025-02-01,ACTIVE,0.00,38531025.20,0.0461,1087264.17,2
2025-08-01,ACC0000007039,CUST0003540,LOAN,KTA Personal,2021-05-24,ACTIVE,0.00,,0.1466,-1744959.00,4
2025-08-01,ACC0000007494,CUST0003764,INVESTMENT,Deposito,2023-01-17,ACTIVE,0.00,,0.0658,4765159.10,1
2025-08-01,ACC0000007515,CUST0003775,SAVINGS,Tabungan Rencana,2023-05-10,DORMANT,43894680.71,,0.1212,0.00,0
2025-08-01,ACC0000007541,CUST0003788,SAVINGS,Tabungan Berjangka,2024-07-16,ACTIVE,8696166.74,,0.0196,1070285.30,7
2025-08-01,ACC0000007583,CUST0003809,SAVINGS,Tabungan Berjangka,2025-01-20,ACTIVE,41366733.07,,0.1484,2460467.65,3
2025-08-01,ACC0000007588,CUST0003812,INVESTMENT,Reksa Dana,2024-03-10,ACTIVE,0.00,,0.0273,2019703.73,1
2025-08-01,ACC0000007612,CUST0003822,INVESTMENT,Deposito,2023-06-08,ACTIVE,0.00,,0.035,-1350902.80,2
2025-08-01,ACC0000000087,CUST0000045,CREDIT_CARD,Kartu Platinum,2023-05-29,ACTIVE,0.00,38908174.24,0.0465,3033622.73,1
2025-08-01,ACC0000000447,CUST0000226,LOAN,KTA Personal,2024-11-23,ACTIVE,0.00,,0.0407,0.00,0
2025-08-01,ACC0000000512,CUST0000258,LOAN,KTA Personal,2023-01-11,ACTIVE,0.00,,0.1364,0.00,0
2025-08-01,ACC0000001025,CUST0000512,SAVINGS,Tabungan Haji,2023-04-24,CLOSED,48633537.65,,0.0659,0.00,0
2025-08-01,ACC0000001042,CUST0000520,INVESTMENT,Reksa Dana,2024-09-09,ACTIVE,0.00,,0.0463,-490890.53,2
2025-08-01,ACC0000001400,CUST0000703,LOAN,Kredit Usaha,2021-03-15,ACTIVE,0.00,,0.1365,-1665352.53,2
2025-08-01,ACC0000001559,CUST0000783,SAVINGS,Tabungan Rencana,2024-10-19,ACTIVE,45292201.92,,0.039,8825596.74,2
2025-08-01,ACC0000001642,CUST0000828,INVESTMENT,SBN Retail,2021-09-13,ACTIVE,0.00,,0.1291,4533163.17,3
2025-08-01,ACC0000001673,CUST0000844,LOAN,KTA Personal,2024-11-15,ACTIVE,0.00,,0.1236,944396.37,1
2025-08-01,ACC0000001859,CUST0000935,INVESTMENT,Obligasi,2023-03-15,DORMANT,0.00,,0.074,0.00,0
2025-08-01,ACC0000001886,CUST0000950,SAVINGS,Tabungan Haji,2022-04-19,ACTIVE,35689164.67,,0.0603,-569192.16,1
2025-08-01,ACC0000001905,CUST0000958,SAVINGS,Tabungan Rencana,2023-11-02,DORMANT,6885333.58,,0.1333,0.00,0
2025-08-01,ACC0000001967,CUST0000989,LOAN,Kredit Usaha,2023-06-04,ACTIVE,0.00,,0.0998,4469114.33,2
2025-08-01,ACC0000002363,CUST0001183,SAVINGS,Tabungan Berjangka,2022-01-20,ACTIVE,35584984.12,,0.0601,-3871041.93,1
2025-08-01,ACC0000002665,CUST0001343,SAVINGS,Tabungan Haji,2022-02-04,ACTIVE,25259548.17,,0.0677,2056790.12,3
2025-08-01,ACC0000002942,CUST0001483,LOAN,Kredit Usaha,2024-01-20,ACTIVE,0.00,,0.1404,-2335827.23,1
2025-08-01,ACC0000003143,CUST0001582,INVESTMENT,SBN Retail,2021-11-28,ACTIVE,0.00,,0.1435,0.00,0
2025-08-01,ACC0000003275,CUST0001651,CREDIT_CARD,Kartu Virtual,2022-12-05,ACTIVE,0.00,23951019.95,0.122,-3685913.34,1
2025-08-01,ACC0000003463,CUST0001741,LOAN,Kredit Usaha,2023-10-06,ACTIVE,0.00,,0.0498,-4705058.80,1
2025-08-01,ACC0000003480,CUST0001749,CREDIT_CARD,Kartu Gold,2022-01-18,DORMANT,0.00,24710114.21,0.135,0.00,0
2025-08-01,ACC0000003624,CUST0001827,INVESTMENT,Obligasi,2021-07-02,ACTIVE,0.00,,0.1287,3697115.06,2
2025-08-01,ACC0000003641,CUST0001837,LOAN,Kredit Usaha,2021-08-17,ACTIVE,0.00,,0.0992,-4130553.59,2
2025-08-01,ACC0000003681,CUST0001856,CREDIT_CARD,Kartu Virtual,2022-08-11,ACTIVE,0.00,15920041.09,0.0515,4711555.88,3
2025-08-01,ACC0000003695,CUST0001862,SAVINGS,Tabungan Rencana,2024-01-18,ACTIVE,191767.88,,0.0362,-4243941.86,1
2025-08-01,ACC0000003759,CUST0001895,INVESTMENT,Obligasi,2023-02-24,CLOSED,0.00,,0.1018,0.00,0
2025-08-01,ACC0000003902,CUST0001968,INVESTMENT,Obligasi,2024-07-08,DORMANT,0.00,,0.143,0.00,0
2025-08-01,ACC0000003993,CUST0002015,CREDIT_CARD,Kartu Virtual,2024-07-11,ACTIVE,0.00,29607627.28,0.0314,-404992.14,1
2025-08-01,ACC0000004191,CUST0002112,INVESTMENT,Obligasi,2024-12-16,CLOSED,0.00,,0.0952,0.00,0
2025-08-01,ACC0000004372,CUST0002199,SAVINGS,Tabungan Haji,2022-06-30,ACTIVE,15246968.80,,0.1188,0.00,0
2025-08-01,ACC0000004388,CUST0002205,SAVINGS,Tabungan Haji,2024-01-13,ACTIVE,30257165.69,,0.134,-282233.16,1
2025-08-01,ACC0000004479,CUST0002249,CREDIT_CARD,Kartu Virtual,2023-01-20,ACTIVE,0.00,35147449.02,0.0669,651771.42,1
2025-08-01,ACC0000004772,CUST0002392,LOAN,KPR Rumah,2023-07-12,ACTIVE,0.00,,0.0406,0.00,0
2025-08-01,ACC0000005217,CUST0002617,INVESTMENT,Reksa Dana,2024-12-01,ACTIVE,0.00,,0.046,-4358490.98,1
2025-08-01,ACC0000005441,CUST0002730,CREDIT_CARD,Kartu Virtual,2022-06-15,ACTIVE,0.00,24122269.28,0.0103,-2732229.02,1
2025-08-01,ACC0000005640,CUST0002830,INVESTMENT,Reksa Dana,2024-07-31,DORMANT,0.00,,0.0605,0.00,0
2025-08-01,ACC0000005804,CUST0002917,INVESTMENT,Reksa Dana,2022-11-09,ACTIVE,0.00,,0.0774,-258014.31,2
2025-08-01,ACC0000005874,CUST0002954,INVESTMENT,Reksa Dana,2022-09-04,ACTIVE,0.00,,0.0794,-4499051.26,1
2025-08-01,ACC0000005979,CUST0003004,LOAN,KTA Personal,2023-09-26,DORMANT,0.00,,0.1188,0.00,0
2025-08-01,ACC0000006258,CUST0003142,INVESTMENT,SBN Retail,2024-01-26,ACTIVE,0.00,,0.0448,-1541649.71,1
2025-08-01,ACC0000006358,CUST0003195,SAVINGS,Tabungan Berjangka,2022-04-19,ACTIVE,14000447.98,,0.0989,11164721.23,6
2025-08-01,ACC0000006600,CUST0003315,SAVINGS,Tabungan Haji,2024-07-31,ACTIVE,14670466.86,,0.016,0.00,0
2025-08-01,ACC0000007281,CUST0003661,INVESTMENT,Reksa Dana,2023-07-14,ACTIVE,0.00,,0.0789,1223305.49,1
2025-08-01,ACC0000007556,CUST0003795,CREDIT_CARD,Kartu Gold,2021-10-18,ACTIVE,0.00,22085303.21,0.0846,2787827.31,2
2025-08-01,ACC0000007560,CUST0003797,CREDIT_CARD,Kartu Platinum,2021-01-30,ACTIVE,0.00,28086188.44,0.0414,-170606.82,4
2025-08-01,ACC0000000327,CUST0000163,SAVINGS,Tabungan Rencana,2023-04-28,ACTIVE,41169073.77,,0.0911,-7366533.06,4
2025-08-01,ACC0000000398,CUST0000201,INVESTMENT,SBN Retail,2023-09-23,ACTIVE,0.00,,0.1002,-2186003.35,1
2025-08-01,ACC0000000535,CUST0000269,CREDIT_CARD,Kartu Platinum,2022-09-29,ACTIVE,0.00,40637498.30,0.0206,526162.42,4
2025-08-01,ACC0000000742,CUST0000369,INVESTMENT,Obligasi,2023-01-19,DORMANT,0.00,,0.0974,0.00,0
2025-08-01,ACC0000000870,CUST0000431,SAVINGS,Tabungan Negara Plus,2022-03-12,ACTIVE,27525943.55,,0.0409,0.00,0
2025-08-01,ACC0000001116,CUST0000557,INVESTMENT,Deposito,2022-03-14,ACTIVE,0.00,,0.0676,-4167780.14,1
2025-08-01,ACC0000001202,CUST0000602,LOAN,KTA Personal,2022-04-07,ACTIVE,0.00,,0.0507,4992403.00,1
2025-08-01,ACC0000001846,CUST0000928,SAVINGS,Tabungan Berjangka,2021-03-21,ACTIVE,48571471.17,,0.0579,0.00,0
2025-08-01,ACC0000001882,CUST0000948,CREDIT_CARD,Kartu Virtual,2024-07-13,ACTIVE,0.00,5631763.08,0.0485,-2905102.57,1
2025-08-01,ACC0000002296,CUST0001150,LOAN,KPR Rumah,2023-11-02,ACTIVE,0.00,,0.0362,0.00,0
2025-08-01,ACC0000002628,CUST0001324,SAVINGS,Tabungan Rencana,2024-07-05,CLOSED,16817065.02,,0.0267,0.00,0
2025-08-01,ACC0000002687,CUST0001356,LOAN,KTA Personal,2025-03-24,ACTIVE,0.00,,0.1137,0.00,0
2025-08-01,ACC0000002868,CUST0001449,SAVINGS,Tabungan Negara Plus,2022-01-16,ACTIVE,6643560.63,,0.0418,-775631.94,3
2025-08-01,ACC0000003051,CUST0001535,CREDIT_CARD,Kartu Platinum,2021-06-22,ACTIVE,0.00,9351031.07,0.1343,-3499070.16,1
2025-08-01,ACC0000003182,CUST0001602,INVESTMENT,Reksa Dana,2023-05-15,DORMANT,0.00,,0.0981,0.00,0
2025-08-01,ACC0000003226,CUST0001627,INVESTMENT,Reksa Dana,2025-04-05,ACTIVE,0.00,,0.0465,-2302655.50,2
2025-08-01,ACC0000003410,CUST0001714,LOAN,KTA Personal,2024-10-17,ACTIVE,0.00,,0.0604,-2683323.61,2
2025-08-01,ACC0000003849,CUST0001942,CREDIT_CARD,Kartu Classic,2024-03-08,ACTIVE,0.00,33110864.28,0.0525,0.00,0
2025-08-01,ACC0000004005,CUST0002021,LOAN,Kredit Usaha,2025-02-15,ACTIVE,0.00,,0.0872,0.00,0
2025-08-01,ACC0000004471,CUST0002245,CREDIT_CARD,Kartu Virtual,2023-07-14,ACTIVE,0.00,22599124.17,0.0805,-4646612.11,3
2025-08-01,ACC0000004695,CUST0002358,LOAN,KTA Personal,2024-08-08,ACTIVE,0.00,,0.0259,-239840.79,1
2025-08-01,ACC0000004983,CUST0002498,INVESTMENT,Reksa Dana,2022-11-08,ACTIVE,0.00,,0.0479,0.00,0
2025-08-01,ACC0000004997,CUST0002506,SAVINGS,Tabungan Rencana,2022-07-21,ACTIVE,31787484.92,,0.1281,-709133.63,1
2025-08-01,ACC0000005527,CUST0002772,CREDIT_CARD,Kartu Classic,2021-06-25,ACTIVE,0.00,32667490.37,0.1098,0.00,0
2025-08-01,ACC0000005860,CUST0002947,SAVINGS,Tabungan Negara Plus,2025-07-13,DORMANT,2482738.93,,0.0307,0.00,0
2025-08-01,ACC0000005982,CUST0003006,LOAN,KPR Rumah,2022-06-14,ACTIVE,0.00,,0.1347,2730533.65,3
2025-08-01,ACC0000006399,CUST0003216,LOAN,KTA Personal,2021-05-12,ACTIVE,0.00,,0.1318,-8520329.67,3
2025-08-01,ACC0000006571,CUST0003299,LOAN,KPR Rumah,2022-06-12,DORMANT,0.00,,0.1282,0.00,0
2025-08-01,ACC0000006610,CUST0003320,LOAN,KTA Personal,2023-03-22,ACTIVE,0.00,,0.0862,-1691434.77,1
2025-08-01,ACC0000006746,CUST0003390,INVESTMENT,Obligasi,2025-03-21,DORMANT,0.00,,0.1326,0.00,0
2025-08-01,ACC0000006819,CUST0003425,CREDIT_CARD,Kartu Platinum,2023-11-22,ACTIVE,0.00,27125251.82,0.0783,-5020637.40,2
2025-08-01,ACC0000007409,CUST0003724,SAVINGS,Tabungan Rencana,2024-08-17,ACTIVE,11466385.04,,0.1445,-3042712.58,2
2025-08-01,ACC0000000207,CUST0000105,CREDIT_CARD,Kartu Classic,2021-10-17,ACTIVE,0.00,30570112.59,0.0966,-4978893.49,2
2025-08-01,ACC0000000270,CUST0000134,INVESTMENT,Reksa Dana,2025-05-03,ACTIVE,0.00,,0.1202,-6359378.77,5
2025-08-01,ACC0000000403,CUST0000204,CREDIT_CARD,Kartu Platinum,2023-12-18,ACTIVE,0.00,49063503.98,0.0267,0.00,0
2025-08-01,ACC0000000532,CUST0000268,INVESTMENT,Reksa Dana,2024-11-29,CLOSED,0.00,,0.122,0.00,0
2025-08-01,ACC0000000712,CUST0000353,LOAN,KPR Rumah,2023-05-06,DORMANT,0.00,,0.0421,0.00,0
2025-08-01,ACC0000000737,CUST0000367,LOAN,KPR Rumah,2022-12-13,ACTIVE,0.00,,0.1291,0.00,0
2025-08-01,ACC0000000786,CUST0000390,SAVINGS,Tabungan Haji,2025-07-24,DORMANT,36423540.21,,0.0152,0.00,0
2025-08-01,ACC0000000996,CUST0000498,LOAN,Kredit Kendaraan,2021-10-25,DORMANT,0.00,,0.0617,0.00,0
2025-08-01,ACC0000001044,CUST0000521,CREDIT_CARD,Kartu Virtual,2024-06-25,ACTIVE,0.00,17130600.35,0.1107,3585513.53,2
2025-08-01,ACC0000001213,CUST0000607,LOAN,KPR Rumah,2025-06-02,ACTIVE,0.00,,0.017,-10840357.16,7
2025-08-01,ACC0000001398,CUST0000702,LOAN,Kredit Kendaraan,2021-09-08,CLOSED,0.00,,0.0914,0.00,0
2025-08-01,ACC0000001442,CUST0000725,INVESTMENT,Reksa Dana,2023-01-26,ACTIVE,0.00,,0.0716,3458399.14,1
2025-08-01,ACC0000001514,CUST0000757,SAVINGS,Tabungan Berjangka,2022-06-29,ACTIVE,22150641.08,,0.1488,-4256179.04,2
2025-08-01,ACC0000001760,CUST0000888,LOAN,Kredit Usaha,2021-11-12,DORMANT,0.00,,0.0427,0.00,0
2025-08-01,ACC0000001911,CUST0000961,SAVINGS,Tabungan Haji,2022-02-28,ACTIVE,27605539.90,,0.0936,-1918461.42,1
2025-08-01,ACC0000002371,CUST0001187,SAVINGS,Tabungan Negara Plus,2024-03-27,SUSPENDED,25556074.05,,0.0612,0.00,0
2025-08-01,ACC0000002561,CUST0001287,CREDIT_CARD,Kartu Classic,2022-10-04,ACTIVE,0.00,18261507.25,0.0882,8647824.03,3
2025-08-01,ACC0000002576,CUST0001292,SAVINGS,Tabungan Rencana,2022-05-06,ACTIVE,7340246.35,,0.0289,-6552138.07,3
2025-08-01,ACC0000002591,CUST0001302,SAVINGS,Tabungan Berjangka,2024-09-14,ACTIVE,9693425.03,,0.1285,-151298.86,5
2025-08-01,ACC0000002668,CUST0001345,SAVINGS,Tabungan Rencana,2024-05-06,CLOSED,22550382.82,,0.1368,0.00,0
2025-08-01,ACC0000003020,CUST0001522,SAVINGS,Tabungan Berjangka,2024-07-02,ACTIVE,9766179.60,,0.0684,-3777933.30,2
2025-08-01,ACC0000003062,CUST0001540,SAVINGS,Tabungan Rencana,2021-09-13,DORMANT,44041185.30,,0.1122,0.00,0
2025-08-01,ACC0000003105,CUST0001563,SAVINGS,Tabungan Haji,2025-03-07,ACTIVE,13088749.36,,0.0442,-3848027.91,2
2025-08-01,ACC0000003110,CUST0001566,SAVINGS,Tabungan Negara Plus,2023-07-18,ACTIVE,42229992.81,,0.0805,0.00,0
2025-08-01,ACC0000003511,CUST0001766,LOAN,Kredit Usaha,2025-02-26,ACTIVE,0.00,,0.0664,940686.16,1
2025-08-01,ACC0000003597,CUST0001814,CREDIT_CARD,Kartu Virtual,2023-06-10,ACTIVE,0.00,17458247.64,0.0331,2782574.07,4
2025-08-01,ACC0000003754,CUST0001892,SAVINGS,Tabungan Haji,2022-07-06,DORMANT,23475382.52,,0.0527,0.00,0
2025-08-01,ACC0000004325,CUST0002175,INVESTMENT,Reksa Dana,2023-05-07,ACTIVE,0.00,,0.073,5188293.08,3
2025-08-01,ACC0000004327,CUST0002176,CREDIT_CARD,Kartu Virtual,2025-07-13,ACTIVE,0.00,34448923.33,0.0242,-3620929.92,1
2025-08-01,ACC0000004331,CUST0002178,LOAN,KTA Personal,2025-04-05,ACTIVE,0.00,,0.0391,0.00,0
2025-08-01,ACC0000004360,CUST0002192,INVESTMENT,Reksa Dana,2022-03-09,ACTIVE,0.00,,0.0305,0.00,0
2025-08-01,ACC0000004661,CUST0002339,CREDIT_CARD,Kartu Classic,2021-05-17,ACTIVE,0.00,48066751.79,0.0575,-3202057.98,2
2025-08-01,ACC0000004733,CUST0002374,CREDIT_CARD,Kartu Classic,2021-12-20,ACTIVE,0.00,11704345.66,0.0428,0.00,0
2025-08-01,ACC0000004792,CUST0002404,CREDIT_CARD,Kartu Virtual,2024-08-13,ACTIVE,0.00,43096971.86,0.1,4342999.72,2
2025-08-01,ACC0000004901,CUST0002459,LOAN,Kredit Usaha,2021-10-22,ACTIVE,0.00,,0.1225,3683671.11,1
2025-08-01,ACC0000005147,CUST0002584,INVESTMENT,Deposito,2024-01-16,ACTIVE,0.00,,0.0865,-4934797.85,3
2025-08-01,ACC0000005316,CUST0002668,CREDIT_CARD,Kartu Gold,2023-02-01,ACTIVE,0.00,9432487.93,0.0299,86432.42,2
2025-08-01,ACC0000005391,CUST0002706,INVESTMENT,Obligasi,2021-08-30,ACTIVE,0.00,,0.0643,493844.00,1
2025-08-01,ACC0000006101,CUST0003065,INVESTMENT,SBN Retail,2024-12-28,ACTIVE,0.00,,0.0648,4076136.58,1
2025-08-01,ACC0000006174,CUST0003103,CREDIT_CARD,Kartu Platinum,2023-10-15,DORMANT,0.00,15562840.69,0.0918,0.00,0
2025-08-01,ACC0000006206,CUST0003119,INVESTMENT,Reksa Dana,2023-12-01,ACTIVE,0.00,,0.0348,-5690640.62,3
2025-08-01,ACC0000006268,CUST0003148,CREDIT_CARD,Kartu Platinum,2024-05-30,ACTIVE,0.00,12076864.53,0.0132,-2057368.63,1
2025-08-01,ACC0000006461,CUST0003247,SAVINGS,Tabungan Berjangka,2024-05-17,CLOSED,17262969.91,,0.0688,0.00,0
2025-08-01,ACC0000006478,CUST0003254,CREDIT_CARD,Kartu Virtual,2024-06-11,ACTIVE,0.00,27216118.45,0.1214,-5638087.29,2
2025-08-01,ACC0000006503,CUST0003266,SAVINGS,Tabungan Haji,2021-10-17,ACTIVE,27879926.49,,0.0334,-583030.05,2
2025-08-01,ACC0000007144,CUST0003596,INVESTMENT,Reksa Dana,2021-12-02,ACTIVE,0.00,,0.1049,1309347.05,2
2025-08-01,ACC0000007446,CUST0003741,LOAN,Kredit Kendaraan,2023-03-10,ACTIVE,0.00,,0.0551,0.00,0
2025-08-01,ACC0000007570,CUST0003802,INVESTMENT,Reksa Dana,2023-01-19,ACTIVE,0.00,,0.1282,-4276773.87,1
2025-08-01,ACC0000007603,CUST0003818,CREDIT_CARD,Kartu Virtual,2024-05-03,ACTIVE,0.00,6588220.08,0.0911,3920072.19,3
2025-08-01,ACC0000000212,CUST0000106,CREDIT_CARD,Kartu Classic,2022-03-09,ACTIVE,0.00,16882499.97,0.1119,-4187801.03,2
2025-08-01,ACC0000000631,CUST0000315,LOAN,Kredit Kendaraan,2024-03-18,ACTIVE,0.00,,0.1118,3092302.02,2
2025-08-01,ACC0000000697,CUST0000346,CREDIT_CARD,Kartu Virtual,2023-12-15,ACTIVE,0.00,21276414.57,0.0349,0.00,0
2025-08-01,ACC0000000758,CUST0000376,SAVINGS,Tabungan Rencana,2021-10-30,ACTIVE,43823139.23,,0.104,1355095.52,4
2025-08-01,ACC0000000963,CUST0000483,CREDIT_CARD,Kartu Gold,2022-10-24,ACTIVE,0.00,39144717.01,0.0945,0.00,0
2025-08-01,ACC0000000973,CUST0000489,LOAN,Kredit Kendaraan,2023-06-04,ACTIVE,0.00,,0.1033,220586.81,2
2025-08-01,ACC0000001049,CUST0000524,LOAN,Kredit Kendaraan,2022-07-20,ACTIVE,0.00,,0.0868,-2024398.46,1
2025-08-01,ACC0000001247,CUST0000627,SAVINGS,Tabungan Haji,2024-01-02,ACTIVE,22452036.35,,0.0167,511323.68,2
2025-08-01,ACC0000001602,CUST0000807,SAVINGS,Tabungan Negara Plus,2025-02-07,SUSPENDED,32866701.76,,0.0592,0.00,0
2025-08-01,ACC0000001660,CUST0000836,LOAN,KTA Personal,2022-09-12,ACTIVE,0.00,,0.0568,-1833159.17,1
2025-08-01,ACC0000001842,CUST0000927,CREDIT_CARD,Kartu Platinum,2022-10-07,ACTIVE,0.00,12605738.17,0.1348,5061427.83,3
2025-08-01,ACC0000001970,CUST0000990,SAVINGS,Tabungan Negara Plus,2024-10-28,DORMANT,42814751.31,,0.0901,0.00,0
2025-08-01,ACC0000002077,CUST0001047,INVESTMENT,Reksa Dana,2023-04-01,ACTIVE,0.00,,0.0523,0.00,0
2025-08-01,ACC0000002317,CUST0001159,INVESTMENT,Obligasi,2022-11-21,ACTIVE,0.00,,0.1275,3419967.23,1
2025-08-01,ACC0000002750,CUST0001389,SAVINGS,Tabungan Rencana,2021-09-11,ACTIVE,38137638.39,,0.126,-8463251.11,2
2025-08-01,ACC0000002782,CUST0001406,INVESTMENT,Obligasi,2021-11-08,ACTIVE,0.00,,0.0298,-7265021.29,5
2025-08-01,ACC0000002887,CUST0001459,SAVINGS,Tabungan Haji,2024-06-05,DORMANT,46148268.86,,0.031,0.00,0
2025-08-01,ACC0000003293,CUST0001659,CREDIT_CARD,Kartu Platinum,2022-06-01,ACTIVE,0.00,40052007.55,0.104,1711881.44,1
2025-08-01,ACC0000003497,CUST0001759,INVESTMENT,SBN Retail,2022-03-27,CLOSED,0.00,,0.0783,0.00,0
2025-08-01,ACC0000003500,CUST0001760,CREDIT_CARD,Kartu Classic,2024-03-28,ACTIVE,0.00,34819662.34,0.1199,-737331.04,3
2025-08-01,ACC0000003562,CUST0001795,INVESTMENT,Reksa Dana,2024-04-29,ACTIVE,0.00,,0.1184,-4459410.67,4
2025-08-01,ACC0000003713,CUST0001870,CREDIT_CARD,Kartu Platinum,2024-03-18,ACTIVE,0.00,34026860.67,0.0439,4902896.70,3
2025-08-01,ACC0000003959,CUST0001996,INVESTMENT,SBN Retail,2025-02-19,ACTIVE,0.00,,0.1317,2312325.83,1
2025-08-01,ACC0000004095,CUST0002065,LOAN,KTA Personal,2023-06-27,SUSPENDED,0.00,,0.144,0.00,0
2025-08-01,ACC0000004098,CUST0002067,SAVINGS,Tabungan Berjangka,2021-08-19,DORMANT,15525679.06,,0.1265,0.00,0
2025-08-01,ACC0000004603,CUST0002308,CREDIT_CARD,Kartu Classic,2023-12-27,ACTIVE,0.00,38218646.03,0.0805,0.00,0
2025-08-01,ACC0000004902,CUST0002459,CREDIT_CARD,Kartu Gold,2021-10-26,ACTIVE,0.00,10452450.95,0.0818,2388428.36,3
2025-08-01,ACC0000005165,CUST0002592,INVESTMENT,Deposito,2025-02-11,DORMANT,0.00,,0.021,0.00,0
2025-08-01,ACC0000005219,CUST0002618,INVESTMENT,Reksa Dana,2023-03-03,ACTIVE,0.00,,0.0563,2746610.53,1
2025-08-01,ACC0000005883,CUST0002958,SAVINGS,Tabungan Rencana,2022-01-22,ACTIVE,3802175.31,,0.0511,5745281.84,2
2025-08-01,ACC0000005913,CUST0002973,SAVINGS,Tabungan Berjangka,2023-02-08,SUSPENDED,47840529.69,,0.13,0.00,0
2025-08-01,ACC0000005954,CUST0002992,LOAN,KTA Personal,2022-01-13,ACTIVE,0.00,,0.0462,0.00,0
2025-08-01,ACC0000005974,CUST0003001,CREDIT_CARD,Kartu Platinum,2022-12-22,ACTIVE,0.00,24342224.04,0.1402,1920032.79,2
2025-08-01,ACC0000006647,CUST0003339,LOAN,KPR Rumah,2025-02-08,ACTIVE,0.00,,0.1198,1621945.28,1
2025-08-01,ACC0000006862,CUST0003446,LOAN,Kredit Kendaraan,2023-03-10,ACTIVE,0.00,,0.053,0.00,0
2025-08-01,ACC0000006879,CUST0003456,LOAN,KPR Rumah,2024-04-22,DORMANT,0.00,,0.0666,0.00,0
2025-08-01,ACC0000006927,CUST0003482,INVESTMENT,Deposito,2025-01-21,ACTIVE,0.00,,0.1046,-4592613.71,1
2025-08-01,ACC0000007079,CUST0003560,INVESTMENT,SBN Retail,2022-10-07,ACTIVE,0.00,,0.0998,0.00,0
2025-08-01,ACC0000007107,CUST0003576,INVESTMENT,Obligasi,2025-03-06,ACTIVE,0.00,,0.0331,5301242.83,3
2025-08-01,ACC0000007189,CUST0003617,CREDIT_CARD,Kartu Virtual,2024-03-22,ACTIVE,0.00,24103142.17,0.0387,-521134.05,2
2025-08-01,ACC0000007257,CUST0003650,INVESTMENT,Reksa Dana,2021-11-05,CLOSED,0.00,,0.0936,0.00,0
2025-08-01,ACC0000007364,CUST0003702,LOAN,KPR Rumah,2023-09-12,ACTIVE,0.00,,0.1221,9289204.96,2
2025-08-01,ACC0000007832,CUST0003935,LOAN,KPR Rumah,2022-03-22,DORMANT,0.00,,0.1442,0.00,0
2025-08-01,ACC0000007899,CUST0003973,INVESTMENT,SBN Retail,2022-10-18,SUSPENDED,0.00,,0.0996,0.00,0
2025-08-01,ACC0000007954,CUST0004000,INVESTMENT,Deposito,2021-08-28,ACTIVE,0.00,,0.1311,-3709272.54,1
2025-08-01,ACC0000000094,CUST0000048,LOAN,Kredit Usaha,2022-11-25,ACTIVE,0.00,,0.1157,-5215175.07,2
2025-08-01,ACC0000000260,CUST0000129,LOAN,KTA Personal,2023-11-16,SUSPENDED,0.00,,0.1191,0.00,0
2025-08-01,ACC0000000783,CUST0000389,SAVINGS,Tabungan Berjangka,2022-03-31,CLOSED,3128436.36,,0.0861,0.00,0
2025-08-01,ACC0000000807,CUST0000401,SAVINGS,Tabungan Negara Plus,2024-08-13,ACTIVE,743035.99,,0.0578,0.00,0
2025-08-01,ACC0000000822,CUST0000408,LOAN,KPR Rumah,2022-08-02,DORMANT,0.00,,0.1316,0.00,0
2025-08-01,ACC0000000920,CUST0000459,CREDIT_CARD,Kartu Platinum,2023-08-14,CLOSED,0.00,29241274.29,0.0854,0.00,0
2025-08-01,ACC0000000987,CUST0000494,CREDIT_CARD,Kartu Platinum,2024-02-29,ACTIVE,0.00,34921560.53,0.1353,-4761078.24,2
2025-08-01,ACC0000001002,CUST0000500,SAVINGS,Tabungan Berjangka,2022-02-19,ACTIVE,21023855.17,,0.0284,-6940189.84,2
2025-08-01,ACC0000001011,CUST0000506,INVESTMENT,SBN Retail,2021-10-27,ACTIVE,0.00,,0.1033,7293080.92,2
2025-08-01,ACC0000001012,CUST0000506,LOAN,Kredit Kendaraan,2022-02-23,ACTIVE,0.00,,0.1009,-1233035.03,3
2025-08-01,ACC0000001650,CUST0000832,CREDIT_CARD,Kartu Gold,2022-03-27,ACTIVE,0.00,16376360.00,0.0728,-3285348.65,3
2025-08-01,ACC0000001930,CUST0000969,INVESTMENT,Obligasi,2024-02-13,CLOSED,0.00,,0.1339,0.00,0
2025-08-01,ACC0000002115,CUST0001065,INVESTMENT,Reksa Dana,2024-07-24,DORMANT,0.00,,0.0126,0.00,0
2025-08-01,ACC0000002185,CUST0001099,INVESTMENT,Deposito,2022-10-22,ACTIVE,0.00,,0.1153,-4746090.89,4
2025-08-01,ACC0000002523,CUST0001266,LOAN,KTA Personal,2024-10-24,ACTIVE,0.00,,0.0307,0.00,0
2025-08-01,ACC0000002849,CUST0001439,SAVINGS,Tabungan Negara Plus,2022-10-20,DORMANT,49947054.40,,0.0839,0.00,0
2025-08-01,ACC0000002854,CUST0001442,CREDIT_CARD,Kartu Gold,2022-08-06,ACTIVE,0.00,26118857.15,0.061,485937.78,1
2025-08-01,ACC0000002994,CUST0001509,INVESTMENT,Deposito,2022-08-25,ACTIVE,0.00,,0.0627,4992988.96,2
2025-08-01,ACC0000003237,CUST0001633,LOAN,KPR Rumah,2021-09-20,ACTIVE,0.00,,0.0863,0.00,0
2025-08-01,ACC0000003452,CUST0001735,SAVINGS,Tabungan Negara Plus,2025-02-13,ACTIVE,3459696.19,,0.041,1768157.53,1
2025-08-01,ACC0000003575,CUST0001801,INVESTMENT,Reksa Dana,2023-05-09,ACTIVE,0.00,,0.1074,0.00,0
2025-08-01,ACC0000003905,CUST0001969,CREDIT_CARD,Kartu Gold,2021-10-22,ACTIVE,0.00,27678615.40,0.047,4296465.45,2
2025-08-01,ACC0000004262,CUST0002144,CREDIT_CARD,Kartu Platinum,2022-04-10,ACTIVE,0.00,5088496.77,0.1452,-2305592.62,1
2025-08-01,ACC0000004359,CUST0002191,INVESTMENT,Reksa Dana,2021-06-03,DORMANT,0.00,,0.0299,0.00,0
2025-08-01,ACC0000004454,CUST0002236,CREDIT_CARD,Kartu Virtual,2025-05-10,SUSPENDED,0.00,30036889.74,0.1408,0.00,0
2025-08-01,ACC0000004655,CUST0002337,LOAN,KPR Rumah,2024-06-04,ACTIVE,0.00,,0.0945,4198694.73,2
2025-08-01,ACC0000005143,CUST0002582,INVESTMENT,Deposito,2022-07-10,ACTIVE,0.00,,0.0728,1945834.51,1
2025-08-01,ACC0000005528,CUST0002773,CREDIT_CARD,Kartu Gold,2023-04-04,ACTIVE,0.00,21899368.02,0.0794,0.00,0
2025-08-01,ACC0000006053,CUST0003043,SAVINGS,Tabungan Berjangka,2022-04-22,ACTIVE,22585967.64,,0.0327,-1767484.04,2
2025-08-01,ACC0000006171,CUST0003101,INVESTMENT,SBN Retail,2024-07-14,ACTIVE,0.00,,0.0371,555544.39,2
2025-08-01,ACC0000006224,CUST0003127,INVESTMENT,Reksa Dana,2024-07-08,CLOSED,0.00,,0.1018,0.00,0
2025-08-01,ACC0000006409,CUST0003221,CREDIT_CARD,Kartu Platinum,2022-09-18,DORMANT,0.00,22787456.24,0.0323,0.00,0
2025-08-01,ACC0000006429,CUST0003232,LOAN,KPR Rumah,2024-07-22,ACTIVE,0.00,,0.0637,-1514924.87,1
2025-08-01,ACC0000006628,CUST0003328,SAVINGS,Tabungan Negara Plus,2024-08-22,ACTIVE,17165760.97,,0.096,-3251116.07,2
2025-08-01,ACC0000006882,CUST0003457,LOAN,KPR Rumah,2024-07-09,ACTIVE,0.00,,0.0825,4389865.69,3
2025-08-01,ACC0000006908,CUST0003472,CREDIT_CARD,Kartu Virtual,2021-11-14,CLOSED,0.00,25069513.91,0.085,0.00,0
2025-08-01,ACC0000007014,CUST0003527,CREDIT_CARD,Kartu Classic,2025-04-21,ACTIVE,0.00,16891752.32,0.0165,2163261.37,1
2025-08-01,ACC0000000106,CUST0000055,CREDIT_CARD,Kartu Gold,2024-10-12,ACTIVE,0.00,22828412.31,0.1488,0.00,0
2025-08-01,ACC0000000204,CUST0000102,LOAN,Kredit Usaha,2022-12-22,ACTIVE,0.00,,0.0385,0.00,0
2025-08-01,ACC0000000483,CUST0000244,SAVINGS,Tabungan Berjangka,2022-01-05,ACTIVE,20223928.56,,0.0319,3337113.28,1
2025-08-01,ACC0000000548,CUST0000276,LOAN,Kredit Usaha,2022-12-08,ACTIVE,0.00,,0.045,133518.19,1
2025-08-01,ACC0000001218,CUST0000612,LOAN,Kredit Kendaraan,2023-12-01,ACTIVE,0.00,,0.0446,0.00,0
2025-08-01,ACC0000001345,CUST0000676,LOAN,KTA Personal,2024-09-22,DORMANT,0.00,,0.083,0.00,0
2025-08-01,ACC0000001384,CUST0000696,INVESTMENT,SBN Retail,2025-03-04,CLOSED,0.00,,0.0611,0.00,0
2025-08-01,ACC0000001562,CUST0000784,SAVINGS,Tabungan Negara Plus,2021-06-21,ACTIVE,18058962.26,,0.0608,-5372480.13,4
2025-08-01,ACC0000001828,CUST0000920,SAVINGS,Tabungan Negara Plus,2024-02-24,ACTIVE,45973203.36,,0.1128,0.00,0
2025-08-01,ACC0000002068,CUST0001041,CREDIT_CARD,Kartu Classic,2023-02-18,ACTIVE,0.00,16315724.84,0.0273,1191448.63,2
2025-08-01,ACC0000002447,CUST0001228,LOAN,Kredit Usaha,2023-08-04,ACTIVE,0.00,,0.0756,2840855.16,5
2025-08-01,ACC0000002971,CUST0001496,INVESTMENT,Deposito,2023-10-29,ACTIVE,0.00,,0.0111,-2581643.39,1
2025-08-01,ACC0000003054,CUST0001536,LOAN,Kredit Usaha,2022-06-10,ACTIVE,0.00,,0.0286,-5695347.92,2
2025-08-01,ACC0000003422,CUST0001720,INVESTMENT,SBN Retail,2024-12-18,ACTIVE,0.00,,0.02,-2112869.79,3
2025-08-01,ACC0000003428,CUST0001722,SAVINGS,Tabungan Berjangka,2022-11-08,ACTIVE,43610202.13,,0.0355,4043622.38,1
2025-08-01,ACC0000003635,CUST0001833,CREDIT_CARD,Kartu Classic,2023-08-08,ACTIVE,0.00,45699752.43,0.1258,0.00,0
2025-08-01,ACC0000003741,CUST0001885,LOAN,Kredit Kendaraan,2024-01-06,ACTIVE,0.00,,0.0339,-3466269.77,1
2025-08-01,ACC0000003760,CUST0001895,INVESTMENT,SBN Retail,2023-05-04,DORMANT,0.00,,0.0608,0.00,0
2025-08-01,ACC0000003763,CUST0001897,SAVINGS,Tabungan Negara Plus,2024-05-17,CLOSED,1465669.77,,0.0741,0.00,0
2025-08-01,ACC0000003886,CUST0001958,LOAN,KPR Rumah,2022-03-14,ACTIVE,0.00,,0.145,-3244418.42,2
2025-08-01,ACC0000004665,CUST0002341,SAVINGS,Tabungan Rencana,2022-08-27,DORMANT,39315709.31,,0.0612,0.00,0
2025-08-01,ACC0000005032,CUST0002523,SAVINGS,Tabungan Berjangka,2023-05-15,ACTIVE,21000650.74,,0.0621,430085.47,1
2025-08-01,ACC0000005186,CUST0002601,SAVINGS,Tabungan Negara Plus,2023-09-15,ACTIVE,8528935.26,,0.0918,2116495.76,3
2025-08-01,ACC0000005310,CUST0002666,LOAN,KTA Personal,2021-10-20,ACTIVE,0.00,,0.0629,-618324.07,1
2025-08-01,ACC0000005339,CUST0002680,CREDIT_CARD,Kartu Classic,2022-02-18,ACTIVE,0.00,42824165.75,0.0962,-6414776.52,5
2025-08-01,ACC0000005680,CUST0002849,INVESTMENT,Reksa Dana,2023-11-05,ACTIVE,0.00,,0.0813,0.00,0
2025-08-01,ACC0000006093,CUST0003062,LOAN,Kredit Usaha,2024-05-03,ACTIVE,0.00,,0.0864,1278331.17,3
2025-08-01,ACC0000006280,CUST0003154,CREDIT_CARD,Kartu Classic,2024-04-26,ACTIVE,0.00,5300726.45,0.0497,5246700.48,3
2025-08-01,ACC0000006428,CUST0003231,LOAN,KTA Personal,2024-08-18,ACTIVE,0.00,,0.1182,212406.64,1
2025-08-01,ACC0000006948,CUST0003494,INVESTMENT,Obligasi,2022-04-17,ACTIVE,0.00,,0.0203,-7138583.53,2
2025-08-01,ACC0000007140,CUST0003595,CREDIT_CARD,Kartu Gold,2022-01-27,CLOSED,0.00,28698882.06,0.0904,0.00,0
2025-08-01,ACC0000000389,CUST0000196,LOAN,KTA Personal,2025-01-15,ACTIVE,0.00,,0.0855,0.00,0
2025-08-01,ACC0000000698,CUST0000347,LOAN,KTA Personal,2024-08-21,ACTIVE,0.00,,0.1065,0.00,0
2025-08-01,ACC0000000866,CUST0000429,LOAN,Kredit Kendaraan,2021-03-27,ACTIVE,0.00,,0.0569,0.00,0
2025-08-01,ACC0000001067,CUST0000533,LOAN,KPR Rumah,2024-12-07,ACTIVE,0.00,,0.0134,1382016.26,1
2025-08-01,ACC0000001416,CUST0000714,SAVINGS,Tabungan Berjangka,2023-10-08,ACTIVE,34623407.39,,0.1118,345578.77,1
2025-08-01,ACC0000001574,CUST0000790,SAVINGS,Tabungan Negara Plus,2024-06-23,ACTIVE,28713978.63,,0.1345,1013348.67,1
2025-08-01,ACC0000001627,CUST0000819,LOAN,Kredit Kendaraan,2021-09-04,ACTIVE,0.00,,0.0405,7394315.07,2
2025-08-01,ACC0000001806,CUST0000907,CREDIT_CARD,Kartu Gold,2023-08-10,ACTIVE,0.00,39249085.59,0.1314,-4080473.61,4
2025-08-01,ACC0000002074,CUST0001045,LOAN,KPR Rumah,2021-04-19,ACTIVE,0.00,,0.0515,-3968285.46,4
2025-08-01,ACC0000002138,CUST0001075,SAVINGS,Tabungan Haji,2024-10-01,ACTIVE,36782573.93,,0.0399,0.00,0
2025-08-01,ACC0000002142,CUST0001078,LOAN,Kredit Usaha,2021-11-28,DORMANT,0.00,,0.0137,0.00,0
2025-08-01,ACC0000002293,CUST0001149,CREDIT_CARD,Kartu Gold,2021-11-03,ACTIVE,0.00,8484388.64,0.0275,-5219293.14,3
2025-08-01,ACC0000002557,CUST0001285,CREDIT_CARD,Kartu Classic,2023-10-17,ACTIVE,0.00,24726048.80,0.142,-3273931.75,2
2025-08-01,ACC0000003205,CUST0001615,LOAN,KTA Personal,2021-11-24,CLOSED,0.00,,0.0787,0.00,0
2025-08-01,ACC0000003242,CUST0001635,CREDIT_CARD,Kartu Platinum,2025-03-18,ACTIVE,0.00,8684469.36,0.0303,-833001.13,4
2025-08-01,ACC0000003375,CUST0001697,LOAN,Kredit Usaha,2023-08-30,ACTIVE,0.00,,0.0695,-3896043.72,3
2025-08-01,ACC0000003450,CUST0001733,SAVINGS,Tabungan Berjangka,2024-11-25,ACTIVE,21952280.20,,0.1305,-2585258.38,2
2025-08-01,ACC0000003740,CUST0001884,SAVINGS,Tabungan Negara Plus,2024-03-11,ACTIVE,43480060.04,,0.1382,-251608.48,2
2025-08-01,ACC0000003753,CUST0001891,INVESTMENT,Obligasi,2022-06-12,ACTIVE,0.00,,0.1176,-1427372.67,1
2025-08-01,ACC0000004269,CUST0002147,CREDIT_CARD,Kartu Virtual,2021-09-15,ACTIVE,0.00,11341712.03,0.0624,-4455858.51,3
2025-08-01,ACC0000004274,CUST0002150,SAVINGS,Tabungan Haji,2024-12-03,ACTIVE,15284208.47,,0.0412,-5420895.22,4
2025-08-01,ACC0000004334,CUST0002179,CREDIT_CARD,Kartu Classic,2025-02-06,ACTIVE,0.00,38280164.20,0.105,3659480.02,1
2025-08-01,ACC0000004462,CUST0002240,INVESTMENT,Reksa Dana,2021-11-26,ACTIVE,0.00,,0.1361,8091285.10,3
2025-08-01,ACC0000004693,CUST0002356,INVESTMENT,Reksa Dana,2024-01-20,DORMANT,0.00,,0.1191,0.00,0
2025-08-01,ACC0000004796,CUST0002406,INVESTMENT,SBN Retail,2024-09-10,DORMANT,0.00,,0.0691,0.00,0
2025-08-01,ACC0000004912,CUST0002464,INVESTMENT,Obligasi,2024-05-25,ACTIVE,0.00,,0.0924,2299883.17,1
2025-08-01,ACC0000005546,CUST0002782,SAVINGS,Tabungan Negara Plus,2025-02-15,ACTIVE,41482327.26,,0.0603,-7227027.47,2
2025-08-01,ACC0000005669,CUST0002844,LOAN,Kredit Kendaraan,2022-08-05,ACTIVE,0.00,,0.0896,5079010.60,3
2025-08-01,ACC0000005899,CUST0002965,CREDIT_CARD,Kartu Classic,2021-03-22,ACTIVE,0.00,7365303.77,0.0974,-48921.92,2
2025-08-01,ACC0000005924,CUST0002978,LOAN,KPR Rumah,2025-02-21,SUSPENDED,0.00,,0.0637,0.00,0
2025-08-01,ACC0000006010,CUST0003021,CREDIT_CARD,Kartu Virtual,2023-03-07,CLOSED,0.00,30131077.35,0.0279,0.00,0
2025-08-01,ACC0000006629,CUST0003329,INVESTMENT,Obligasi,2022-10-08,ACTIVE,0.00,,0.1306,-729080.45,2
2025-08-01,ACC0000006685,CUST0003358,INVESTMENT,SBN Retail,2025-01-14,ACTIVE,0.00,,0.0316,3198339.46,1
2025-08-01,ACC0000006752,CUST0003392,CREDIT_CARD,Kartu Virtual,2024-07-19,ACTIVE,0.00,10063630.69,0.1015,5747391.03,3
2025-08-01,ACC0000006872,CUST0003451,CREDIT_CARD,Kartu Gold,2021-06-21,ACTIVE,0.00,39764677.79,0.0158,0.00,0
2025-08-01,ACC0000007056,CUST0003548,SAVINGS,Tabungan Rencana,2025-04-04,ACTIVE,27239437.36,,0.0938,2852806.64,4
2025-08-01,ACC0000007078,CUST0003560,SAVINGS,Tabungan Berjangka,2022-11-13,ACTIVE,47143508.73,,0.0852,-6291315.82,3
2025-08-01,ACC0000007390,CUST0003716,CREDIT_CARD,Kartu Classic,2024-03-25,ACTIVE,0.00,5548774.77,0.0661,0.00,0
2025-08-01,ACC0000007729,CUST0003885,INVESTMENT,Deposito,2024-04-12,ACTIVE,0.00,,0.1485,-1678324.80,1
2025-08-01,ACC0000007762,CUST0003902,LOAN,Kredit Usaha,2023-08-20,ACTIVE,0.00,,0.0318,-121975.51,1
2025-08-01,ACC0000007934,CUST0003987,SAVINGS,Tabungan Rencana,2024-05-09,ACTIVE,11639978.47,,0.0458,-2216036.13,2
2025-08-01,ACC0000000122,CUST0000064,CREDIT_CARD,Kartu Virtual,2021-05-29,ACTIVE,0.00,41517787.77,0.0506,-4437678.77,2
2025-08-01,ACC0000000187,CUST0000092,INVESTMENT,Deposito,2021-11-06,ACTIVE,0.00,,0.0898,-1183512.41,2
2025-08-01,ACC0000000311,CUST0000154,LOAN,Kredit Usaha,2024-12-13,SUSPENDED,0.00,,0.1374,0.00,0
2025-08-01,ACC0000000444,CUST0000224,SAVINGS,Tabungan Rencana,2023-12-01,ACTIVE,26869833.34,,0.1303,281502.74,1
2025-08-01,ACC0000000872,CUST0000432,INVESTMENT,Reksa Dana,2023-04-03,ACTIVE,0.00,,0.0291,2769120.77,3
2025-08-01,ACC0000001301,CUST0000656,SAVINGS,Tabungan Berjangka,2025-03-07,ACTIVE,6741944.52,,0.0916,-3610658.42,1
2025-08-01,ACC0000001340,CUST0000673,INVESTMENT,Obligasi,2021-10-10,DORMANT,0.00,,0.1246,0.00,0
2025-08-01,ACC0000001451,CUST0000728,LOAN,Kredit Kendaraan,2024-09-02,DORMANT,0.00,,0.1255,0.00,0
2025-08-01,ACC0000001597,CUST0000804,LOAN,Kredit Usaha,2024-01-16,SUSPENDED,0.00,,0.0146,0.00,0
2025-08-01,ACC0000001640,CUST0000826,SAVINGS,Tabungan Rencana,2021-07-01,ACTIVE,24482293.43,,0.1054,-6658408.44,2
2025-08-01,ACC0000001792,CUST0000901,INVESTMENT,Reksa Dana,2024-11-28,ACTIVE,0.00,,0.0776,3153241.70,1
2025-08-01,ACC0000001798,CUST0000903,INVESTMENT,Deposito,2023-01-28,ACTIVE,0.00,,0.1258,-2452998.49,2
2025-08-01,ACC0000002229,CUST0001116,INVESTMENT,Deposito,2024-03-22,ACTIVE,0.00,,0.0556,-1351867.61,1
2025-08-01,ACC0000002395,CUST0001200,INVESTMENT,Reksa Dana,2021-12-25,ACTIVE,0.00,,0.0388,-2628691.16,1
2025-08-01,ACC0000002567,CUST0001289,LOAN,Kredit Kendaraan,2022-09-25,ACTIVE,0.00,,0.0343,3101300.05,3
2025-08-01,ACC0000002879,CUST0001455,LOAN,Kredit Usaha,2022-11-23,DORMANT,0.00,,0.0509,0.00,0
2025-08-01,ACC0000003447,CUST0001732,LOAN,Kredit Usaha,2022-05-31,ACTIVE,0.00,,0.145,5325294.65,3
2025-08-01,ACC0000003748,CUST0001890,CREDIT_CARD,Kartu Gold,2021-10-19,ACTIVE,0.00,43300726.63,0.1378,699791.19,2
2025-08-01,ACC0000004423,CUST0002220,LOAN,Kredit Kendaraan,2023-01-03,ACTIVE,0.00,,0.1308,0.00,0
2025-08-01,ACC0000004757,CUST0002385,LOAN,Kredit Kendaraan,2022-10-25,ACTIVE,0.00,,0.078,2101388.64,1
2025-08-01,ACC0000005404,CUST0002712,LOAN,KTA Personal,2025-04-29,ACTIVE,0.00,,0.0977,-3555907.48,1
2025-08-01,ACC0000005437,CUST0002728,INVESTMENT,SBN Retail,2025-02-05,ACTIVE,0.00,,0.0647,0.00,0
2025-08-01,ACC0000005468,CUST0002742,LOAN,Kredit Usaha,2023-10-23,DORMANT,0.00,,0.1235,0.00,0
2025-08-01,ACC0000005846,CUST0002939,CREDIT_CARD,Kartu Platinum,2024-01-27,CLOSED,0.00,35732495.28,0.1455,0.00,0
2025-08-01,ACC0000005960,CUST0002995,LOAN,Kredit Kendaraan,2021-08-01,ACTIVE,0.00,,0.023,5331102.91,2
2025-08-01,ACC0000006051,CUST0003042,CREDIT_CARD,Kartu Gold,2023-01-18,ACTIVE,0.00,11816381.53,0.0106,-4130735.12,1
2025-08-01,ACC0000006055,CUST0003044,SAVINGS,Tabungan Haji,2024-03-12,CLOSED,15045258.38,,0.1142,0.00,0
2025-08-01,ACC0000006207,CUST0003119,CREDIT_CARD,Kartu Gold,2023-12-20,ACTIVE,0.00,39182722.22,0.0449,0.00,0
2025-08-01,ACC0000006266,CUST0003147,LOAN,KPR Rumah,2022-08-10,ACTIVE,0.00,,0.0172,3827959.23,2
2025-08-01,ACC0000006531,CUST0003278,LOAN,KPR Rumah,2022-06-25,CLOSED,0.00,,0.0674,0.00,0
2025-08-01,ACC0000006898,CUST0003467,CREDIT_CARD,Kartu Gold,2022-10-21,ACTIVE,0.00,7570288.55,0.0414,-4867589.91,2
2025-08-01,ACC0000006984,CUST0003514,INVESTMENT,SBN Retail,2025-02-10,ACTIVE,0.00,,0.1056,0.00,0
2025-08-01,ACC0000007310,CUST0003674,SAVINGS,Tabungan Negara Plus,2023-02-21,ACTIVE,48480864.44,,0.012,0.00,0
2025-08-01,ACC0000007440,CUST0003738,SAVINGS,Tabungan Haji,2021-08-11,ACTIVE,15680922.43,,0.0437,-851332.03,1
2025-08-01,ACC0000007542,CUST0003789,SAVINGS,Tabungan Rencana,2024-08-18,ACTIVE,35084074.57,,0.0888,-2988063.68,2
2025-08-01,ACC0000007628,CUST0003832,SAVINGS,Tabungan Haji,2023-11-14,ACTIVE,37720294.58,,0.0117,-4093229.14,2
2025-08-01,ACC0000007656,CUST0003847,SAVINGS,Tabungan Berjangka,2024-01-19,CLOSED,12261869.46,,0.0272,0.00,0
2025-08-01,ACC0000007683,CUST0003859,INVESTMENT,SBN Retail,2021-07-21,ACTIVE,0.00,,0.0385,-937557.82,1
2025-08-01,ACC0000007898,CUST0003972,CREDIT_CARD,Kartu Classic,2024-09-11,ACTIVE,0.00,20765171.52,0.1451,759977.03,1
2025-08-01,ACC0000000021,CUST0000011,SAVINGS,Tabungan Berjangka,2021-04-19,CLOSED,22766290.69,,0.0407,0.00,0
2025-08-01,ACC0000000173,CUST0000085,LOAN,KTA Personal,2022-05-13,DORMANT,0.00,,0.0465,0.00,0
2025-08-01,ACC0000000199,CUST0000099,SAVINGS,Tabungan Rencana,2023-10-28,ACTIVE,47528861.37,,0.0186,4979817.95,2
2025-08-01,ACC0000000426,CUST0000214,SAVINGS,Tabungan Berjangka,2024-09-04,ACTIVE,8652950.88,,0.1086,0.00,0
2025-08-01,ACC0000000653,CUST0000324,INVESTMENT,Deposito,2022-02-12,ACTIVE,0.00,,0.0313,1199028.81,1
2025-08-01,ACC0000000818,CUST0000407,SAVINGS,Tabungan Rencana,2025-06-13,ACTIVE,27585723.46,,0.1413,-1096766.34,1
2025-08-01,ACC0000000834,CUST0000415,CREDIT_CARD,Kartu Virtual,2023-10-02,ACTIVE,0.00,21053810.10,0.1388,-108715.67,2
2025-08-01,ACC0000001395,CUST0000701,SAVINGS,Tabungan Rencana,2022-11-18,ACTIVE,43305649.48,,0.0396,1174203.88,2
2025-08-01,ACC0000001465,CUST0000734,SAVINGS,Tabungan Haji,2023-11-01,ACTIVE,45907199.31,,0.1365,0.00,0
2025-08-01,ACC0000001729,CUST0000872,INVESTMENT,Deposito,2022-12-01,ACTIVE,0.00,,0.0352,4774453.97,1
2025-08-01,ACC0000001864,CUST0000938,LOAN,Kredit Usaha,2024-01-11,ACTIVE,0.00,,0.1166,0.00,0
2025-08-01,ACC0000001870,CUST0000942,LOAN,Kredit Kendaraan,2024-01-17,SUSPENDED,0.00,,0.0672,0.00,0
2025-08-01,ACC0000001903,CUST0000957,LOAN,Kredit Usaha,2021-06-21,SUSPENDED,0.00,,0.0655,0.00,0
2025-08-01,ACC0000002335,CUST0001170,SAVINGS,Tabungan Haji,2021-10-20,DORMANT,6174144.31,,0.0447,0.00,0
2025-08-01,ACC0000002552,CUST0001283,INVESTMENT,SBN Retail,2024-04-06,ACTIVE,0.00,,0.1479,244585.61,1
2025-08-01,ACC0000002775,CUST0001403,SAVINGS,Tabungan Berjangka,2021-11-13,ACTIVE,15332345.05,,0.0309,1497368.77,1
2025-08-01,ACC0000003093,CUST0001556,LOAN,KPR Rumah,2023-03-06,DORMANT,0.00,,0.1184,0.00,0
2025-08-01,ACC0000003377,CUST0001698,LOAN,KPR Rumah,2022-05-09,ACTIVE,0.00,,0.0703,1376968.68,2
2025-08-01,ACC0000003762,CUST0001896,INVESTMENT,SBN Retail,2024-12-30,DORMANT,0.00,,0.0195,0.00,0
2025-08-01,ACC0000003820,CUST0001927,SAVINGS,Tabungan Negara Plus,2021-06-07,ACTIVE,1812881.39,,0.0115,0.00,0
2025-08-01,ACC0000004294,CUST0002159,SAVINGS,Tabungan Berjangka,2023-01-13,ACTIVE,31286593.90,,0.0403,-381726.71,1
2025-08-01,ACC0000004999,CUST0002507,LOAN,KTA Personal,2021-12-14,ACTIVE,0.00,,0.0965,203555.93,2
2025-08-01,ACC0000005290,CUST0002656,CREDIT_CARD,Kartu Platinum,2021-04-02,ACTIVE,0.00,49383865.12,0.0375,-4650469.71,2
2025-08-01,ACC0000005593,CUST0002806,CREDIT_CARD,Kartu Platinum,2022-06-02,ACTIVE,0.00,41501961.95,0.103,-3183410.51,1
2025-08-01,ACC0000005859,CUST0002946,CREDIT_CARD,Kartu Virtual,2024-02-16,ACTIVE,0.00,38574795.43,0.0321,-422361.02,3
2025-08-01,ACC0000005894,CUST0002963,SAVINGS,Tabungan Haji,2024-03-23,DORMANT,42954906.64,,0.1418,0.00,0
2025-08-01,ACC0000005971,CUST0002999,CREDIT_CARD,Kartu Virtual,2023-10-06,ACTIVE,0.00,13930482.28,0.0733,4060727.37,1
2025-08-01,ACC0000006017,CUST0003024,LOAN,KTA Personal,2023-06-07,ACTIVE,0.00,,0.0579,-1481093.00,2
2025-08-01,ACC0000006036,CUST0003034,CREDIT_CARD,Kartu Gold,2025-05-08,ACTIVE,0.00,47622941.73,0.0225,-3995410.29,2
2025-08-01,ACC0000006359,CUST0003195,INVESTMENT,SBN Retail,2022-03-27,ACTIVE,0.00,,0.0295,0.00,0
2025-08-01,ACC0000006486,CUST0003257,INVESTMENT,Reksa Dana,2024-05-24,ACTIVE,0.00,,0.0215,11732611.76,4
2025-08-01,ACC0000006791,CUST0003409,INVESTMENT,Obligasi,2023-03-15,ACTIVE,0.00,,0.1384,-4804397.86,1
2025-08-01,ACC0000007293,CUST0003667,CREDIT_CARD,Kartu Classic,2023-09-29,CLOSED,0.00,40737838.63,0.0574,0.00,0
2025-08-01,ACC0000007431,CUST0003734,SAVINGS,Tabungan Negara Plus,2023-07-16,ACTIVE,25483702.97,,0.0841,0.00,0
2025-08-01,ACC0000007501,CUST0003767,INVESTMENT,Deposito,2022-11-06,ACTIVE,0.00,,0.1105,-6481792.67,3
2025-08-01,ACC0000007708,CUST0003873,INVESTMENT,Deposito,2024-02-01,ACTIVE,0.00,,0.0711,2048144.60,3
2025-08-01,ACC0000007734,CUST0003888,SAVINGS,Tabungan Negara Plus,2021-07-19,ACTIVE,45515272.40,,0.0162,1234108.65,1
2025-08-01,ACC0000007791,CUST0003917,LOAN,KPR Rumah,2021-09-17,ACTIVE,0.00,,0.0724,-4985459.88,1
2025-08-01,ACC0000000335,CUST0000169,SAVINGS,Tabungan Haji,2022-04-26,ACTIVE,32043887.36,,0.0369,5217991.60,2
2025-08-01,ACC0000000341,CUST0000171,INVESTMENT,Deposito,2025-04-09,ACTIVE,0.00,,0.0334,0.00,0
2025-08-01,ACC0000000717,CUST0000355,INVESTMENT,SBN Retail,2022-01-17,ACTIVE,0.00,,0.0485,-4412725.11,3
2025-08-01,ACC0000001030,CUST0000515,LOAN,KPR Rumah,2023-11-14,DORMANT,0.00,,0.1329,0.00,0
2025-08-01,ACC0000001138,CUST0000572,CREDIT_CARD,Kartu Classic,2024-06-02,SUSPENDED,0.00,25680329.42,0.1127,0.00,0
2025-08-01,ACC0000001540,CUST0000773,SAVINGS,Tabungan Rencana,2022-04-05,CLOSED,44240189.91,,0.0464,0.00,0
2025-08-01,ACC0000001682,CUST0000847,LOAN,Kredit Kendaraan,2023-04-30,ACTIVE,0.00,,0.1385,2513565.57,2
2025-08-01,ACC0000001723,CUST0000869,LOAN,KTA Personal,2023-03-22,ACTIVE,0.00,,0.0982,1379049.01,1
2025-08-01,ACC0000001808,CUST0000908,SAVINGS,Tabungan Negara Plus,2021-11-14,CLOSED,6889759.98,,0.0328,0.00,0
2025-08-01,ACC0000002245,CUST0001126,CREDIT_CARD,Kartu Virtual,2021-03-14,ACTIVE,0.00,39521123.50,0.0465,-9201862.76,2
2025-08-01,ACC0000002704,CUST0001365,SAVINGS,Tabungan Berjangka,2023-02-04,ACTIVE,26077142.82,,0.0354,1699091.74,2
2025-08-01,ACC0000002803,CUST0001415,CREDIT_CARD,Kartu Platinum,2025-05-07,DORMANT,0.00,20128816.40,0.1266,0.00,0
2025-08-01,ACC0000003184,CUST0001603,CREDIT_CARD,Kartu Gold,2022-08-13,ACTIVE,0.00,24726200.90,0.105,4796338.72,1
2025-08-01,ACC0000003512,CUST0001766,LOAN,KTA Personal,2025-03-29,ACTIVE,0.00,,0.0972,-4273851.50,1
2025-08-01,ACC0000003629,CUST0001830,CREDIT_CARD,Kartu Virtual,2021-07-21,ACTIVE,0.00,16729020.28,0.0507,818238.37,1
2025-08-01,ACC0000003976,CUST0002006,INVESTMENT,SBN Retail,2021-06-13,ACTIVE,0.00,,0.0354,310735.21,2
2025-08-01,ACC0000003996,CUST0002016,SAVINGS,Tabungan Rencana,2021-11-08,ACTIVE,28435908.21,,0.0885,-12057862.93,5
2025-08-01,ACC0000004385,CUST0002204,INVESTMENT,SBN Retail,2021-04-26,ACTIVE,0.00,,0.1461,3654458.01,2
2025-08-01,ACC0000004527,CUST0002275,CREDIT_CARD,Kartu Platinum,2022-02-26,DORMANT,0.00,6506568.06,0.0494,0.00,0
2025-08-01,ACC0000004727,CUST0002372,LOAN,KTA Personal,2023-03-07,DORMANT,0.00,,0.0376,0.00,0
2025-08-01,ACC0000004812,CUST0002415,LOAN,KTA Personal,2023-08-12,SUSPENDED,0.00,,0.0874,0.00,0
2025-08-01,ACC0000004948,CUST0002481,INVESTMENT,Deposito,2023-12-05,CLOSED,0.00,,0.0616,0.00,0
2025-08-01,ACC0000005854,CUST0002944,INVESTMENT,SBN Retail,2021-11-10,ACTIVE,0.00,,0.0174,13017093.88,4
2025-08-01,ACC0000005866,CUST0002950,LOAN,KTA Personal,2021-12-23,ACTIVE,0.00,,0.1426,3724985.95,3
2025-08-01,ACC0000006047,CUST0003040,LOAN,KPR Rumah,2023-10-16,ACTIVE,0.00,,0.0805,0.00,0
2025-08-01,ACC0000006679,CUST0003355,SAVINGS,Tabungan Negara Plus,2023-01-27,ACTIVE,28205668.14,,0.0432,0.00,0
2025-08-01,ACC0000006701,CUST0003366,SAVINGS,Tabungan Rencana,2021-09-15,CLOSED,24593442.40,,0.0892,0.00,0
2025-08-01,ACC0000006863,CUST0003446,LOAN,Kredit Usaha,2023-01-02,ACTIVE,0.00,,0.0823,8288835.09,2
2025-08-01,ACC0000007523,CUST0003780,INVESTMENT,Deposito,2024-05-12,ACTIVE,0.00,,0.0969,-936385.26,3
2025-08-01,ACC0000007526,CUST0003781,LOAN,Kredit Usaha,2021-05-23,CLOSED,0.00,,0.0698,0.00,0
2025-08-01,ACC0000007839,CUST0003938,INVESTMENT,Obligasi,2025-05-11,DORMANT,0.00,,0.1232,0.00,0
2025-08-01,ACC0000007945,CUST0003993,CREDIT_CARD,Kartu Gold,2021-09-04,ACTIVE,0.00,48760371.48,0.101,-326255.75,1
2025-08-01,ACC0000000227,CUST0000114,INVESTMENT,Obligasi,2022-06-17,ACTIVE,0.00,,0.1453,1452689.09,3
2025-08-01,ACC0000000351,CUST0000176,CREDIT_CARD,Kartu Virtual,2024-04-08,ACTIVE,0.00,45674649.36,0.1278,-2070057.57,4
2025-08-01,ACC0000000495,CUST0000250,CREDIT_CARD,Kartu Platinum,2022-04-17,ACTIVE,0.00,29196189.45,0.1391,4726996.57,2
2025-08-01,ACC0000000662,CUST0000327,SAVINGS,Tabungan Negara Plus,2021-09-04,ACTIVE,24619195.52,,0.0631,-4395700.26,1
2025-08-01,ACC0000000840,CUST0000418,SAVINGS,Tabungan Rencana,2023-01-05,DORMANT,2504201.54,,0.1269,0.00,0
2025-08-01,ACC0000000847,CUST0000421,INVESTMENT,Obligasi,2024-09-19,ACTIVE,0.00,,0.0413,-1703739.36,2
2025-08-01,ACC0000000917,CUST0000458,SAVINGS,Tabungan Berjangka,2024-01-01,DORMANT,47652901.33,,0.0933,0.00,0
2025-08-01,ACC0000001007,CUST0000503,CREDIT_CARD,Kartu Platinum,2024-01-27,DORMANT,0.00,23047352.25,0.1096,0.00,0
2025-08-01,ACC0000001060,CUST0000530,SAVINGS,Tabungan Rencana,2022-02-07,CLOSED,27022430.74,,0.1397,0.00,0
2025-08-01,ACC0000001525,CUST0000764,CREDIT_CARD,Kartu Gold,2025-01-15,ACTIVE,0.00,28825593.17,0.121,-4472022.07,1
2025-08-01,ACC0000001560,CUST0000783,INVESTMENT,Obligasi,2024-10-24,DORMANT,0.00,,0.0509,0.00,0
2025-08-01,ACC0000001927,CUST0000968,CREDIT_CARD,Kartu Virtual,2025-04-15,ACTIVE,0.00,8306395.62,0.1118,532559.79,2
2025-08-01,ACC0000001991,CUST0001001,CREDIT_CARD,Kartu Virtual,2025-01-05,ACTIVE,0.00,30262078.15,0.0487,-393471.81,2
2025-08-01,ACC0000002157,CUST0001086,CREDIT_CARD,Kartu Gold,2024-06-25,ACTIVE,0.00,7507886.55,0.0856,-2885858.44,1
2025-08-01,ACC0000002203,CUST0001105,CREDIT_CARD,Kartu Gold,2022-01-29,ACTIVE,0.00,18872559.03,0.0267,-1673983.55,1
2025-08-01,ACC0000002300,CUST0001152,SAVINGS,Tabungan Haji,2024-03-24,ACTIVE,45149306.61,,0.1304,0.00,0
2025-08-01,ACC0000002417,CUST0001212,SAVINGS,Tabungan Haji,2022-08-02,CLOSED,1387222.28,,0.0439,0.00,0
2025-08-01,ACC0000002520,CUST0001264,INVESTMENT,Obligasi,2024-09-09,ACTIVE,0.00,,0.0642,-3930402.12,1
2025-08-01,ACC0000002577,CUST0001293,LOAN,KTA Personal,2021-12-17,ACTIVE,0.00,,0.0421,2085593.48,1
2025-08-01,ACC0000002635,CUST0001328,INVESTMENT,Reksa Dana,2022-11-25,ACTIVE,0.00,,0.1009,170054.67,1
2025-08-01,ACC0000002650,CUST0001335,INVESTMENT,Deposito,2021-12-23,ACTIVE,0.00,,0.045,5707241.07,3
2025-08-01,ACC0000002653,CUST0001336,SAVINGS,Tabungan Rencana,2023-08-16,ACTIVE,3493720.73,,0.1418,-3970142.81,1
2025-08-01,ACC0000002890,CUST0001460,LOAN,Kredit Usaha,2024-12-28,ACTIVE,0.00,,0.1031,-3156065.90,2
2025-08-01,ACC0000002972,CUST0001497,CREDIT_CARD,Kartu Virtual,2024-08-05,ACTIVE,0.00,41290203.32,0.1424,-2574445.75,2
2025-08-01,ACC0000003195,CUST0001609,INVESTMENT,Reksa Dana,2022-04-15,ACTIVE,0.00,,0.084,0.00,0
2025-08-01,ACC0000003440,CUST0001728,SAVINGS,Tabungan Rencana,2022-01-18,ACTIVE,9380370.10,,0.0432,4953371.28,2
2025-08-01,ACC0000003625,CUST0001828,CREDIT_CARD,Kartu Gold,2024-09-09,ACTIVE,0.00,10470960.75,0.1459,0.00,0
2025-08-01,ACC0000003692,CUST0001860,INVESTMENT,Obligasi,2021-09-21,ACTIVE,0.00,,0.0857,0.00,0
2025-08-01,ACC0000004266,CUST0002145,CREDIT_CARD,Kartu Virtual,2022-05-23,ACTIVE,0.00,15601127.13,0.0581,-812936.02,1
2025-08-01,ACC0000004720,CUST0002369,CREDIT_CARD,Kartu Virtual,2022-04-22,ACTIVE,0.00,5924826.60,0.1361,5095446.27,2
2025-08-01,ACC0000004903,CUST0002460,SAVINGS,Tabungan Negara Plus,2022-03-09,ACTIVE,9239847.39,,0.0673,2330214.40,2
2025-08-01,ACC0000004976,CUST0002495,CREDIT_CARD,Kartu Gold,2024-11-25,ACTIVE,0.00,7030154.58,0.0944,0.00,0
2025-08-01,ACC0000005110,CUST0002565,SAVINGS,Tabungan Haji,2021-03-14,SUSPENDED,18455393.72,,0.1231,0.00,0
2025-08-01,ACC0000005691,CUST0002855,SAVINGS,Tabungan Negara Plus,2024-04-17,ACTIVE,8243008.14,,0.0444,2462401.47,5
2025-08-01,ACC0000005751,CUST0002886,LOAN,KPR Rumah,2021-10-25,DORMANT,0.00,,0.1123,0.00,0
2025-08-01,ACC0000005796,CUST0002912,INVESTMENT,SBN Retail,2023-04-18,ACTIVE,0.00,,0.0736,0.00,0
2025-08-01,ACC0000006021,CUST0003026,CREDIT_CARD,Kartu Platinum,2024-05-25,DORMANT,0.00,5021245.87,0.0668,0.00,0
2025-08-01,ACC0000006229,CUST0003129,CREDIT_CARD,Kartu Platinum,2023-05-14,ACTIVE,0.00,41623388.33,0.0641,-1642783.22,1
2025-08-01,ACC0000006788,CUST0003407,LOAN,Kredit Kendaraan,2025-01-19,ACTIVE,0.00,,0.073,-1074781.44,1
2025-08-01,ACC0000007201,CUST0003623,CREDIT_CARD,Kartu Gold,2021-10-15,ACTIVE,0.00,20032680.19,0.0555,269451.78,4
2025-08-01,ACC0000007923,CUST0003982,INVESTMENT,Obligasi,2024-05-10,ACTIVE,0.00,,0.0697,-1922861.52,1
2025-08-01,ACC0000000129,CUST0000066,LOAN,Kredit Kendaraan,2023-08-21,ACTIVE,0.00,,0.0372,-3217126.73,3
2025-08-01,ACC0000000240,CUST0000121,SAVINGS,Tabungan Negara Plus,2023-02-21,ACTIVE,30799341.86,,0.0675,0.00,0
2025-08-01,ACC0000000509,CUST0000257,SAVINGS,Tabungan Berjangka,2021-09-25,ACTIVE,35909232.38,,0.0376,-3351837.36,1
2025-08-01,ACC0000000623,CUST0000311,CREDIT_CARD,Kartu Classic,2024-04-18,ACTIVE,0.00,40041120.15,0.1302,-6752074.53,3
2025-08-01,ACC0000000879,CUST0000435,LOAN,Kredit Usaha,2024-02-08,ACTIVE,0.00,,0.015,-4788738.45,1
2025-08-01,ACC0000001360,CUST0000682,CREDIT_CARD,Kartu Platinum,2021-07-20,SUSPENDED,0.00,32818472.91,0.0409,0.00,0
2025-08-01,ACC0000001909,CUST0000960,CREDIT_CARD,Kartu Virtual,2021-10-17,SUSPENDED,0.00,35756755.93,0.086,0.00,0
2025-08-01,ACC0000001913,CUST0000962,LOAN,KTA Personal,2022-09-28,ACTIVE,0.00,,0.1436,-1185295.84,3
2025-08-01,ACC0000002007,CUST0001010,CREDIT_CARD,Kartu Gold,2023-07-11,ACTIVE,0.00,49356925.17,0.0778,1260261.38,3
2025-08-01,ACC0000002055,CUST0001035,LOAN,KTA Personal,2022-07-03,ACTIVE,0.00,,0.0648,-2925536.12,2
2025-08-01,ACC0000002175,CUST0001093,LOAN,KTA Personal,2022-02-26,ACTIVE,0.00,,0.1482,189806.54,2
2025-08-01,ACC0000002267,CUST0001135,LOAN,Kredit Kendaraan,2023-01-29,ACTIVE,0.00,,0.1373,4257743.44,3
2025-08-01,ACC0000002483,CUST0001246,CREDIT_CARD,Kartu Gold,2023-02-20,ACTIVE,0.00,17231065.35,0.0954,-1972942.87,2
2025-08-01,ACC0000002601,CUST0001308,CREDIT_CARD,Kartu Gold,2023-09-13,ACTIVE,0.00,43088169.40,0.1453,0.00,0
2025-08-01,ACC0000003092,CUST0001556,LOAN,Kredit Kendaraan,2023-06-15,ACTIVE,0.00,,0.0697,-3161682.86,3
2025-08-01,ACC0000003160,CUST0001592,LOAN,KPR Rumah,2025-01-07,ACTIVE,0.00,,0.1116,753373.92,1
2025-08-01,ACC0000003622,CUST0001826,SAVINGS,Tabungan Haji,2024-01-19,ACTIVE,38520147.14,,0.0976,5835714.55,4
2025-08-01,ACC0000003859,CUST0001946,LOAN,Kredit Usaha,2024-02-15,ACTIVE,0.00,,0.119,-1657918.01,1
2025-08-01,ACC0000003860,CUST0001946,INVESTMENT,SBN Retail,2024-05-08,ACTIVE,0.00,,0.0711,0.00,0
2025-08-01,ACC0000003937,CUST0001985,INVESTMENT,Obligasi,2025-05-08,CLOSED,0.00,,0.0173,0.00,0
2025-08-01,ACC0000004841,CUST0002428,INVESTMENT,Obligasi,2022-01-11,DORMANT,0.00,,0.0565,0.00,0
2025-08-01,ACC0000004971,CUST0002492,CREDIT_CARD,Kartu Platinum,2022-02-19,DORMANT,0.00,5085714.09,0.0488,0.00,0
2025-08-01,ACC0000005140,CUST0002580,CREDIT_CARD,Kartu Virtual,2025-01-10,SUSPENDED,0.00,22290320.57,0.0144,0.00,0
2025-08-01,ACC0000005295,CUST0002658,SAVINGS,Tabungan Rencana,2022-08-04,CLOSED,27384951.25,,0.1204,0.00,0
2025-08-01,ACC0000005353,CUST0002687,LOAN,KTA Personal,2024-09-06,ACTIVE,0.00,,0.0491,0.00,0
2025-08-01,ACC0000005518,CUST0002768,SAVINGS,Tabungan Rencana,2025-03-13,ACTIVE,13609438.67,,0.0738,-7128161.09,3
2025-08-01,ACC0000005679,CUST0002849,INVESTMENT,Reksa Dana,2023-06-07,CLOSED,0.00,,0.0178,0.00,0
2025-08-01,ACC0000006281,CUST0003155,CREDIT_CARD,Kartu Platinum,2021-06-02,ACTIVE,0.00,35312959.80,0.0526,1232043.66,1
2025-08-01,ACC0000006346,CUST0003186,INVESTMENT,Deposito,2024-06-24,CLOSED,0.00,,0.0973,0.00,0
2025-08-01,ACC0000006405,CUST0003219,INVESTMENT,Reksa Dana,2021-10-14,ACTIVE,0.00,,0.048,257444.04,2
2025-08-01,ACC0000006537,CUST0003282,SAVINGS,Tabungan Haji,2021-10-06,ACTIVE,1033260.85,,0.0975,0.00,0
2025-08-01,ACC0000006592,CUST0003311,INVESTMENT,Deposito,2021-08-09,ACTIVE,0.00,,0.0517,4690112.72,2
2025-08-01,ACC0000007084,CUST0003563,CREDIT_CARD,Kartu Classic,2023-12-30,ACTIVE,0.00,38861639.28,0.0229,-7572477.29,2
2025-08-01,ACC0000007127,CUST0003587,CREDIT_CARD,Kartu Classic,2023-07-16,CLOSED,0.00,7226368.83,0.0465,0.00,0
2025-08-01,ACC0000007285,CUST0003663,CREDIT_CARD,Kartu Gold,2021-04-18,DORMANT,0.00,39971465.88,0.1165,0.00,0
2025-08-01,ACC0000007520,CUST0003778,SAVINGS,Tabungan Haji,2022-07-19,ACTIVE,29699717.00,,0.1252,-956177.60,1
2025-08-01,ACC0000007558,CUST0003796,SAVINGS,Tabungan Berjangka,2021-10-02,ACTIVE,42353865.70,,0.0734,0.00,0
2025-08-01,ACC0000007693,CUST0003865,SAVINGS,Tabungan Negara Plus,2025-03-23,ACTIVE,6917938.11,,0.0493,4548996.75,1
2025-08-01,ACC0000000006,CUST0000004,INVESTMENT,Reksa Dana,2021-05-28,ACTIVE,0.00,,0.1348,-2656802.57,1
2025-08-01,ACC0000000276,CUST0000138,INVESTMENT,SBN Retail,2025-05-26,ACTIVE,0.00,,0.1171,1452031.93,3
2025-08-01,ACC0000000414,CUST0000209,SAVINGS,Tabungan Negara Plus,2025-04-08,ACTIVE,47210556.62,,0.0492,653783.63,1
2025-08-01,ACC0000000640,CUST0000319,SAVINGS,Tabungan Rencana,2023-10-17,ACTIVE,2048860.22,,0.0679,0.00,0
2025-08-01,ACC0000000739,CUST0000367,CREDIT_CARD,Kartu Platinum,2022-12-16,ACTIVE,0.00,5849357.31,0.0898,-862935.77,3
2025-08-01,ACC0000000779,CUST0000386,SAVINGS,Tabungan Negara Plus,2021-11-18,ACTIVE,42897678.91,,0.0128,0.00,0
2025-08-01,ACC0000000838,CUST0000417,INVESTMENT,Obligasi,2023-12-01,DORMANT,0.00,,0.0257,0.00,0
2025-08-01,ACC0000000953,CUST0000476,LOAN,Kredit Usaha,2024-04-29,ACTIVE,0.00,,0.0787,5050293.56,3
2025-08-01,ACC0000001098,CUST0000550,SAVINGS,Tabungan Rencana,2024-04-01,ACTIVE,26790865.00,,0.0219,2738842.07,1
2025-08-01,ACC0000001163,CUST0000583,CREDIT_CARD,Kartu Classic,2025-01-12,DORMANT,0.00,32195161.05,0.067,0.00,0
2025-08-01,ACC0000002000,CUST0001006,SAVINGS,Tabungan Berjangka,2025-07-27,ACTIVE,46841015.59,,0.0135,4798861.70,1
2025-08-01,ACC0000002595,CUST0001305,SAVINGS,Tabungan Haji,2022-05-06,ACTIVE,6306841.44,,0.0561,248407.89,3
2025-08-01,ACC0000002600,CUST0001307,SAVINGS,Tabungan Negara Plus,2022-07-09,ACTIVE,13266840.35,,0.0565,2193565.30,1
2025-08-01,ACC0000002664,CUST0001342,CREDIT_CARD,Kartu Gold,2024-12-06,ACTIVE,0.00,49075819.90,0.0388,-4320149.94,1
2025-08-01,ACC0000002796,CUST0001410,INVESTMENT,Obligasi,2023-07-30,ACTIVE,0.00,,0.1419,-1941412.50,1
2025-08-01,ACC0000003490,CUST0001755,INVESTMENT,SBN Retail,2023-05-09,ACTIVE,0.00,,0.0254,8093.93,3
2025-08-01,ACC0000003647,CUST0001840,SAVINGS,Tabungan Berjangka,2023-12-21,DORMANT,36895102.32,,0.0243,0.00,0
2025-08-01,ACC0000003824,CUST0001929,INVESTMENT,Obligasi,2023-01-01,ACTIVE,0.00,,0.1123,5082722.75,3
2025-08-01,ACC0000004148,CUST0002087,INVESTMENT,SBN Retail,2023-09-14,ACTIVE,0.00,,0.131,-1673100.36,2
2025-08-01,ACC0000004212,CUST0002122,CREDIT_CARD,Kartu Classic,2025-05-19,ACTIVE,0.00,33147603.38,0.048,-884245.40,1
2025-08-01,ACC0000004216,CUST0002123,LOAN,Kredit Usaha,2022-07-19,ACTIVE,0.00,,0.0928,0.00,0
2025-08-01,ACC0000004341,CUST0002182,INVESTMENT,Obligasi,2023-01-08,DORMANT,0.00,,0.1171,0.00,0
2025-08-01,ACC0000004367,CUST0002196,INVESTMENT,Reksa Dana,2025-04-19,ACTIVE,0.00,,0.0858,-1140223.75,1
2025-08-01,ACC0000004702,CUST0002362,CREDIT_CARD,Kartu Gold,2024-05-10,ACTIVE,0.00,49158171.54,0.0163,3706947.43,3
2025-08-01,ACC0000004731,CUST0002373,INVESTMENT,SBN Retail,2025-02-04,ACTIVE,0.00,,0.081,2816417.38,2
2025-08-01,ACC0000004740,CUST0002377,LOAN,KTA Personal,2022-05-08,ACTIVE,0.00,,0.0503,1641185.72,1
2025-08-01,ACC0000004837,CUST0002427,LOAN,KPR Rumah,2021-07-03,DORMANT,0.00,,0.0558,0.00,0
2025-08-01,ACC0000005127,CUST0002574,INVESTMENT,Reksa Dana,2025-05-24,ACTIVE,0.00,,0.0579,-3581257.75,3
2025-08-01,ACC0000005400,CUST0002710,SAVINGS,Tabungan Haji,2021-11-22,ACTIVE,34022691.39,,0.1326,-166531.95,2
2025-08-01,ACC0000005891,CUST0002962,INVESTMENT,Deposito,2024-11-11,ACTIVE,0.00,,0.0887,4667327.73,1
2025-08-01,ACC0000005987,CUST0003008,LOAN,KPR Rumah,2022-09-08,ACTIVE,0.00,,0.069,4438338.87,3
2025-08-01,ACC0000006046,CUST0003039,LOAN,KTA Personal,2021-12-27,ACTIVE,0.00,,0.0164,625035.79,1
2025-08-01,ACC0000006111,CUST0003070,INVESTMENT,SBN Retail,2023-06-11,ACTIVE,0.00,,0.1441,0.00,0
2025-08-01,ACC0000006321,CUST0003173,LOAN,KTA Personal,2022-05-10,ACTIVE,0.00,,0.0326,3680120.10,1
2025-08-01,ACC0000006851,CUST0003440,INVESTMENT,Obligasi,2024-08-20,ACTIVE,0.00,,0.1043,-6407138.10,2
2025-08-01,ACC0000006969,CUST0003506,SAVINGS,Tabungan Negara Plus,2024-05-19,ACTIVE,23853394.74,,0.0632,1720441.38,1
2025-08-01,ACC0000007016,CUST0003528,LOAN,KPR Rumah,2024-09-29,ACTIVE,0.00,,0.0409,3847173.86,3
2025-08-01,ACC0000000011,CUST0000006,INVESTMENT,Obligasi,2023-01-27,ACTIVE,0.00,,0.0238,0.00,0
2025-08-01,ACC0000000176,CUST0000087,CREDIT_CARD,Kartu Classic,2021-10-30,ACTIVE,0.00,36287281.18,0.0846,-2450053.79,5
2025-08-01,ACC0000000373,CUST0000186,LOAN,Kredit Kendaraan,2023-10-12,DORMANT,0.00,,0.0909,0.00,0
2025-08-01,ACC0000000439,CUST0000221,CREDIT_CARD,Kartu Gold,2021-06-12,DORMANT,0.00,49762329.42,0.1445,0.00,0
2025-08-01,ACC0000000908,CUST0000454,CREDIT_CARD,Kartu Gold,2023-12-01,SUSPENDED,0.00,48825148.33,0.1194,0.00,0
2025-08-01,ACC0000000926,CUST0000462,SAVINGS,Tabungan Berjangka,2021-11-13,ACTIVE,27436775.01,,0.0779,12376864.22,6
2025-08-01,ACC0000001319,CUST0000663,SAVINGS,Tabungan Rencana,2022-08-03,ACTIVE,37616500.52,,0.0562,-7356278.77,3
2025-08-01,ACC0000001665,CUST0000839,LOAN,Kredit Usaha,2023-08-08,ACTIVE,0.00,,0.0583,0.00,0
2025-08-01,ACC0000002121,CUST0001067,SAVINGS,Tabungan Rencana,2022-10-13,ACTIVE,15295278.49,,0.0488,-660064.42,2
2025-08-01,ACC0000002269,CUST0001137,INVESTMENT,Deposito,2023-05-29,CLOSED,0.00,,0.1111,0.00,0
2025-08-01,ACC0000002344,CUST0001175,INVESTMENT,Deposito,2023-08-05,DORMANT,0.00,,0.1121,0.00,0
2025-08-01,ACC0000002404,CUST0001204,SAVINGS,Tabungan Haji,2023-03-29,ACTIVE,2176496.73,,0.1461,1474857.59,2
2025-08-01,ACC0000002471,CUST0001241,CREDIT_CARD,Kartu Platinum,2022-03-15,DORMANT,0.00,37448941.44,0.114,0.00,0
2025-08-01,ACC0000002590,CUST0001301,CREDIT_CARD,Kartu Platinum,2024-05-05,ACTIVE,0.00,16752996.00,0.0966,0.00,0
2025-08-01,ACC0000002747,CUST0001387,INVESTMENT,SBN Retail,2021-10-03,ACTIVE,0.00,,0.0616,2277343.24,1
2025-08-01,ACC0000003196,CUST0001610,CREDIT_CARD,Kartu Classic,2023-06-10,ACTIVE,0.00,42680591.30,0.0864,-242718.54,2
2025-08-01,ACC0000003743,CUST0001887,INVESTMENT,SBN Retail,2023-11-05,ACTIVE,0.00,,0.0763,6414820.00,2
2025-08-01,ACC0000004368,CUST0002197,SAVINGS,Tabungan Berjangka,2021-10-20,ACTIVE,17327192.73,,0.0937,2439401.63,4
2025-08-01,ACC0000004537,CUST0002279,SAVINGS,Tabungan Haji,2023-01-02,ACTIVE,23301711.28,,0.1193,2374004.21,3
2025-08-01,ACC0000004616,CUST0002316,SAVINGS,Tabungan Negara Plus,2024-04-07,ACTIVE,29204006.89,,0.0903,0.00,0
2025-08-01,ACC0000004685,CUST0002349,SAVINGS,Tabungan Berjangka,2025-06-09,CLOSED,10990031.00,,0.1223,0.00,0
2025-08-01,ACC0000004861,CUST0002438,SAVINGS,Tabungan Haji,2022-01-08,ACTIVE,33386826.76,,0.0844,3450564.01,1
2025-08-01,ACC0000005079,CUST0002548,INVESTMENT,SBN Retail,2022-10-30,ACTIVE,0.00,,0.1413,0.00,0
2025-08-01,ACC0000005080,CUST0002549,CREDIT_CARD,Kartu Platinum,2021-12-21,ACTIVE,0.00,25153966.42,0.0624,7568295.20,3
2025-08-01,ACC0000005289,CUST0002656,CREDIT_CARD,Kartu Virtual,2021-07-20,DORMANT,0.00,24166818.09,0.1367,0.00,0
2025-08-01,ACC0000005619,CUST0002822,LOAN,KPR Rumah,2024-08-10,ACTIVE,0.00,,0.1309,-2477468.32,1
2025-08-01,ACC0000005958,CUST0002994,CREDIT_CARD,Kartu Platinum,2025-04-02,ACTIVE,0.00,32927059.21,0.1472,2087966.69,6
2025-08-01,ACC0000006547,CUST0003286,CREDIT_CARD,Kartu Virtual,2024-12-21,DORMANT,0.00,17570293.01,0.0267,0.00,0
2025-08-01,ACC0000006915,CUST0003475,SAVINGS,Tabungan Rencana,2024-12-04,ACTIVE,21408731.32,,0.0101,-2537291.85,1
2025-08-01,ACC0000006946,CUST0003493,CREDIT_CARD,Kartu Virtual,2023-10-13,DORMANT,0.00,7847821.64,0.0811,0.00,0
2025-08-01,ACC0000007191,CUST0003618,INVESTMENT,SBN Retail,2024-04-28,ACTIVE,0.00,,0.0831,-2126926.45,2
2025-08-01,ACC0000007300,CUST0003670,CREDIT_CARD,Kartu Virtual,2022-10-23,ACTIVE,0.00,43878605.17,0.1456,3840112.41,6
2025-08-01,ACC0000007359,CUST0003699,LOAN,KTA Personal,2022-08-24,ACTIVE,0.00,,0.1401,4181871.63,1
2025-08-01,ACC0000000169,CUST0000083,SAVINGS,Tabungan Negara Plus,2023-11-07,ACTIVE,29921661.74,,0.07,8194933.99,2
2025-08-01,ACC0000000989,CUST0000495,CREDIT_CARD,Kartu Classic,2021-03-13,ACTIVE,0.00,32080204.10,0.0976,0.00,0
2025-08-01,ACC0000001136,CUST0000570,INVESTMENT,Obligasi,2024-02-19,CLOSED,0.00,,0.034,0.00,0
2025-08-01,ACC0000001186,CUST0000594,LOAN,Kredit Usaha,2022-03-20,ACTIVE,0.00,,0.1028,159938.46,3
2025-08-01,ACC0000001725,CUST0000870,INVESTMENT,Reksa Dana,2024-11-30,ACTIVE,0.00,,0.1483,2931466.74,2
2025-08-01,ACC0000001750,CUST0000883,SAVINGS,Tabungan Berjangka,2021-08-18,ACTIVE,9916016.26,,0.1186,6952632.86,2
2025-08-01,ACC0000001954,CUST0000982,SAVINGS,Tabungan Negara Plus,2023-07-28,ACTIVE,1774188.37,,0.0597,0.00,0
2025-08-01,ACC0000002046,CUST0001031,SAVINGS,Tabungan Negara Plus,2024-01-19,ACTIVE,17314816.54,,0.0341,861777.24,1
2025-08-01,ACC0000002057,CUST0001036,INVESTMENT,Deposito,2022-10-22,ACTIVE,0.00,,0.0448,3420209.28,3
2025-08-01,ACC0000002260,CUST0001133,CREDIT_CARD,Kartu Virtual,2023-10-03,ACTIVE,0.00,23476572.65,0.0989,1240863.32,1
2025-08-01,ACC0000002281,CUST0001143,CREDIT_CARD,Kartu Classic,2025-06-05,ACTIVE,0.00,23316680.40,0.1482,-3560345.16,1
2025-08-01,ACC0000002419,CUST0001213,CREDIT_CARD,Kartu Platinum,2022-03-27,ACTIVE,0.00,42291321.08,0.1023,-5519485.31,2
2025-08-01,ACC0000002454,CUST0001232,LOAN,KTA Personal,2024-03-21,DORMANT,0.00,,0.1487,0.00,0
2025-08-01,ACC0000002474,CUST0001242,LOAN,Kredit Kendaraan,2023-07-23,CLOSED,0.00,,0.0588,0.00,0
2025-08-01,ACC0000002863,CUST0001447,INVESTMENT,Reksa Dana,2023-08-19,ACTIVE,0.00,,0.0104,5247789.70,4
2025-08-01,ACC0000002875,CUST0001453,CREDIT_CARD,Kartu Virtual,2021-08-29,ACTIVE,0.00,17413062.90,0.0661,1416422.80,2
2025-08-01,ACC0000003065,CUST0001542,LOAN,Kredit Kendaraan,2021-07-13,ACTIVE,0.00,,0.0173,4118041.04,2
2025-08-01,ACC0000003072,CUST0001547,CREDIT_CARD,Kartu Classic,2021-12-31,ACTIVE,0.00,27194780.76,0.09,-941133.22,2
2025-08-01,ACC0000003141,CUST0001582,LOAN,Kredit Kendaraan,2021-12-02,DORMANT,0.00,,0.0119,0.00,0
2025-08-01,ACC0000003144,CUST0001583,SAVINGS,Tabungan Rencana,2023-05-28,ACTIVE,8417290.27,,0.023,-988646.47,3
2025-08-01,ACC0000003161,CUST0001593,LOAN,KPR Rumah,2023-03-05,ACTIVE,0.00,,0.0846,0.00,0
2025-08-01,ACC0000003282,CUST0001655,SAVINGS,Tabungan Negara Plus,2023-10-17,ACTIVE,40857304.72,,0.1341,38522.07,1
2025-08-01,ACC0000003316,CUST0001668,LOAN,Kredit Usaha,2022-07-03,ACTIVE,0.00,,0.1196,2332345.92,2
2025-08-01,ACC0000003510,CUST0001765,INVESTMENT,SBN Retail,2021-06-10,ACTIVE,0.00,,0.0625,385970.54,1
2025-08-01,ACC0000003783,CUST0001908,SAVINGS,Tabungan Berjangka,2021-05-13,ACTIVE,340586.24,,0.0531,-1624326.65,1
2025-08-01,ACC0000004134,CUST0002080,SAVINGS,Tabungan Haji,2022-10-03,DORMANT,16644773.69,,0.055,0.00,0
2025-08-01,ACC0000004391,CUST0002206,INVESTMENT,Obligasi,2024-03-14,ACTIVE,0.00,,0.148,4932664.54,2
2025-08-01,ACC0000005174,CUST0002596,LOAN,Kredit Usaha,2025-02-15,CLOSED,0.00,,0.0756,0.00,0
2025-08-01,ACC0000005557,CUST0002787,INVESTMENT,Obligasi,2025-02-13,ACTIVE,0.00,,0.1419,-140709.08,1
2025-08-01,ACC0000005571,CUST0002794,LOAN,KPR Rumah,2024-07-30,CLOSED,0.00,,0.0297,0.00,0
2025-08-01,ACC0000005625,CUST0002824,INVESTMENT,Reksa Dana,2021-07-15,ACTIVE,0.00,,0.0502,-1479840.28,1
2025-08-01,ACC0000005641,CUST0002831,INVESTMENT,SBN Retail,2024-09-23,ACTIVE,0.00,,0.0471,-605066.97,5
2025-08-01,ACC0000005842,CUST0002937,INVESTMENT,Reksa Dana,2023-08-28,ACTIVE,0.00,,0.0788,-179944.14,3
2025-08-01,ACC0000005964,CUST0002997,SAVINGS,Tabungan Rencana,2024-04-22,ACTIVE,31376631.35,,0.0543,-518315.35,2
2025-08-01,ACC0000006000,CUST0003016,CREDIT_CARD,Kartu Classic,2023-11-15,ACTIVE,0.00,10681573.08,0.1371,0.00,0
2025-08-01,ACC0000006097,CUST0003063,CREDIT_CARD,Kartu Platinum,2021-05-24,ACTIVE,0.00,46542139.94,0.0926,-1296012.15,2
2025-08-01,ACC0000006107,CUST0003068,CREDIT_CARD,Kartu Classic,2023-07-07,ACTIVE,0.00,22374848.47,0.0684,-4463837.50,1
2025-08-01,ACC0000006960,CUST0003501,LOAN,Kredit Kendaraan,2024-10-02,ACTIVE,0.00,,0.0233,929583.59,2
2025-08-01,ACC0000007158,CUST0003603,LOAN,KTA Personal,2021-07-03,ACTIVE,0.00,,0.044,4313976.86,2
2025-08-01,ACC0000007248,CUST0003646,SAVINGS,Tabungan Negara Plus,2023-05-06,CLOSED,5815931.42,,0.1488,0.00,0
2025-08-01,ACC0000007303,CUST0003671,CREDIT_CARD,Kartu Platinum,2022-12-06,DORMANT,0.00,41112088.73,0.0288,0.00,0
2025-08-01,ACC0000007389,CUST0003715,CREDIT_CARD,Kartu Virtual,2023-07-06,ACTIVE,0.00,17771801.26,0.1222,-687932.11,2
2025-08-01,ACC0000007869,CUST0003954,CREDIT_CARD,Kartu Classic,2021-07-07,ACTIVE,0.00,7575462.21,0.1217,785999.86,3
2025-08-01,ACC0000007871,CUST0003955,LOAN,Kredit Usaha,2022-08-20,DORMANT,0.00,,0.0855,0.00,0
2025-08-01,ACC0000000459,CUST0000232,SAVINGS,Tabungan Haji,2021-12-08,ACTIVE,37078814.79,,0.12,-1110502.82,1
2025-08-01,ACC0000000515,CUST0000260,SAVINGS,Tabungan Berjangka,2022-12-08,SUSPENDED,34137648.81,,0.1066,0.00,0
2025-08-01,ACC0000000536,CUST0000270,SAVINGS,Tabungan Rencana,2021-08-14,ACTIVE,5274727.48,,0.0251,3538167.45,4
2025-08-01,ACC0000000853,CUST0000423,LOAN,Kredit Usaha,2023-12-01,ACTIVE,0.00,,0.0534,0.00,0
2025-08-01,ACC0000000978,CUST0000490,CREDIT_CARD,Kartu Classic,2021-06-17,ACTIVE,0.00,19082119.45,0.0793,4403367.24,1
2025-08-01,ACC0000001154,CUST0000579,INVESTMENT,Deposito,2024-06-22,ACTIVE,0.00,,0.0489,4451629.62,1
2025-08-01,ACC0000001227,CUST0000617,LOAN,Kredit Kendaraan,2022-01-27,ACTIVE,0.00,,0.1232,4248694.66,4
2025-08-01,ACC0000001518,CUST0000759,LOAN,Kredit Usaha,2022-10-24,ACTIVE,0.00,,0.0521,869317.93,1
2025-08-01,ACC0000001669,CUST0000842,SAVINGS,Tabungan Haji,2024-06-23,ACTIVE,7909941.10,,0.1456,-2886535.23,1
2025-08-01,ACC0000001803,CUST0000905,SAVINGS,Tabungan Negara Plus,2024-12-24,DORMANT,27838235.27,,0.0832,0.00,0
2025-08-01,ACC0000001935,CUST0000972,LOAN,KTA Personal,2024-04-04,DORMANT,0.00,,0.123,0.00,0
2025-08-01,ACC0000002295,CUST0001149,CREDIT_CARD,Kartu Platinum,2021-08-29,DORMANT,0.00,25819037.31,0.0806,0.00,0
2025-08-01,ACC0000002401,CUST0001203,SAVINGS,Tabungan Negara Plus,2022-11-28,ACTIVE,39322766.02,,0.1253,0.00,0
2025-08-01,ACC0000002490,CUST0001250,CREDIT_CARD,Kartu Gold,2023-11-23,ACTIVE,0.00,46132255.39,0.0258,4243234.10,1
2025-08-01,ACC0000002546,CUST0001279,LOAN,Kredit Usaha,2021-05-19,ACTIVE,0.00,,0.1292,6232218.73,5
2025-08-01,ACC0000002735,CUST0001382,LOAN,KPR Rumah,2024-04-06,ACTIVE,0.00,,0.0507,8071346.40,3
2025-08-01,ACC0000003468,CUST0001743,SAVINGS,Tabungan Haji,2021-08-20,ACTIVE,36196391.17,,0.0895,522529.93,1
2025-08-01,ACC0000003527,CUST0001773,INVESTMENT,SBN Retail,2023-05-16,DORMANT,0.00,,0.0514,0.00,0
2025-08-01,ACC0000003658,CUST0001847,INVESTMENT,Obligasi,2023-04-24,ACTIVE,0.00,,0.022,666789.94,2
2025-08-01,ACC0000003960,CUST0001997,SAVINGS,Tabungan Rencana,2022-01-02,ACTIVE,5988846.87,,0.1247,-3677532.51,3
2025-08-01,ACC0000004014,CUST0002026,CREDIT_CARD,Kartu Classic,2022-08-04,ACTIVE,0.00,22922568.63,0.0955,-1427815.46,2
2025-08-01,ACC0000004015,CUST0002026,INVESTMENT,Reksa Dana,2022-05-30,ACTIVE,0.00,,0.0463,-6412455.04,2
2025-08-01,ACC0000004138,CUST0002082,LOAN,KPR Rumah,2024-04-29,ACTIVE,0.00,,0.0595,-3434203.74,2
2025-08-01,ACC0000004354,CUST0002189,CREDIT_CARD,Kartu Platinum,2021-12-06,ACTIVE,0.00,43068067.24,0.1225,0.00,0
2025-08-01,ACC0000004363,CUST0002194,INVESTMENT,Reksa Dana,2022-06-14,ACTIVE,0.00,,0.0619,4555372.52,1
2025-08-01,ACC0000004532,CUST0002278,SAVINGS,Tabungan Berjangka,2024-05-12,ACTIVE,21651430.69,,0.1276,467768.24,3
2025-08-01,ACC0000004581,CUST0002298,LOAN,KPR Rumah,2024-01-06,DORMANT,0.00,,0.0572,0.00,0
2025-08-01,ACC0000004647,CUST0002334,CREDIT_CARD,Kartu Platinum,2022-06-09,ACTIVE,0.00,38831746.17,0.1474,2463803.03,3
2025-08-01,ACC0000004653,CUST0002336,INVESTMENT,Obligasi,2024-05-29,ACTIVE,0.00,,0.0697,-4850615.04,1
2025-08-01,ACC0000004732,CUST0002373,SAVINGS,Tabungan Negara Plus,2025-01-25,ACTIVE,10619606.62,,0.0865,-1102006.15,5
2025-08-01,ACC0000005387,CUST0002704,INVESTMENT,Reksa Dana,2024-03-29,CLOSED,0.00,,0.082,0.00,0
2025-08-01,ACC0000005397,CUST0002709,LOAN,Kredit Usaha,2025-03-28,ACTIVE,0.00,,0.0632,-3117668.04,1
2025-08-01,ACC0000005614,CUST0002820,CREDIT_CARD,Kartu Virtual,2022-09-09,DORMANT,0.00,17377801.83,0.1216,0.00,0
2025-08-01,ACC0000006119,CUST0003074,CREDIT_CARD,Kartu Platinum,2025-04-01,DORMANT,0.00,25194936.74,0.0833,0.00,0
2025-08-01,ACC0000006156,CUST0003093,LOAN,KTA Personal,2024-08-16,ACTIVE,0.00,,0.1471,0.00,0
2025-08-01,ACC0000006187,CUST0003109,INVESTMENT,Deposito,2021-09-27,ACTIVE,0.00,,0.1151,-7772011.31,6
2025-08-01,ACC0000006468,CUST0003250,LOAN,KPR Rumah,2021-12-24,ACTIVE,0.00,,0.1022,5263818.22,2
2025-08-01,ACC0000006642,CUST0003335,LOAN,KTA Personal,2021-09-12,DORMANT,0.00,,0.0435,0.00,0
2025-08-01,ACC0000006683,CUST0003357,INVESTMENT,Obligasi,2023-11-06,ACTIVE,0.00,,0.0434,335837.66,1
2025-08-01,ACC0000006724,CUST0003377,INVESTMENT,Deposito,2025-01-24,ACTIVE,0.00,,0.1341,-825633.76,2
2025-08-01,ACC0000007067,CUST0003554,LOAN,Kredit Kendaraan,2023-06-05,ACTIVE,0.00,,0.0272,-3308355.22,1
2025-08-01,ACC0000007337,CUST0003688,SAVINGS,Tabungan Haji,2022-07-21,ACTIVE,6502534.91,,0.1296,-4886146.28,1
2025-08-01,ACC0000007707,CUST0003872,CREDIT_CARD,Kartu Platinum,2021-11-26,ACTIVE,0.00,31421165.67,0.0361,3498685.14,2
2025-08-01,ACC0000007836,CUST0003937,INVESTMENT,SBN Retail,2022-06-05,ACTIVE,0.00,,0.0288,-2502452.12,1
2025-08-01,ACC0000007859,CUST0003950,SAVINGS,Tabungan Negara Plus,2021-10-27,DORMANT,2243707.63,,0.1384,0.00,0
2025-08-01,ACC0000000302,CUST0000150,SAVINGS,Tabungan Haji,2024-07-05,ACTIVE,39701367.68,,0.0673,-1239134.30,2
2025-08-01,ACC0000000473,CUST0000239,INVESTMENT,Reksa Dana,2021-10-22,ACTIVE,0.00,,0.0277,0.00,0
2025-08-01,ACC0000000774,CUST0000385,SAVINGS,Tabungan Rencana,2025-03-25,ACTIVE,44926123.61,,0.135,3636332.64,1
2025-08-01,ACC0000001107,CUST0000553,LOAN,KTA Personal,2023-10-23,ACTIVE,0.00,,0.1348,743575.29,2
2025-08-01,ACC0000001201,CUST0000601,LOAN,Kredit Kendaraan,2022-01-23,DORMANT,0.00,,0.021,0.00,0
2025-08-01,ACC0000001286,CUST0000647,CREDIT_CARD,Kartu Classic,2024-10-21,ACTIVE,0.00,29052192.82,0.114,3672926.46,1
2025-08-01,ACC0000002120,CUST0001067,CREDIT_CARD,Kartu Classic,2022-09-05,ACTIVE,0.00,28976602.99,0.1117,6762393.48,2
2025-08-01,ACC0000002232,CUST0001118,CREDIT_CARD,Kartu Gold,2023-03-31,ACTIVE,0.00,12797474.29,0.0266,0.00,0
2025-08-01,ACC0000002330,CUST0001168,SAVINGS,Tabungan Negara Plus,2022-11-13,ACTIVE,38108228.01,,0.1442,-2046025.16,1
2025-08-01,ACC0000002467,CUST0001239,LOAN,KTA Personal,2025-02-07,ACTIVE,0.00,,0.0439,0.00,0
2025-08-01,ACC0000002529,CUST0001271,SAVINGS,Tabungan Negara Plus,2024-07-10,ACTIVE,24184755.59,,0.0273,0.00,0
2025-08-01,ACC0000002642,CUST0001332,SAVINGS,Tabungan Negara Plus,2025-01-14,ACTIVE,43931141.54,,0.1243,4598289.21,3
2025-08-01,ACC0000002929,CUST0001478,CREDIT_CARD,Kartu Platinum,2023-11-07,ACTIVE,0.00,45626718.50,0.0962,858199.13,1
2025-08-01,ACC0000003272,CUST0001650,SAVINGS,Tabungan Negara Plus,2021-11-21,ACTIVE,47263358.01,,0.0541,-3933546.25,1
2025-08-01,ACC0000003456,CUST0001738,LOAN,Kredit Usaha,2025-04-23,ACTIVE,0.00,,0.1339,0.00,0
2025-08-01,ACC0000003488,CUST0001754,LOAN,Kredit Usaha,2021-06-20,DORMANT,0.00,,0.0339,0.00,0
2025-08-01,ACC0000004063,CUST0002050,SAVINGS,Tabungan Haji,2021-04-06,ACTIVE,40530067.93,,0.0322,0.00,0
2025-08-01,ACC0000004127,CUST0002077,SAVINGS,Tabungan Berjangka,2023-02-07,ACTIVE,11346888.43,,0.0238,-6627946.76,3
2025-08-01,ACC0000004263,CUST0002144,SAVINGS,Tabungan Berjangka,2022-03-18,ACTIVE,4734248.60,,0.0305,2210842.33,2
2025-08-01,ACC0000004373,CUST0002199,SAVINGS,Tabungan Rencana,2022-10-30,DORMANT,27943323.18,,0.0565,0.00,0
2025-08-01,ACC0000004478,CUST0002249,INVESTMENT,Obligasi,2023-02-28,ACTIVE,0.00,,0.0267,0.00,0
2025-08-01,ACC0000004587,CUST0002301,SAVINGS,Tabungan Rencana,2022-09-23,ACTIVE,4205604.58,,0.037,11816368.24,3
2025-08-01,ACC0000004767,CUST0002390,INVESTMENT,Reksa Dana,2022-05-04,ACTIVE,0.00,,0.1393,-3257807.28,1
2025-08-01,ACC0000005059,CUST0002536,LOAN,Kredit Usaha,2023-03-05,CLOSED,0.00,,0.067,0.00,0
2025-08-01,ACC0000005699,CUST0002858,CREDIT_CARD,Kartu Classic,2022-02-19,CLOSED,0.00,21824055.36,0.1211,0.00,0
2025-08-01,ACC0000005707,CUST0002863,LOAN,KTA Personal,2023-09-15,CLOSED,0.00,,0.1054,0.00,0
2025-08-01,ACC0000006235,CUST0003132,SAVINGS,Tabungan Berjangka,2023-10-17,ACTIVE,26317614.01,,0.1006,0.00,0
2025-08-01,ACC0000006285,CUST0003156,CREDIT_CARD,Kartu Gold,2025-01-11,ACTIVE,0.00,39677567.57,0.0391,2630155.84,3
2025-08-01,ACC0000006448,CUST0003240,CREDIT_CARD,Kartu Gold,2022-05-25,ACTIVE,0.00,18328038.85,0.024,-1880442.56,1
2025-08-01,ACC0000006491,CUST0003259,LOAN,Kredit Kendaraan,2021-11-21,SUSPENDED,0.00,,0.1353,0.00,0
2025-08-01,ACC0000006550,CUST0003289,CREDIT_CARD,Kartu Classic,2022-10-20,ACTIVE,0.00,9876845.32,0.1186,1834372.39,1
2025-08-01,ACC0000006760,CUST0003396,INVESTMENT,Reksa Dana,2025-06-08,DORMANT,0.00,,0.0857,0.00,0
2025-08-01,ACC0000006761,CUST0003396,LOAN,Kredit Kendaraan,2025-02-10,ACTIVE,0.00,,0.0816,-153244.27,2
2025-08-01,ACC0000006798,CUST0003411,CREDIT_CARD,Kartu Classic,2022-04-18,CLOSED,0.00,45528005.67,0.0984,0.00,0
2025-08-01,ACC0000006802,CUST0003415,LOAN,Kredit Kendaraan,2025-01-11,CLOSED,0.00,,0.1346,0.00,0
2025-08-01,ACC0000006895,CUST0003465,LOAN,KPR Rumah,2023-08-02,ACTIVE,0.00,,0.0681,1855473.38,1
2025-08-01,ACC0000007295,CUST0003668,SAVINGS,Tabungan Rencana,2023-11-06,ACTIVE,20481473.77,,0.114,-3406817.74,1
2025-08-01,ACC0000007438,CUST0003736,SAVINGS,Tabungan Haji,2023-04-22,ACTIVE,867864.17,,0.03,0.00,0
2025-08-01,ACC0000007445,CUST0003741,INVESTMENT,Obligasi,2023-02-13,ACTIVE,0.00,,0.0916,-1609075.29,2
2025-08-01,ACC0000007621,CUST0003828,LOAN,KTA Personal,2023-09-21,DORMANT,0.00,,0.0245,0.00,0
2025-08-01,ACC0000007850,CUST0003944,CREDIT_CARD,Kartu Classic,2023-08-28,ACTIVE,0.00,10683146.76,0.0478,-5944988.13,3
2025-08-01,ACC0000007872,CUST0003956,INVESTMENT,SBN Retail,2023-10-26,ACTIVE,0.00,,0.1364,5318627.34,2
2025-08-01,ACC0000007879,CUST0003961,LOAN,KPR Rumah,2021-05-19,ACTIVE,0.00,,0.0854,-3940396.39,3
2025-08-01,ACC0000007928,CUST0003984,INVESTMENT,Deposito,2023-07-27,ACTIVE,0.00,,0.0755,-3967223.97,2
2025-08-01,ACC0000000007,CUST0000005,LOAN,Kredit Kendaraan,2021-07-21,ACTIVE,0.00,,0.0723,0.00,0
2025-08-01,ACC0000000259,CUST0000129,LOAN,KPR Rumah,2023-08-14,ACTIVE,0.00,,0.0212,-7872894.04,4
2025-08-01,ACC0000000347,CUST0000173,LOAN,KPR Rumah,2022-08-02,DORMANT,0.00,,0.0349,0.00,0
2025-08-01,ACC0000000574,CUST0000290,SAVINGS,Tabungan Rencana,2023-02-12,ACTIVE,45609847.44,,0.0689,1213073.35,2
2025-08-01,ACC0000000695,CUST0000346,CREDIT_CARD,Kartu Gold,2023-12-21,ACTIVE,0.00,12935044.95,0.1305,0.00,0
2025-08-01,ACC0000000790,CUST0000392,INVESTMENT,Reksa Dana,2025-02-27,ACTIVE,0.00,,0.1342,3683291.72,1
2025-08-01,ACC0000001075,CUST0000536,SAVINGS,Tabungan Haji,2022-01-28,ACTIVE,4288082.82,,0.0933,-1989015.52,2
2025-08-01,ACC0000002528,CUST0001270,LOAN,KPR Rumah,2024-09-20,SUSPENDED,0.00,,0.1241,0.00,0
2025-08-01,ACC0000002743,CUST0001386,LOAN,Kredit Usaha,2021-05-25,ACTIVE,0.00,,0.066,-271883.11,2
2025-08-01,ACC0000002745,CUST0001387,INVESTMENT,Obligasi,2021-09-07,ACTIVE,0.00,,0.0839,-8193228.04,3
2025-08-01,ACC0000002964,CUST0001493,LOAN,KPR Rumah,2023-03-25,ACTIVE,0.00,,0.1299,0.00,0
2025-08-01,ACC0000002985,CUST0001504,LOAN,KPR Rumah,2023-02-12,ACTIVE,0.00,,0.0543,5099504.04,2
2025-08-01,ACC0000003723,CUST0001875,CREDIT_CARD,Kartu Virtual,2021-11-19,ACTIVE,0.00,43853702.63,0.0603,0.00,0
2025-08-01,ACC0000003948,CUST0001990,SAVINGS,Tabungan Negara Plus,2023-04-05,ACTIVE,9237680.08,,0.0998,3568214.92,1
2025-08-01,ACC0000004129,CUST0002079,LOAN,Kredit Kendaraan,2024-06-25,ACTIVE,0.00,,0.0803,4903929.62,2
2025-08-01,ACC0000004223,CUST0002126,INVESTMENT,Obligasi,2024-01-02,ACTIVE,0.00,,0.1094,4093587.77,1
2025-08-01,ACC0000004250,CUST0002138,CREDIT_CARD,Kartu Gold,2022-09-11,ACTIVE,0.00,27505653.28,0.0791,-1193158.93,1
2025-08-01,ACC0000004428,CUST0002223,LOAN,KTA Personal,2022-07-27,ACTIVE,0.00,,0.1225,711698.97,2
2025-08-01,ACC0000004480,CUST0002250,SAVINGS,Tabungan Negara Plus,2024-10-20,ACTIVE,18037385.88,,0.1291,8667745.96,3
2025-08-01,ACC0000004518,CUST0002270,SAVINGS,Tabungan Rencana,2023-10-25,ACTIVE,984503.53,,0.049,477833.35,4
2025-08-01,ACC0000004531,CUST0002277,INVESTMENT,Obligasi,2021-08-11,CLOSED,0.00,,0.0679,0.00,0
2025-08-01,ACC0000004610,CUST0002313,SAVINGS,Tabungan Berjangka,2022-04-25,ACTIVE,48149287.76,,0.1463,-1132422.01,2
2025-08-01,ACC0000004898,CUST0002458,SAVINGS,Tabungan Haji,2022-11-09,ACTIVE,46577714.70,,0.0753,1204382.98,4
2025-08-01,ACC0000005040,CUST0002526,SAVINGS,Tabungan Negara Plus,2025-01-20,DORMANT,24860184.14,,0.1143,0.00,0
2025-08-01,ACC0000005048,CUST0002530,SAVINGS,Tabungan Rencana,2023-01-16,ACTIVE,8618238.36,,0.1076,1206533.03,2
2025-08-01,ACC0000005133,CUST0002577,INVESTMENT,SBN Retail,2024-01-10,ACTIVE,0.00,,0.1244,7310138.71,2
2025-08-01,ACC0000005248,CUST0002637,LOAN,Kredit Kendaraan,2024-04-21,ACTIVE,0.00,,0.1125,-2069227.69,1
2025-08-01,ACC0000005513,CUST0002765,SAVINGS,Tabungan Negara Plus,2021-08-17,ACTIVE,17234502.96,,0.1121,-4280565.72,2
2025-08-01,ACC0000005723,CUST0002872,INVESTMENT,Obligasi,2023-10-20,ACTIVE,0.00,,0.0312,-1074742.90,2
2025-08-01,ACC0000005816,CUST0002923,INVESTMENT,Deposito,2024-01-07,ACTIVE,0.00,,0.1165,3883824.48,2
2025-08-01,ACC0000005933,CUST0002982,LOAN,Kredit Kendaraan,2024-01-18,ACTIVE,0.00,,0.1106,3813696.49,4
2025-08-01,ACC0000006178,CUST0003104,SAVINGS,Tabungan Berjangka,2021-11-06,ACTIVE,9202089.99,,0.1444,0.00,0
2025-08-01,ACC0000006612,CUST0003321,CREDIT_CARD,Kartu Gold,2023-01-14,ACTIVE,0.00,38710992.71,0.1361,-331831.63,3
2025-08-01,ACC0000006811,CUST0003419,SAVINGS,Tabungan Negara Plus,2023-04-30,ACTIVE,7618016.09,,0.0161,4277974.30,1
2025-08-01,ACC0000006996,CUST0003520,SAVINGS,Tabungan Haji,2024-04-03,DORMANT,4667129.53,,0.1306,0.00,0
2025-08-01,ACC0000007022,CUST0003531,LOAN,KPR Rumah,2022-03-02,ACTIVE,0.00,,0.1428,-5641861.21,2
2025-08-01,ACC0000007192,CUST0003618,INVESTMENT,Reksa Dana,2024-06-07,ACTIVE,0.00,,0.1491,-1226713.54,2
2025-08-01,ACC0000007604,CUST0003819,LOAN,KTA Personal,2022-03-14,ACTIVE,0.00,,0.1461,-6436284.89,3
2025-08-01,ACC0000000065,CUST0000034,INVESTMENT,SBN Retail,2022-03-18,ACTIVE,0.00,,0.0372,-4990167.44,1
2025-08-01,ACC0000000277,CUST0000138,CREDIT_CARD,Kartu Classic,2025-04-04,ACTIVE,0.00,19085429.33,0.0607,-1663030.46,6
2025-08-01,ACC0000000516,CUST0000261,SAVINGS,Tabungan Negara Plus,2022-09-24,ACTIVE,44244413.40,,0.021,4776126.57,1
2025-08-01,ACC0000000837,CUST0000417,SAVINGS,Tabungan Negara Plus,2023-08-11,CLOSED,34103131.87,,0.0686,0.00,0
2025-08-01,ACC0000000930,CUST0000464,SAVINGS,Tabungan Berjangka,2024-06-21,ACTIVE,17586519.23,,0.0837,-1683748.65,2
2025-08-01,ACC0000001130,CUST0000565,INVESTMENT,Deposito,2022-03-11,ACTIVE,0.00,,0.0747,-1275723.90,3
2025-08-01,ACC0000001171,CUST0000587,INVESTMENT,SBN Retail,2021-12-20,ACTIVE,0.00,,0.1216,-2117247.65,4
2025-08-01,ACC0000001362,CUST0000683,INVESTMENT,SBN Retail,2022-09-16,ACTIVE,0.00,,0.1016,3432320.58,1
2025-08-01,ACC0000001437,CUST0000723,INVESTMENT,Obligasi,2021-12-27,ACTIVE,0.00,,0.0811,1189298.22,2
2025-08-01,ACC0000001726,CUST0000871,CREDIT_CARD,Kartu Gold,2023-04-11,DORMANT,0.00,27544968.66,0.1169,0.00,0
2025-08-01,ACC0000001819,CUST0000916,SAVINGS,Tabungan Haji,2023-11-10,ACTIVE,7490869.38,,0.0145,-4173102.69,2
2025-08-01,ACC0000001956,CUST0000984,CREDIT_CARD,Kartu Gold,2023-05-15,ACTIVE,0.00,43171985.24,0.0749,5194004.02,3
2025-08-01,ACC0000001975,CUST0000993,INVESTMENT,Obligasi,2024-02-25,DORMANT,0.00,,0.0723,0.00,0
2025-08-01,ACC0000002027,CUST0001021,INVESTMENT,Obligasi,2021-05-30,CLOSED,0.00,,0.0325,0.00,0
2025-08-01,ACC0000002184,CUST0001098,CREDIT_CARD,Kartu Platinum,2022-12-21,DORMANT,0.00,49586488.97,0.1411,0.00,0
2025-08-01,ACC0000002510,CUST0001261,LOAN,KPR Rumah,2023-05-19,ACTIVE,0.00,,0.1476,-1424845.67,4
2025-08-01,ACC0000002978,CUST0001500,CREDIT_CARD,Kartu Virtual,2022-07-11,CLOSED,0.00,48654607.83,0.0384,0.00,0
2025-08-01,ACC0000003045,CUST0001532,INVESTMENT,SBN Retail,2021-03-22,ACTIVE,0.00,,0.1313,2399358.31,1
2025-08-01,ACC0000003077,CUST0001549,SAVINGS,Tabungan Haji,2024-06-27,ACTIVE,12514151.00,,0.0832,-1899342.35,1
2025-08-01,ACC0000003290,CUST0001658,LOAN,Kredit Usaha,2025-04-02,ACTIVE,0.00,,0.0694,-5370820.51,3
2025-08-01,ACC0000003431,CUST0001724,CREDIT_CARD,Kartu Classic,2021-06-08,ACTIVE,0.00,9554643.10,0.0119,-3171272.26,1
2025-08-01,ACC0000003526,CUST0001773,SAVINGS,Tabungan Haji,2023-07-20,ACTIVE,43165213.67,,0.0489,4837125.50,5
2025-08-01,ACC0000004008,CUST0002023,SAVINGS,Tabungan Rencana,2022-12-13,ACTIVE,30744688.84,,0.1156,-713572.51,1
2025-08-01,ACC0000004114,CUST0002073,LOAN,KPR Rumah,2024-09-13,ACTIVE,0.00,,0.1031,-3526986.95,1
2025-08-01,ACC0000004126,CUST0002077,LOAN,Kredit Kendaraan,2022-12-17,ACTIVE,0.00,,0.0641,-1322791.79,1
2025-08-01,ACC0000004227,CUST0002127,INVESTMENT,SBN Retail,2022-07-17,CLOSED,0.00,,0.0954,0.00,0
2025-08-01,ACC0000004397,CUST0002208,CREDIT_CARD,Kartu Virtual,2021-06-26,SUSPENDED,0.00,5003566.20,0.0449,0.00,0
2025-08-01,ACC0000004723,CUST0002370,LOAN,Kredit Usaha,2022-03-08,ACTIVE,0.00,,0.1371,1570585.27,2
2025-08-01,ACC0000004991,CUST0002502,SAVINGS,Tabungan Haji,2021-12-26,ACTIVE,12167248.94,,0.0754,2152117.38,4
2025-08-01,ACC0000005012,CUST0002513,CREDIT_CARD,Kartu Platinum,2022-04-04,ACTIVE,0.00,26297890.75,0.0614,-4684255.05,2
2025-08-01,ACC0000005023,CUST0002519,SAVINGS,Tabungan Haji,2022-03-08,ACTIVE,43552356.74,,0.1176,-660855.83,2
2025-08-01,ACC0000005104,CUST0002562,SAVINGS,Tabungan Berjangka,2021-08-31,ACTIVE,43303141.85,,0.1149,0.00,0
2025-08-01,ACC0000005183,CUST0002600,CREDIT_CARD,Kartu Gold,2022-09-02,ACTIVE,0.00,19675432.85,0.0888,4554095.91,3
2025-08-01,ACC0000005190,CUST0002604,LOAN,KPR Rumah,2022-03-14,ACTIVE,0.00,,0.0541,0.00,0
2025-08-01,ACC0000005211,CUST0002615,CREDIT_CARD,Kartu Platinum,2022-12-23,ACTIVE,0.00,16458055.51,0.1036,4231877.63,2
2025-08-01,ACC0000005623,CUST0002823,CREDIT_CARD,Kartu Gold,2023-05-18,SUSPENDED,0.00,49543156.44,0.0315,0.00,0
2025-08-01,ACC0000005755,CUST0002890,LOAN,Kredit Usaha,2023-05-21,ACTIVE,0.00,,0.1455,775708.01,3
2025-08-01,ACC0000006134,CUST0003083,LOAN,KTA Personal,2023-04-13,ACTIVE,0.00,,0.0129,-2248244.92,1
2025-08-01,ACC0000006518,CUST0003273,CREDIT_CARD,Kartu Gold,2022-12-08,ACTIVE,0.00,23566986.81,0.087,3076973.09,2
2025-08-01,ACC0000006555,CUST0003292,LOAN,Kredit Usaha,2021-05-22,ACTIVE,0.00,,0.0559,0.00,0
2025-08-01,ACC0000006771,CUST0003401,CREDIT_CARD,Kartu Gold,2025-02-10,ACTIVE,0.00,40390936.00,0.0425,0.00,0
2025-08-01,ACC0000006891,CUST0003463,INVESTMENT,Reksa Dana,2022-10-27,ACTIVE,0.00,,0.1495,-2092561.29,1
2025-08-01,ACC0000007062,CUST0003551,INVESTMENT,SBN Retail,2021-06-15,ACTIVE,0.00,,0.0108,0.00,0
2025-08-01,ACC0000007159,CUST0003603,CREDIT_CARD,Kartu Gold,2021-07-30,DORMANT,0.00,22952704.45,0.093,0.00,0
2025-08-01,ACC0000000105,CUST0000054,CREDIT_CARD,Kartu Classic,2021-04-10,ACTIVE,0.00,6366895.54,0.0718,3235041.25,2
2025-08-01,ACC0000000165,CUST0000082,INVESTMENT,Deposito,2023-09-15,ACTIVE,0.00,,0.0115,0.00,0
2025-08-01,ACC0000000461,CUST0000234,LOAN,Kredit Kendaraan,2024-12-27,ACTIVE,0.00,,0.1397,-2448659.18,1
2025-08-01,ACC0000000727,CUST0000361,INVESTMENT,Obligasi,2025-02-22,DORMANT,0.00,,0.075,0.00,0
2025-08-01,ACC0000000819,CUST0000407,SAVINGS,Tabungan Haji,2025-04-17,DORMANT,22008214.31,,0.0305,0.00,0
2025-08-01,ACC0000001176,CUST0000590,INVESTMENT,Obligasi,2023-07-21,ACTIVE,0.00,,0.0938,2406810.44,2
2025-08-01,ACC0000001371,CUST0000687,SAVINGS,Tabungan Berjangka,2024-10-01,ACTIVE,16024975.81,,0.055,2701228.55,1
2025-08-01,ACC0000001407,CUST0000708,INVESTMENT,SBN Retail,2024-02-04,ACTIVE,0.00,,0.1366,834125.29,1
2025-08-01,ACC0000002494,CUST0001252,CREDIT_CARD,Kartu Platinum,2024-04-06,ACTIVE,0.00,15165587.72,0.0423,626680.23,1
2025-08-01,ACC0000002533,CUST0001274,SAVINGS,Tabungan Negara Plus,2022-05-24,ACTIVE,40974964.31,,0.0198,-1159009.41,1
2025-08-01,ACC0000002587,CUST0001300,SAVINGS,Tabungan Berjangka,2024-02-18,CLOSED,40881201.00,,0.0253,0.00,0
2025-08-01,ACC0000003291,CUST0001658,LOAN,KPR Rumah,2024-11-17,ACTIVE,0.00,,0.112,1851396.66,3
2025-08-01,ACC0000003374,CUST0001697,CREDIT_CARD,Kartu Gold,2023-06-30,ACTIVE,0.00,43252835.42,0.0425,-1374970.16,2
2025-08-01,ACC0000003502,CUST0001761,SAVINGS,Tabungan Rencana,2024-03-11,ACTIVE,37723325.59,,0.1089,-687167.91,2
2025-08-01,ACC0000003553,CUST0001790,INVESTMENT,Deposito,2025-03-24,ACTIVE,0.00,,0.138,-2891044.82,1
2025-08-01,ACC0000003970,CUST0002001,CREDIT_CARD,Kartu Virtual,2023-09-03,ACTIVE,0.00,35555450.74,0.124,3946503.98,5
2025-08-01,ACC0000004130,CUST0002079,LOAN,Kredit Usaha,2024-04-13,ACTIVE,0.00,,0.0636,-5231116.61,3
2025-08-01,ACC0000004137,CUST0002081,SAVINGS,Tabungan Berjangka,2021-09-21,ACTIVE,265043.19,,0.0415,3436195.42,2
2025-08-01,ACC0000004547,CUST0002283,INVESTMENT,SBN Retail,2024-07-17,DORMANT,0.00,,0.1299,0.00,0
2025-08-01,ACC0000005470,CUST0002743,CREDIT_CARD,Kartu Gold,2022-09-17,SUSPENDED,0.00,30673787.46,0.0792,0.00,0
2025-08-01,ACC0000005611,CUST0002818,LOAN,KTA Personal,2021-07-04,ACTIVE,0.00,,0.095,687253.25,1
2025-08-01,ACC0000005753,CUST0002888,SAVINGS,Tabungan Berjangka,2025-02-01,DORMANT,36556221.70,,0.0804,0.00,0
2025-08-01,ACC0000006423,CUST0003229,CREDIT_CARD,Kartu Virtual,2024-05-19,ACTIVE,0.00,11909765.90,0.0101,0.00,0
2025-08-01,ACC0000006427,CUST0003231,SAVINGS,Tabungan Negara Plus,2024-11-24,ACTIVE,5509087.38,,0.0216,-5462505.50,4
2025-08-01,ACC0000006734,CUST0003382,CREDIT_CARD,Kartu Gold,2022-05-16,ACTIVE,0.00,27260055.53,0.0698,0.00,0
2025-08-01,ACC0000006829,CUST0003429,INVESTMENT,SBN Retail,2021-12-31,ACTIVE,0.00,,0.148,-1494011.58,1
2025-08-01,ACC0000007044,CUST0003542,CREDIT_CARD,Kartu Virtual,2025-03-05,ACTIVE,0.00,25854612.59,0.1088,-6333514.96,2
2025-08-01,ACC0000007115,CUST0003582,LOAN,KTA Personal,2021-11-28,DORMANT,0.00,,0.0208,0.00,0
2025-08-01,ACC0000007230,CUST0003639,CREDIT_CARD,Kartu Classic,2024-11-09,DORMANT,0.00,7921800.04,0.046,0.00,0
2025-08-01,ACC0000007304,CUST0003672,CREDIT_CARD,Kartu Platinum,2021-07-04,ACTIVE,0.00,45375844.63,0.0987,-3418837.41,3
2025-08-01,ACC0000007749,CUST0003895,LOAN,KTA Personal,2021-02-23,ACTIVE,0.00,,0.124,-3147349.98,3
2025-08-01,ACC0000000036,CUST0000019,INVESTMENT,SBN Retail,2021-09-15,ACTIVE,0.00,,0.0306,-100651.16,7
2025-08-01,ACC0000000274,CUST0000137,INVESTMENT,Deposito,2024-12-12,ACTIVE,0.00,,0.0448,0.00,0
2025-08-01,ACC0000000386,CUST0000194,CREDIT_CARD,Kartu Classic,2024-03-07,DORMANT,0.00,9553595.03,0.1129,0.00,0
2025-08-01,ACC0000000452,CUST0000228,CREDIT_CARD,Kartu Virtual,2022-11-06,ACTIVE,0.00,37232139.93,0.0105,-1350474.27,3
2025-08-01,ACC0000001446,CUST0000726,INVESTMENT,Reksa Dana,2021-09-29,ACTIVE,0.00,,0.1292,7643221.29,2
2025-08-01,ACC0000001844,CUST0000928,INVESTMENT,Obligasi,2021-05-23,ACTIVE,0.00,,0.049,4621926.53,1
2025-08-01,ACC0000001978,CUST0000995,LOAN,Kredit Usaha,2021-06-05,ACTIVE,0.00,,0.0818,103469.40,2
2025-08-01,ACC0000002088,CUST0001052,LOAN,Kredit Usaha,2024-03-26,CLOSED,0.00,,0.0756,0.00,0
2025-08-01,ACC0000002110,CUST0001062,CREDIT_CARD,Kartu Platinum,2021-08-03,ACTIVE,0.00,24861648.72,0.0319,-6238317.72,2
2025-08-01,ACC0000002125,CUST0001069,CREDIT_CARD,Kartu Platinum,2021-07-16,ACTIVE,0.00,49045807.73,0.0692,-3308454.63,2
2025-08-01,ACC0000002305,CUST0001154,CREDIT_CARD,Kartu Gold,2025-02-12,ACTIVE,0.00,19599605.92,0.132,2734003.30,1
2025-08-01,ACC0000002764,CUST0001397,SAVINGS,Tabungan Negara Plus,2021-12-22,ACTIVE,11540782.34,,0.0121,4149358.38,4
2025-08-01,ACC0000002848,CUST0001438,SAVINGS,Tabungan Negara Plus,2021-08-12,ACTIVE,46547700.44,,0.0264,-4766896.22,1
2025-08-01,ACC0000002983,CUST0001502,INVESTMENT,SBN Retail,2021-10-16,ACTIVE,0.00,,0.1048,2309870.12,6
2025-08-01,ACC0000003188,CUST0001606,LOAN,KPR Rumah,2022-12-04,CLOSED,0.00,,0.0834,0.00,0
2025-08-01,ACC0000003204,CUST0001615,CREDIT_CARD,Kartu Virtual,2021-09-09,DORMANT,0.00,36320375.21,0.0231,0.00,0
2025-08-01,ACC0000003216,CUST0001623,INVESTMENT,SBN Retail,2023-04-30,DORMANT,0.00,,0.0306,0.00,0
2025-08-01,ACC0000003399,CUST0001709,SAVINGS,Tabungan Negara Plus,2024-10-08,ACTIVE,42906596.29,,0.1312,-10059634.74,6
2025-08-01,ACC0000003446,CUST0001731,CREDIT_CARD,Kartu Platinum,2023-12-22,ACTIVE,0.00,45850262.96,0.0441,-1596585.46,2
2025-08-01,ACC0000003535,CUST0001777,INVESTMENT,Reksa Dana,2024-10-22,ACTIVE,0.00,,0.0196,-2091606.95,1
2025-08-01,ACC0000003617,CUST0001824,SAVINGS,Tabungan Negara Plus,2024-02-22,DORMANT,14802595.31,,0.0414,0.00,0
2025-08-01,ACC0000003661,CUST0001848,SAVINGS,Tabungan Negara Plus,2024-05-14,ACTIVE,9031675.89,,0.0986,0.00,0
2025-08-01,ACC0000003893,CUST0001962,SAVINGS,Tabungan Rencana,2023-08-13,ACTIVE,49492789.26,,0.051,4346893.28,2
2025-08-01,ACC0000004115,CUST0002073,CREDIT_CARD,Kartu Gold,2024-07-19,ACTIVE,0.00,44394606.36,0.1376,0.00,0
2025-08-01,ACC0000004464,CUST0002241,SAVINGS,Tabungan Berjangka,2024-03-13,ACTIVE,18725896.53,,0.0112,-2148702.14,1
2025-08-01,ACC0000004579,CUST0002297,LOAN,KTA Personal,2021-03-10,ACTIVE,0.00,,0.0379,-1588278.20,2
2025-08-01,ACC0000004828,CUST0002423,SAVINGS,Tabungan Berjangka,2022-06-01,ACTIVE,21123454.27,,0.0472,-5733014.31,2
2025-08-01,ACC0000004987,CUST0002500,INVESTMENT,Deposito,2022-03-13,DORMANT,0.00,,0.1031,0.00,0
2025-08-01,ACC0000005122,CUST0002572,SAVINGS,Tabungan Haji,2024-06-25,ACTIVE,14738863.82,,0.1092,3732538.97,3
2025-08-01,ACC0000005221,CUST0002618,INVESTMENT,SBN Retail,2022-12-30,ACTIVE,0.00,,0.0372,1287329.99,1
2025-08-01,ACC0000005398,CUST0002709,LOAN,Kredit Kendaraan,2025-01-17,DORMANT,0.00,,0.0538,0.00,0
2025-08-01,ACC0000005810,CUST0002920,SAVINGS,Tabungan Haji,2022-12-16,ACTIVE,19185203.43,,0.0413,2334821.48,1
2025-08-01,ACC0000006030,CUST0003030,INVESTMENT,Reksa Dana,2021-08-17,ACTIVE,0.00,,0.0697,3638348.56,3
2025-08-01,ACC0000006162,CUST0003096,INVESTMENT,Deposito,2023-01-15,ACTIVE,0.00,,0.0172,-9226234.56,3
2025-08-01,ACC0000006289,CUST0003158,LOAN,KPR Rumah,2021-08-29,ACTIVE,0.00,,0.11,-1959829.64,1
2025-08-01,ACC0000006488,CUST0003258,CREDIT_CARD,Kartu Classic,2022-03-10,ACTIVE,0.00,45379964.90,0.0994,-4514292.19,1
2025-08-01,ACC0000007011,CUST0003526,LOAN,KPR Rumah,2023-12-17,CLOSED,0.00,,0.0985,0.00,0
2025-08-01,ACC0000007259,CUST0003651,INVESTMENT,SBN Retail,2024-10-15,ACTIVE,0.00,,0.043,1304419.93,2
2025-08-01,ACC0000007711,CUST0003875,CREDIT_CARD,Kartu Classic,2023-07-20,ACTIVE,0.00,32919303.56,0.0588,462943.79,1
2025-08-01,ACC0000000221,CUST0000111,INVESTMENT,Deposito,2022-06-09,ACTIVE,0.00,,0.1454,-3979000.86,1
2025-08-01,ACC0000000372,CUST0000186,SAVINGS,Tabungan Haji,2023-10-14,ACTIVE,6859392.01,,0.143,4283364.23,1
2025-08-01,ACC0000000413,CUST0000208,INVESTMENT,SBN Retail,2023-10-13,ACTIVE,0.00,,0.068,0.00,0
2025-08-01,ACC0000000637,CUST0000317,LOAN,Kredit Kendaraan,2025-02-17,ACTIVE,0.00,,0.0213,-7451906.82,2
2025-08-01,ACC0000000896,CUST0000445,LOAN,Kredit Kendaraan,2022-04-30,DORMANT,0.00,,0.115,0.00,0
2025-08-01,ACC0000001195,CUST0000598,SAVINGS,Tabungan Berjangka,2025-02-19,ACTIVE,26033396.93,,0.0475,-8094028.82,2
2025-08-01,ACC0000001276,CUST0000643,INVESTMENT,Obligasi,2021-12-11,ACTIVE,0.00,,0.0979,-1732655.04,1
2025-08-01,ACC0000001426,CUST0000718,INVESTMENT,SBN Retail,2021-04-23,ACTIVE,0.00,,0.0731,-8917742.53,3
2025-08-01,ACC0000001980,CUST0000996,INVESTMENT,Obligasi,2025-06-14,ACTIVE,0.00,,0.0103,-2186440.35,2
2025-08-01,ACC0000001986,CUST0000998,LOAN,Kredit Kendaraan,2021-12-16,ACTIVE,0.00,,0.0127,4836845.68,2
2025-08-01,ACC0000002119,CUST0001066,SAVINGS,Tabungan Haji,2022-06-03,ACTIVE,26184831.27,,0.0534,-310118.73,3
2025-08-01,ACC0000002187,CUST0001099,SAVINGS,Tabungan Berjangka,2022-06-19,CLOSED,45236579.52,,0.1121,0.00,0
2025-08-01,ACC0000002429,CUST0001218,CREDIT_CARD,Kartu Virtual,2024-02-12,ACTIVE,0.00,45124771.10,0.1177,-2259845.85,1
2025-08-01,ACC0000002847,CUST0001437,SAVINGS,Tabungan Haji,2024-02-12,ACTIVE,18068657.17,,0.0612,9959578.61,3
2025-08-01,ACC0000003064,CUST0001541,CREDIT_CARD,Kartu Classic,2022-12-21,ACTIVE,0.00,28221394.84,0.0244,0.00,0
2025-08-01,ACC0000003208,CUST0001617,LOAN,Kredit Usaha,2025-01-11,DORMANT,0.00,,0.0925,0.00,0
2025-08-01,ACC0000004022,CUST0002029,CREDIT_CARD,Kartu Classic,2024-08-08,ACTIVE,0.00,43173314.83,0.0967,-6164760.19,2
2025-08-01,ACC0000004154,CUST0002091,LOAN,KTA Personal,2022-09-01,CLOSED,0.00,,0.0955,0.00,0
2025-08-01,ACC0000004205,CUST0002119,LOAN,KPR Rumah,2022-12-20,ACTIVE,0.00,,0.0671,-1828188.44,2
2025-08-01,ACC0000004498,CUST0002260,SAVINGS,Tabungan Negara Plus,2021-10-31,ACTIVE,8388533.69,,0.0394,1049361.63,2
2025-08-01,ACC0000004592,CUST0002304,LOAN,KPR Rumah,2021-08-01,ACTIVE,0.00,,0.1414,246816.66,3
2025-08-01,ACC0000004867,CUST0002440,INVESTMENT,Deposito,2023-12-18,ACTIVE,0.00,,0.0949,0.00,0
2025-08-01,ACC0000004982,CUST0002497,LOAN,Kredit Kendaraan,2022-07-31,ACTIVE,0.00,,0.0806,0.00,0
2025-08-01,ACC0000005824,CUST0002926,CREDIT_CARD,Kartu Classic,2024-08-29,ACTIVE,0.00,40119080.78,0.0242,-611406.83,6
2025-08-01,ACC0000005825,CUST0002927,SAVINGS,Tabungan Rencana,2024-02-17,ACTIVE,30612513.23,,0.1188,-8010359.64,2
2025-08-01,ACC0000005886,CUST0002960,INVESTMENT,Obligasi,2025-01-30,SUSPENDED,0.00,,0.0582,0.00,0
2025-08-01,ACC0000006074,CUST0003053,LOAN,KPR Rumah,2022-01-03,ACTIVE,0.00,,0.0617,-1985033.50,2
2025-08-01,ACC0000006146,CUST0003089,CREDIT_CARD,Kartu Classic,2021-06-12,ACTIVE,0.00,25369605.33,0.0378,-2465295.43,1
2025-08-01,ACC0000006455,CUST0003243,CREDIT_CARD,Kartu Classic,2024-01-22,ACTIVE,0.00,19979623.50,0.0946,-7656677.14,4
2025-08-01,ACC0000006657,CUST0003344,INVESTMENT,Reksa Dana,2021-10-31,ACTIVE,0.00,,0.1299,-2136228.43,1
2025-08-01,ACC0000006785,CUST0003406,LOAN,Kredit Usaha,2022-07-31,ACTIVE,0.00,,0.0487,0.00,0
2025-08-01,ACC0000006886,CUST0003459,SAVINGS,Tabungan Haji,2022-10-19,ACTIVE,33204152.20,,0.0365,0.00,0
2025-08-01,ACC0000006943,CUST0003491,LOAN,Kredit Kendaraan,2025-06-02,ACTIVE,0.00,,0.1456,1704743.16,4
2025-08-01,ACC0000007010,CUST0003525,SAVINGS,Tabungan Rencana,2024-06-12,ACTIVE,12139669.49,,0.121,178559.06,1
2025-08-01,ACC0000007200,CUST0003623,LOAN,KPR Rumah,2021-08-15,ACTIVE,0.00,,0.0534,0.00,0
2025-08-01,ACC0000007252,CUST0003648,LOAN,KTA Personal,2022-09-21,ACTIVE,0.00,,0.0644,0.00,0
2025-08-01,ACC0000007517,CUST0003776,SAVINGS,Tabungan Berjangka,2021-05-21,ACTIVE,41341570.05,,0.0819,1891542.75,2
2025-08-01,ACC0000007672,CUST0003855,INVESTMENT,Reksa Dana,2021-12-11,ACTIVE,0.00,,0.1002,1823549.84,2
2025-08-01,ACC0000007720,CUST0003880,INVESTMENT,SBN Retail,2024-12-13,DORMANT,0.00,,0.0615,0.00,0
2025-08-01,ACC0000000147,CUST0000074,LOAN,Kredit Usaha,2021-10-21,ACTIVE,0.00,,0.0548,-3315329.89,1
2025-08-01,ACC0000000468,CUST0000237,INVESTMENT,Obligasi,2021-11-19,ACTIVE,0.00,,0.0604,2228495.09,2
2025-08-01,ACC0000001638,CUST0000825,SAVINGS,Tabungan Berjangka,2021-05-18,ACTIVE,28925005.85,,0.1075,-4212643.81,4
2025-08-01,ACC0000001686,CUST0000850,CREDIT_CARD,Kartu Gold,2022-01-12,ACTIVE,0.00,48428268.66,0.1485,-5605735.59,2
2025-08-01,ACC0000002377,CUST0001190,INVESTMENT,SBN Retail,2021-05-28,ACTIVE,0.00,,0.0399,-34147.21,4
2025-08-01,ACC0000002406,CUST0001206,LOAN,KPR Rumah,2024-01-10,ACTIVE,0.00,,0.1377,0.00,0
2025-08-01,ACC0000002441,CUST0001225,INVESTMENT,Obligasi,2022-09-23,ACTIVE,0.00,,0.1347,-12031330.22,4
2025-08-01,ACC0000002610,CUST0001313,CREDIT_CARD,Kartu Classic,2025-01-20,ACTIVE,0.00,11207112.88,0.0156,3675266.80,2
2025-08-01,ACC0000002618,CUST0001317,LOAN,KTA Personal,2021-12-23,CLOSED,0.00,,0.052,0.00,0
2025-08-01,ACC0000002661,CUST0001341,LOAN,Kredit Kendaraan,2023-11-19,ACTIVE,0.00,,0.1317,757187.07,2
2025-08-01,ACC0000002685,CUST0001355,SAVINGS,Tabungan Rencana,2023-09-24,DORMANT,21872734.96,,0.119,0.00,0
2025-08-01,ACC0000002938,CUST0001482,INVESTMENT,Deposito,2022-03-23,ACTIVE,0.00,,0.0403,-3693902.44,1
2025-08-01,ACC0000003171,CUST0001597,INVESTMENT,Deposito,2021-11-05,ACTIVE,0.00,,0.1218,2430400.80,1
2025-08-01,ACC0000003190,CUST0001606,CREDIT_CARD,Kartu Gold,2022-08-31,ACTIVE,0.00,18956000.17,0.0995,5422255.38,2
2025-08-01,ACC0000003341,CUST0001681,SAVINGS,Tabungan Berjangka,2021-11-23,ACTIVE,40828395.66,,0.1391,0.00,0
2025-08-01,ACC0000003547,CUST0001786,CREDIT_CARD,Kartu Classic,2023-02-08,DORMANT,0.00,11266238.36,0.0419,0.00,0
2025-08-01,ACC0000004039,CUST0002038,SAVINGS,Tabungan Berjangka,2023-01-03,ACTIVE,7852740.89,,0.0278,4886425.53,2
2025-08-01,ACC0000004052,CUST0002044,SAVINGS,Tabungan Haji,2024-11-26,DORMANT,16456868.64,,0.046,0.00,0
2025-08-01,ACC0000004491,CUST0002255,CREDIT_CARD,Kartu Classic,2025-03-25,DORMANT,0.00,9291567.23,0.1421,0.00,0
2025-08-01,ACC0000004625,CUST0002322,INVESTMENT,Obligasi,2024-11-22,ACTIVE,0.00,,0.0342,0.00,0
2025-08-01,ACC0000004965,CUST0002490,CREDIT_CARD,Kartu Gold,2024-09-15,ACTIVE,0.00,46002432.25,0.0445,-1456637.97,1
2025-08-01,ACC0000005118,CUST0002570,SAVINGS,Tabungan Negara Plus,2025-05-22,ACTIVE,40926751.20,,0.0475,940865.51,1
2025-08-01,ACC0000005205,CUST0002612,INVESTMENT,Reksa Dana,2023-12-12,ACTIVE,0.00,,0.1009,4460703.54,1
2025-08-01,ACC0000005340,CUST0002680,LOAN,KTA Personal,2022-02-14,ACTIVE,0.00,,0.1454,-2971737.32,2
2025-08-01,ACC0000005357,CUST0002690,LOAN,KTA Personal,2024-02-04,ACTIVE,0.00,,0.0155,-2621528.58,3
2025-08-01,ACC0000005469,CUST0002743,INVESTMENT,Obligasi,2022-06-19,DORMANT,0.00,,0.129,0.00,0
2025-08-01,ACC0000005674,CUST0002846,LOAN,KPR Rumah,2021-01-29,ACTIVE,0.00,,0.0347,-3528028.34,1
2025-08-01,ACC0000005761,CUST0002894,LOAN,KTA Personal,2021-06-25,CLOSED,0.00,,0.0246,0.00,0
2025-08-01,ACC0000005917,CUST0002975,INVESTMENT,Deposito,2022-04-23,CLOSED,0.00,,0.031,0.00,0
2025-08-01,ACC0000005922,CUST0002977,LOAN,KTA Personal,2021-07-01,ACTIVE,0.00,,0.1047,-4280378.27,2
2025-08-01,ACC0000006065,CUST0003049,INVESTMENT,Deposito,2024-07-22,ACTIVE,0.00,,0.0283,1835819.96,1
2025-08-01,ACC0000006466,CUST0003249,LOAN,Kredit Usaha,2022-05-05,ACTIVE,0.00,,0.1004,-8015303.04,4
2025-08-01,ACC0000006708,CUST0003369,INVESTMENT,Obligasi,2022-07-20,ACTIVE,0.00,,0.1098,0.00,0
2025-08-01,ACC0000006740,CUST0003385,LOAN,Kredit Kendaraan,2022-07-07,ACTIVE,0.00,,0.1175,0.00,0
2025-08-01,ACC0000006751,CUST0003392,SAVINGS,Tabungan Rencana,2024-08-25,ACTIVE,14937777.47,,0.0388,0.00,0
2025-08-01,ACC0000006955,CUST0003498,INVESTMENT,Obligasi,2025-01-24,ACTIVE,0.00,,0.1153,10415678.23,3
2025-08-01,ACC0000007008,CUST0003525,LOAN,Kredit Usaha,2024-05-31,ACTIVE,0.00,,0.1482,2403349.18,1
2025-08-01,ACC0000007072,CUST0003557,LOAN,Kredit Usaha,2023-04-25,ACTIVE,0.00,,0.1236,0.00,0
2025-08-01,ACC0000007122,CUST0003585,INVESTMENT,Obligasi,2024-10-14,ACTIVE,0.00,,0.0158,0.00,0
2025-08-01,ACC0000007246,CUST0003645,INVESTMENT,Obligasi,2024-02-24,ACTIVE,0.00,,0.0355,-1094925.39,1
2025-08-01,ACC0000007599,CUST0003816,SAVINGS,Tabungan Haji,2022-07-28,ACTIVE,5226489.34,,0.1216,-2066018.59,5
2025-08-01,ACC0000007700,CUST0003869,CREDIT_CARD,Kartu Virtual,2022-10-17,ACTIVE,0.00,22696202.51,0.1384,-2014917.90,2
2025-08-01,ACC0000007803,CUST0003923,CREDIT_CARD,Kartu Platinum,2022-12-12,ACTIVE,0.00,11175311.55,0.0335,4693078.55,1
2025-08-01,ACC0000007835,CUST0003936,LOAN,KTA Personal,2022-06-07,DORMANT,0.00,,0.0213,0.00,0
2025-08-01,ACC0000007918,CUST0003981,CREDIT_CARD,Kartu Platinum,2024-05-30,ACTIVE,0.00,15703284.46,0.1136,4951094.84,1
2025-08-01,ACC0000000235,CUST0000118,LOAN,Kredit Usaha,2024-12-10,ACTIVE,0.00,,0.0257,-1510417.13,1
2025-08-01,ACC0000000315,CUST0000156,SAVINGS,Tabungan Rencana,2022-02-14,SUSPENDED,42746588.32,,0.0533,0.00,0
2025-08-01,ACC0000000827,CUST0000411,LOAN,Kredit Kendaraan,2023-02-10,ACTIVE,0.00,,0.05,1762893.15,1
2025-08-01,ACC0000001334,CUST0000670,INVESTMENT,SBN Retail,2023-04-02,ACTIVE,0.00,,0.1495,744273.74,1
2025-08-01,ACC0000001881,CUST0000947,LOAN,Kredit Usaha,2021-07-09,CLOSED,0.00,,0.0205,0.00,0
2025-08-01,ACC0000001896,CUST0000955,CREDIT_CARD,Kartu Classic,2024-07-20,ACTIVE,0.00,12376986.69,0.1314,2234601.26,2
2025-08-01,ACC0000002075,CUST0001046,INVESTMENT,Obligasi,2025-01-25,ACTIVE,0.00,,0.0591,4728014.83,1
2025-08-01,ACC0000002420,CUST0001213,CREDIT_CARD,Kartu Platinum,2022-04-13,SUSPENDED,0.00,19650335.68,0.1447,0.00,0
2025-08-01,ACC0000002530,CUST0001271,SAVINGS,Tabungan Rencana,2024-07-05,CLOSED,26635538.10,,0.1244,0.00,0
2025-08-01,ACC0000002678,CUST0001351,INVESTMENT,SBN Retail,2023-01-22,ACTIVE,0.00,,0.1423,-3055045.12,2
2025-08-01,ACC0000002741,CUST0001385,SAVINGS,Tabungan Negara Plus,2025-01-07,CLOSED,3091404.92,,0.0542,0.00,0
2025-08-01,ACC0000003201,CUST0001613,CREDIT_CARD,Kartu Virtual,2024-07-26,ACTIVE,0.00,13489627.85,0.0404,3490340.83,3
2025-08-01,ACC0000003750,CUST0001890,INVESTMENT,Reksa Dana,2021-09-11,ACTIVE,0.00,,0.1248,0.00,0
2025-08-01,ACC0000003806,CUST0001920,CREDIT_CARD,Kartu Platinum,2022-01-14,ACTIVE,0.00,18030638.06,0.0538,-2396644.56,1
2025-08-01,ACC0000004077,CUST0002056,SAVINGS,Tabungan Negara Plus,2024-08-08,ACTIVE,43701000.56,,0.0772,0.00,0
2025-08-01,ACC0000004641,CUST0002330,SAVINGS,Tabungan Haji,2023-02-03,ACTIVE,42339830.64,,0.0731,-1866242.07,2
2025-08-01,ACC0000004773,CUST0002393,INVESTMENT,Obligasi,2021-12-15,ACTIVE,0.00,,0.0426,4617261.21,1
2025-08-01,ACC0000005116,CUST0002569,CREDIT_CARD,Kartu Virtual,2025-02-24,DORMANT,0.00,46151627.81,0.1397,0.00,0
2025-08-01,ACC0000005209,CUST0002614,INVESTMENT,Reksa Dana,2022-04-07,SUSPENDED,0.00,,0.0266,0.00,0
2025-08-01,ACC0000005254,CUST0002639,LOAN,KTA Personal,2021-10-14,ACTIVE,0.00,,0.1029,-2435038.02,1
2025-08-01,ACC0000005363,CUST0002692,INVESTMENT,Deposito,2024-03-02,ACTIVE,0.00,,0.1106,3005637.64,1
2025-08-01,ACC0000005485,CUST0002751,LOAN,KPR Rumah,2023-11-03,ACTIVE,0.00,,0.1287,4427277.60,3
2025-08-01,ACC0000005534,CUST0002775,INVESTMENT,SBN Retail,2023-09-21,ACTIVE,0.00,,0.1133,7485950.66,2
2025-08-01,ACC0000005547,CUST0002782,CREDIT_CARD,Kartu Virtual,2025-04-20,ACTIVE,0.00,22435477.25,0.0429,0.00,0
2025-08-01,ACC0000005968,CUST0002998,INVESTMENT,SBN Retail,2022-11-18,ACTIVE,0.00,,0.0807,0.00,0
2025-08-01,ACC0000006261,CUST0003144,CREDIT_CARD,Kartu Gold,2025-05-12,DORMANT,0.00,31736363.89,0.1205,0.00,0
2025-08-01,ACC0000006279,CUST0003154,SAVINGS,Tabungan Berjangka,2024-04-23,ACTIVE,8334984.72,,0.046,-339255.84,1
2025-08-01,ACC0000006545,CUST0003285,INVESTMENT,Deposito,2021-10-15,ACTIVE,0.00,,0.0797,-6588825.94,2
2025-08-01,ACC0000006598,CUST0003313,SAVINGS,Tabungan Haji,2024-10-23,ACTIVE,16957897.52,,0.1288,2946159.96,1
2025-08-01,ACC0000006643,CUST0003336,LOAN,Kredit Kendaraan,2024-06-01,ACTIVE,0.00,,0.0598,-4359393.01,4
2025-08-01,ACC0000006666,CUST0003349,INVESTMENT,Deposito,2021-11-16,CLOSED,0.00,,0.0402,0.00,0
2025-08-01,ACC0000006688,CUST0003360,SAVINGS,Tabungan Negara Plus,2022-09-02,ACTIVE,11011210.43,,0.0623,0.00,0
2025-08-01,ACC0000006705,CUST0003368,SAVINGS,Tabungan Rencana,2023-09-02,ACTIVE,37285234.35,,0.1405,-1237037.09,3
2025-08-01,ACC0000006826,CUST0003428,SAVINGS,Tabungan Rencana,2021-08-15,ACTIVE,40546224.13,,0.1148,-3835787.01,1
2025-08-01,ACC0000007085,CUST0003564,INVESTMENT,Obligasi,2021-12-11,SUSPENDED,0.00,,0.099,0.00,0
2025-08-01,ACC0000007506,CUST0003769,LOAN,Kredit Usaha,2023-06-08,ACTIVE,0.00,,0.1219,-391831.11,1
2025-08-01,ACC0000007675,CUST0003856,INVESTMENT,SBN Retail,2022-10-06,ACTIVE,0.00,,0.0304,3558451.44,1
2025-08-01,ACC0000007776,CUST0003909,INVESTMENT,Reksa Dana,2022-03-21,ACTIVE,0.00,,0.1484,-1796758.75,3
2025-08-01,ACC0000000056,CUST0000029,INVESTMENT,Reksa Dana,2023-11-29,SUSPENDED,0.00,,0.0701,0.00,0
2025-08-01,ACC0000000443,CUST0000224,CREDIT_CARD,Kartu Gold,2024-01-17,SUSPENDED,0.00,31994300.33,0.0766,0.00,0
2025-08-01,ACC0000000585,CUST0000295,LOAN,KPR Rumah,2024-11-17,ACTIVE,0.00,,0.0873,3880420.24,2
2025-08-01,ACC0000000639,CUST0000318,LOAN,Kredit Kendaraan,2024-12-01,ACTIVE,0.00,,0.1381,-1866525.98,2
2025-08-01,ACC0000000676,CUST0000333,CREDIT_CARD,Kartu Virtual,2022-09-08,ACTIVE,0.00,48899316.28,0.028,0.00,0
2025-08-01,ACC0000000744,CUST0000370,CREDIT_CARD,Kartu Virtual,2024-03-23,ACTIVE,0.00,14039877.52,0.1368,8717783.79,2
2025-08-01,ACC0000000804,CUST0000399,INVESTMENT,SBN Retail,2022-10-11,ACTIVE,0.00,,0.1218,-3744890.29,1
2025-08-01,ACC0000001251,CUST0000628,SAVINGS,Tabungan Negara Plus,2023-03-21,ACTIVE,23982903.25,,0.1139,0.00,0
2025-08-01,ACC0000001490,CUST0000747,LOAN,KPR Rumah,2022-07-23,ACTIVE,0.00,,0.0131,-1141542.82,1
2025-08-01,ACC0000002385,CUST0001195,INVESTMENT,Obligasi,2024-04-17,ACTIVE,0.00,,0.0647,7153946.79,2
2025-08-01,ACC0000002534,CUST0001274,LOAN,Kredit Kendaraan,2022-04-28,SUSPENDED,0.00,,0.043,0.00,0
2025-08-01,ACC0000002633,CUST0001327,CREDIT_CARD,Kartu Platinum,2021-12-07,ACTIVE,0.00,16372741.39,0.1189,-1962595.39,2
2025-08-01,ACC0000002639,CUST0001329,CREDIT_CARD,Kartu Classic,2022-09-04,ACTIVE,0.00,23416930.14,0.0269,-492008.09,2
2025-08-01,ACC0000002763,CUST0001396,CREDIT_CARD,Kartu Platinum,2024-02-18,ACTIVE,0.00,41783107.73,0.0125,-5453696.40,3
2025-08-01,ACC0000002930,CUST0001478,LOAN,Kredit Kendaraan,2024-01-29,ACTIVE,0.00,,0.1472,10259827.27,4
2025-08-01,ACC0000003186,CUST0001604,CREDIT_CARD,Kartu Gold,2024-11-29,ACTIVE,0.00,29836487.88,0.1168,0.00,0
2025-08-01,ACC0000003357,CUST0001689,CREDIT_CARD,Kartu Platinum,2023-11-13,ACTIVE,0.00,27282559.64,0.1385,1823224.16,4
2025-08-01,ACC0000003697,CUST0001862,LOAN,KTA Personal,2023-12-12,ACTIVE,0.00,,0.0467,-498142.19,1
2025-08-01,ACC0000003884,CUST0001957,LOAN,KTA Personal,2022-12-13,DORMANT,0.00,,0.1019,0.00,0
2025-08-01,ACC0000004119,CUST0002075,SAVINGS,Tabungan Rencana,2023-12-16,ACTIVE,6484356.63,,0.074,-1148713.67,1
2025-08-01,ACC0000004160,CUST0002094,SAVINGS,Tabungan Berjangka,2024-10-05,DORMANT,16826580.66,,0.1088,0.00,0
2025-08-01,ACC0000004351,CUST0002186,CREDIT_CARD,Kartu Virtual,2022-04-23,ACTIVE,0.00,18149781.85,0.0495,0.00,0
2025-08-01,ACC0000004943,CUST0002479,CREDIT_CARD,Kartu Classic,2022-03-23,ACTIVE,0.00,7772324.92,0.0733,-8177995.69,2
2025-08-01,ACC0000005093,CUST0002557,LOAN,Kredit Usaha,2023-09-27,DORMANT,0.00,,0.0502,0.00,0
2025-08-01,ACC0000005716,CUST0002867,CREDIT_CARD,Kartu Virtual,2021-11-17,DORMANT,0.00,25219161.35,0.0746,0.00,0
2025-08-01,ACC0000006056,CUST0003044,CREDIT_CARD,Kartu Gold,2024-01-05,ACTIVE,0.00,14108645.24,0.0584,-9445855.01,2
2025-08-01,ACC0000006199,CUST0003115,CREDIT_CARD,Kartu Gold,2022-10-17,ACTIVE,0.00,31821427.66,0.0497,438300.73,2
2025-08-01,ACC0000006395,CUST0003213,SAVINGS,Tabungan Haji,2023-12-02,ACTIVE,47321307.11,,0.1134,3779072.21,2
2025-08-01,ACC0000006718,CUST0003375,INVESTMENT,Obligasi,2022-07-14,ACTIVE,0.00,,0.0234,2586920.50,1
2025-08-01,ACC0000006838,CUST0003434,CREDIT_CARD,Kartu Virtual,2024-04-19,DORMANT,0.00,9355768.25,0.1211,0.00,0
2025-08-01,ACC0000007113,CUST0003580,LOAN,KTA Personal,2021-06-05,ACTIVE,0.00,,0.0806,-173383.57,3
2025-08-01,ACC0000007239,CUST0003642,LOAN,KPR Rumah,2025-01-22,DORMANT,0.00,,0.0743,0.00,0
2025-08-01,ACC0000007894,CUST0003969,SAVINGS,Tabungan Negara Plus,2022-02-12,ACTIVE,3158900.28,,0.1,-340991.76,3
2025-08-01,ACC0000007941,CUST0003991,INVESTMENT,SBN Retail,2021-08-04,CLOSED,0.00,,0.1481,0.00,0
2025-08-01,ACC0000000111,CUST0000058,CREDIT_CARD,Kartu Gold,2021-12-19,ACTIVE,0.00,48444861.48,0.1336,1382066.01,2
2025-08-01,ACC0000000171,CUST0000084,LOAN,KPR Rumah,2025-03-28,ACTIVE,0.00,,0.0361,-2538353.37,3
2025-08-01,ACC0000000323,CUST0000160,SAVINGS,Tabungan Haji,2024-11-28,ACTIVE,44491909.69,,0.0799,1763983.00,1
2025-08-01,ACC0000000359,CUST0000180,LOAN,Kredit Usaha,2023-05-17,CLOSED,0.00,,0.0395,0.00,0
2025-08-01,ACC0000000586,CUST0000296,INVESTMENT,SBN Retail,2023-11-29,ACTIVE,0.00,,0.1394,0.00,0
2025-08-01,ACC0000000741,CUST0000369,SAVINGS,Tabungan Negara Plus,2022-09-18,ACTIVE,19491441.14,,0.0547,1337359.49,2
2025-08-01,ACC0000000855,CUST0000425,SAVINGS,Tabungan Haji,2022-11-25,ACTIVE,22784005.69,,0.127,-485737.95,1
2025-08-01,ACC0000001032,CUST0000516,LOAN,KPR Rumah,2024-10-15,ACTIVE,0.00,,0.0763,0.00,0
2025-08-01,ACC0000001062,CUST0000531,INVESTMENT,Obligasi,2022-10-30,ACTIVE,0.00,,0.0893,-4638680.58,1
2025-08-01,ACC0000001204,CUST0000603,SAVINGS,Tabungan Haji,2021-01-15,DORMANT,18098498.78,,0.1353,0.00,0
2025-08-01,ACC0000001207,CUST0000604,LOAN,Kredit Usaha,2021-04-16,ACTIVE,0.00,,0.0174,-5948325.43,4
2025-08-01,ACC0000001208,CUST0000605,LOAN,KPR Rumah,2024-09-13,ACTIVE,0.00,,0.1241,3929228.38,1
2025-08-01,ACC0000001837,CUST0000923,INVESTMENT,Obligasi,2025-04-24,ACTIVE,0.00,,0.0196,-9143952.91,4
2025-08-01,ACC0000001942,CUST0000977,LOAN,Kredit Usaha,2023-10-17,CLOSED,0.00,,0.0787,0.00,0
2025-08-01,ACC0000001952,CUST0000981,CREDIT_CARD,Kartu Gold,2022-03-30,ACTIVE,0.00,8350082.23,0.089,4334589.15,2
2025-08-01,ACC0000002182,CUST0001098,SAVINGS,Tabungan Rencana,2022-08-23,ACTIVE,42386241.31,,0.0534,1050956.58,1
2025-08-01,ACC0000002392,CUST0001198,CREDIT_CARD,Kartu Virtual,2023-10-22,ACTIVE,0.00,29122782.82,0.1418,-2883317.04,1
2025-08-01,ACC0000003373,CUST0001696,INVESTMENT,Deposito,2023-05-26,ACTIVE,0.00,,0.067,-6035912.86,3
2025-08-01,ACC0000003815,CUST0001925,LOAN,KPR Rumah,2022-01-13,ACTIVE,0.00,,0.1107,376183.34,1
2025-08-01,ACC0000003839,CUST0001937,CREDIT_CARD,Kartu Gold,2021-06-03,CLOSED,0.00,9541509.60,0.1124,0.00,0
2025-08-01,ACC0000004004,CUST0002020,LOAN,KTA Personal,2024-12-19,ACTIVE,0.00,,0.0973,0.00,0
2025-08-01,ACC0000004141,CUST0002083,INVESTMENT,Reksa Dana,2021-08-21,ACTIVE,0.00,,0.1397,4276084.07,2
2025-08-01,ACC0000004267,CUST0002146,SAVINGS,Tabungan Berjangka,2023-10-20,DORMANT,49263317.72,,0.019,0.00,0
2025-08-01,ACC0000004417,CUST0002217,INVESTMENT,Reksa Dana,2024-01-03,ACTIVE,0.00,,0.011,1720603.81,2
2025-08-01,ACC0000004514,CUST0002268,CREDIT_CARD,Kartu Gold,2021-10-15,ACTIVE,0.00,49492081.25,0.138,0.00,0
2025-08-01,ACC0000004521,CUST0002272,LOAN,Kredit Kendaraan,2024-11-03,ACTIVE,0.00,,0.1271,884694.61,2
2025-08-01,ACC0000004766,CUST0002389,SAVINGS,Tabungan Rencana,2024-11-22,ACTIVE,17098882.98,,0.1241,-1117674.66,1
2025-08-01,ACC0000005171,CUST0002594,CREDIT_CARD,Kartu Virtual,2024-07-28,CLOSED,0.00,6080234.83,0.1138,0.00,0
2025-08-01,ACC0000005199,CUST0002609,SAVINGS,Tabungan Haji,2024-03-25,ACTIVE,15024392.44,,0.0452,0.00,0
2025-08-01,ACC0000005259,CUST0002642,INVESTMENT,Obligasi,2022-05-05,DORMANT,0.00,,0.0924,0.00,0
2025-08-01,ACC0000005285,CUST0002654,INVESTMENT,Obligasi,2023-09-24,DORMANT,0.00,,0.0405,0.00,0
2025-08-01,ACC0000005360,CUST0002691,LOAN,KPR Rumah,2024-05-26,ACTIVE,0.00,,0.1494,-2338897.98,1
2025-08-01,ACC0000005690,CUST0002854,LOAN,Kredit Usaha,2022-09-20,ACTIVE,0.00,,0.0563,1518545.00,2
2025-08-01,ACC0000005793,CUST0002910,SAVINGS,Tabungan Berjangka,2022-05-22,DORMANT,10494100.87,,0.1316,0.00,0
2025-08-01,ACC0000006446,CUST0003239,CREDIT_CARD,Kartu Gold,2023-12-30,DORMANT,0.00,15626070.79,0.0543,0.00,0
2025-08-01,ACC0000007129,CUST0003588,SAVINGS,Tabungan Negara Plus,2021-03-07,ACTIVE,16851940.10,,0.0559,-1040723.41,1
2025-08-01,ACC0000007187,CUST0003616,CREDIT_CARD,Kartu Platinum,2021-11-22,ACTIVE,0.00,49855897.14,0.1127,0.00,0
2025-08-01,ACC0000007363,CUST0003702,LOAN,Kredit Usaha,2023-07-07,ACTIVE,0.00,,0.0599,0.00,0
2025-08-01,ACC0000007697,CUST0003867,LOAN,Kredit Usaha,2022-03-01,ACTIVE,0.00,,0.1394,4645773.08,3
2025-08-01,ACC0000007873,CUST0003956,SAVINGS,Tabungan Rencana,2023-10-21,ACTIVE,32162478.01,,0.1108,0.00,0
2025-08-01,ACC0000000009,CUST0000005,INVESTMENT,Obligasi,2021-05-17,CLOSED,0.00,,0.1418,0.00,0
2025-08-01,ACC0000000058,CUST0000031,LOAN,Kredit Usaha,2024-07-05,ACTIVE,0.00,,0.0601,0.00,0
2025-08-01,ACC0000000080,CUST0000041,CREDIT_CARD,Kartu Classic,2021-07-29,ACTIVE,0.00,19904502.39,0.0747,2163414.44,1
2025-08-01,ACC0000000462,CUST0000234,LOAN,Kredit Kendaraan,2025-02-07,ACTIVE,0.00,,0.0552,-1976940.99,1
2025-08-01,ACC0000000465,CUST0000236,SAVINGS,Tabungan Negara Plus,2022-07-25,ACTIVE,14267621.04,,0.1064,409958.68,1
2025-08-01,ACC0000000543,CUST0000273,SAVINGS,Tabungan Berjangka,2021-05-24,SUSPENDED,39051054.15,,0.0203,0.00,0
2025-08-01,ACC0000000892,CUST0000444,INVESTMENT,Deposito,2021-08-04,ACTIVE,0.00,,0.0877,4589534.81,1
2025-08-01,ACC0000000921,CUST0000460,SAVINGS,Tabungan Negara Plus,2022-12-13,SUSPENDED,40678774.64,,0.0918,0.00,0
2025-08-01,ACC0000001167,CUST0000584,LOAN,Kredit Usaha,2024-08-21,DORMANT,0.00,,0.0484,0.00,0
2025-08-01,ACC0000001256,CUST0000631,CREDIT_CARD,Kartu Classic,2023-01-23,CLOSED,0.00,30867195.67,0.0824,0.00,0
2025-08-01,ACC0000001457,CUST0000730,SAVINGS,Tabungan Haji,2024-12-06,DORMANT,5850825.88,,0.0342,0.00,0
2025-08-01,ACC0000001563,CUST0000784,INVESTMENT,Deposito,2021-03-27,SUSPENDED,0.00,,0.0919,0.00,0
2025-08-01,ACC0000001619,CUST0000816,CREDIT_CARD,Kartu Classic,2022-09-14,ACTIVE,0.00,9722870.50,0.0902,-125622.49,2
2025-08-01,ACC0000002148,CUST0001081,CREDIT_CARD,Kartu Classic,2024-02-07,ACTIVE,0.00,47844686.02,0.0997,0.00,0
2025-08-01,ACC0000002327,CUST0001165,SAVINGS,Tabungan Haji,2025-04-09,ACTIVE,36204082.88,,0.0788,-3068105.17,3
2025-08-01,ACC0000002456,CUST0001233,SAVINGS,Tabungan Negara Plus,2021-07-19,ACTIVE,46840415.86,,0.0273,-6060564.75,3
2025-08-01,ACC0000002457,CUST0001233,LOAN,Kredit Kendaraan,2021-05-17,DORMANT,0.00,,0.1324,0.00,0
2025-08-01,ACC0000002615,CUST0001316,SAVINGS,Tabungan Haji,2023-05-01,ACTIVE,47465337.08,,0.0679,699548.18,2
2025-08-01,ACC0000002626,CUST0001322,INVESTMENT,Reksa Dana,2021-06-10,ACTIVE,0.00,,0.1266,-4228967.14,1
2025-08-01,ACC0000002660,CUST0001340,SAVINGS,Tabungan Negara Plus,2021-07-02,ACTIVE,40572634.48,,0.1351,0.00,0
2025-08-01,ACC0000002718,CUST0001373,SAVINGS,Tabungan Berjangka,2024-01-04,ACTIVE,474184.82,,0.0427,0.00,0
2025-08-01,ACC0000003039,CUST0001530,CREDIT_CARD,Kartu Virtual,2023-11-18,SUSPENDED,0.00,45258060.30,0.0514,0.00,0
2025-08-01,ACC0000003206,CUST0001616,SAVINGS,Tabungan Berjangka,2024-10-22,ACTIVE,8765446.07,,0.0376,0.00,0
2025-08-01,ACC0000003321,CUST0001670,INVESTMENT,Reksa Dana,2021-12-26,ACTIVE,0.00,,0.1202,4461016.63,2
2025-08-01,ACC0000003648,CUST0001841,SAVINGS,Tabungan Haji,2025-01-12,ACTIVE,43346327.26,,0.1114,0.00,0
2025-08-01,ACC0000004056,CUST0002046,INVESTMENT,Obligasi,2024-05-07,ACTIVE,0.00,,0.048,1914507.22,1
2025-08-01,ACC0000004214,CUST0002122,INVESTMENT,SBN Retail,2025-04-18,ACTIVE,0.00,,0.1315,-3192643.13,1
2025-08-01,ACC0000004566,CUST0002292,CREDIT_CARD,Kartu Gold,2023-06-06,ACTIVE,0.00,43188146.63,0.0681,3733962.95,2
2025-08-01,ACC0000004586,CUST0002301,CREDIT_CARD,Kartu Gold,2022-09-11,ACTIVE,0.00,18907833.99,0.1361,3925752.92,1
2025-08-01,ACC0000004707,CUST0002365,INVESTMENT,Obligasi,2022-11-01,ACTIVE,0.00,,0.0398,0.00,0
2025-08-01,ACC0000004882,CUST0002449,INVESTMENT,Deposito,2022-08-05,ACTIVE,0.00,,0.056,-1110268.78,1
2025-08-01,ACC0000005050,CUST0002531,LOAN,KTA Personal,2023-08-30,DORMANT,0.00,,0.0672,0.00,0
2025-08-01,ACC0000005195,CUST0002606,SAVINGS,Tabungan Negara Plus,2025-02-08,ACTIVE,38871471.31,,0.0999,-1715225.10,1
2025-08-01,ACC0000005384,CUST0002703,INVESTMENT,SBN Retail,2021-09-22,ACTIVE,0.00,,0.1477,966465.04,3
2025-08-01,ACC0000005447,CUST0002733,CREDIT_CARD,Kartu Platinum,2021-10-16,ACTIVE,0.00,44105356.14,0.0428,-2185022.62,1
2025-08-01,ACC0000005858,CUST0002946,CREDIT_CARD,Kartu Gold,2024-05-24,ACTIVE,0.00,22589211.40,0.0211,4041862.99,1
2025-08-01,ACC0000006227,CUST0003129,CREDIT_CARD,Kartu Gold,2023-01-19,DORMANT,0.00,12094529.15,0.0571,0.00,0
2025-08-01,ACC0000006481,CUST0003256,SAVINGS,Tabungan Haji,2023-06-03,ACTIVE,12281578.01,,0.1169,3261017.22,3
2025-08-01,ACC0000006763,CUST0003397,LOAN,KPR Rumah,2024-04-28,CLOSED,0.00,,0.0534,0.00,0
2025-08-01,ACC0000006990,CUST0003517,LOAN,Kredit Kendaraan,2023-03-08,SUSPENDED,0.00,,0.1032,0.00,0
2025-08-01,ACC0000007385,CUST0003713,SAVINGS,Tabungan Rencana,2025-07-12,ACTIVE,1227654.88,,0.1007,4231680.27,2
2025-08-01,ACC0000007701,CUST0003870,SAVINGS,Tabungan Haji,2025-01-25,ACTIVE,9089157.13,,0.1391,-1378310.64,2
2025-08-01,ACC0000007876,CUST0003959,INVESTMENT,Deposito,2022-01-12,ACTIVE,0.00,,0.0497,5599699.56,3
2025-08-01,ACC0000000484,CUST0000244,SAVINGS,Tabungan Berjangka,2021-12-10,SUSPENDED,46805216.84,,0.0221,0.00,0
2025-08-01,ACC0000000765,CUST0000379,SAVINGS,Tabungan Haji,2021-05-18,ACTIVE,25391122.71,,0.1354,-7922211.29,2
2025-08-01,ACC0000000780,CUST0000387,SAVINGS,Tabungan Berjangka,2023-09-02,DORMANT,31745058.06,,0.0121,0.00,0
2025-08-01,ACC0000001158,CUST0000581,SAVINGS,Tabungan Haji,2022-01-29,ACTIVE,10749262.65,,0.091,-2790203.94,2
2025-08-01,ACC0000001310,CUST0000660,SAVINGS,Tabungan Haji,2024-02-06,ACTIVE,36636177.21,,0.0483,-4727312.64,4
2025-08-01,ACC0000001403,CUST0000705,INVESTMENT,SBN Retail,2021-04-07,ACTIVE,0.00,,0.0945,0.00,0
2025-08-01,ACC0000002002,CUST0001007,CREDIT_CARD,Kartu Gold,2021-06-12,ACTIVE,0.00,21624854.46,0.0995,0.00,0
2025-08-01,ACC0000002303,CUST0001153,SAVINGS,Tabungan Rencana,2021-09-29,CLOSED,43410278.73,,0.1287,0.00,0
2025-08-01,ACC0000002630,CUST0001326,INVESTMENT,Obligasi,2024-04-07,ACTIVE,0.00,,0.016,2977717.75,5
2025-08-01,ACC0000003015,CUST0001519,SAVINGS,Tabungan Berjangka,2022-08-28,ACTIVE,42673138.37,,0.0484,-4725197.50,1
2025-08-01,ACC0000003085,CUST0001552,CREDIT_CARD,Kartu Platinum,2022-12-06,SUSPENDED,0.00,48939146.22,0.076,0.00,0
2025-08-01,ACC0000003089,CUST0001555,INVESTMENT,Deposito,2022-04-07,ACTIVE,0.00,,0.0439,-5811042.32,2
2025-08-01,ACC0000003333,CUST0001677,LOAN,Kredit Kendaraan,2022-09-13,ACTIVE,0.00,,0.0876,0.00,0
2025-08-01,ACC0000003525,CUST0001773,SAVINGS,Tabungan Haji,2023-04-03,ACTIVE,37436366.10,,0.081,462942.23,1
2025-08-01,ACC0000003541,CUST0001781,LOAN,Kredit Kendaraan,2023-10-08,ACTIVE,0.00,,0.0336,0.00,0
2025-08-01,ACC0000003721,CUST0001875,LOAN,Kredit Usaha,2022-02-07,ACTIVE,0.00,,0.0474,-3473012.13,2
2025-08-01,ACC0000003865,CUST0001949,CREDIT_CARD,Kartu Virtual,2024-07-28,ACTIVE,0.00,21844167.83,0.1414,4818304.82,1
2025-08-01,ACC0000003868,CUST0001950,LOAN,Kredit Usaha,2024-01-15,ACTIVE,0.00,,0.1038,-7215495.45,2
2025-08-01,ACC0000003903,CUST0001969,CREDIT_CARD,Kartu Gold,2022-03-15,CLOSED,0.00,25680074.44,0.1021,0.00,0
2025-08-01,ACC0000004042,CUST0002039,INVESTMENT,Deposito,2023-05-31,ACTIVE,0.00,,0.0124,0.00,0
2025-08-01,ACC0000004538,CUST0002280,LOAN,Kredit Kendaraan,2024-10-31,ACTIVE,0.00,,0.0769,-921742.02,2
2025-08-01,ACC0000004598,CUST0002307,LOAN,Kredit Kendaraan,2021-11-01,ACTIVE,0.00,,0.1006,0.00,0
2025-08-01,ACC0000004954,CUST0002484,INVESTMENT,SBN Retail,2024-01-24,ACTIVE,0.00,,0.0551,9262353.18,2
2025-08-01,ACC0000005224,CUST0002621,LOAN,KTA Personal,2022-06-06,ACTIVE,0.00,,0.1047,1564129.40,1
2025-08-01,ACC0000005399,CUST0002709,SAVINGS,Tabungan Berjangka,2025-05-08,CLOSED,37269038.16,,0.1176,0.00,0
2025-08-01,ACC0000005628,CUST0002825,INVESTMENT,Reksa Dana,2021-09-09,CLOSED,0.00,,0.0431,0.00,0
2025-08-01,ACC0000006411,CUST0003222,LOAN,KTA Personal,2025-04-17,ACTIVE,0.00,,0.116,0.00,0
2025-08-01,ACC0000006689,CUST0003360,LOAN,Kredit Kendaraan,2022-06-17,CLOSED,0.00,,0.0283,0.00,0
2025-08-01,ACC0000007161,CUST0003604,INVESTMENT,Reksa Dana,2025-01-09,DORMANT,0.00,,0.1112,0.00,0
2025-08-01,ACC0000007240,CUST0003643,SAVINGS,Tabungan Berjangka,2024-09-17,ACTIVE,46524923.61,,0.0716,7196005.38,4
2025-08-01,ACC0000007283,CUST0003663,CREDIT_CARD,Kartu Platinum,2021-04-14,ACTIVE,0.00,27294980.84,0.0708,2021172.06,1
2025-08-01,ACC0000007316,CUST0003677,SAVINGS,Tabungan Berjangka,2022-08-15,ACTIVE,3459784.50,,0.1034,-2248670.00,3
2025-08-01,ACC0000007495,CUST0003764,LOAN,Kredit Kendaraan,2023-01-11,ACTIVE,0.00,,0.0776,0.00,0
2025-08-01,ACC0000007642,CUST0003840,CREDIT_CARD,Kartu Classic,2022-11-01,ACTIVE,0.00,20082848.41,0.1027,-1749666.19,2
2025-08-01,ACC0000000293,CUST0000146,LOAN,KTA Personal,2025-03-31,ACTIVE,0.00,,0.1469,5176965.24,3
2025-08-01,ACC0000000377,CUST0000189,LOAN,Kredit Usaha,2023-12-28,CLOSED,0.00,,0.0717,0.00,0
2025-08-01,ACC0000000556,CUST0000281,SAVINGS,Tabungan Haji,2021-07-10,ACTIVE,7981986.54,,0.0994,0.00,0
2025-08-01,ACC0000000562,CUST0000283,SAVINGS,Tabungan Haji,2024-10-19,ACTIVE,22577301.81,,0.1403,0.00,0
2025-08-01,ACC0000000898,CUST0000446,INVESTMENT,Obligasi,2024-06-21,SUSPENDED,0.00,,0.0402,0.00,0
2025-08-01,ACC0000000901,CUST0000449,CREDIT_CARD,Kartu Classic,2024-05-29,ACTIVE,0.00,43695593.23,0.0219,1028535.58,1
2025-08-01,ACC0000001375,CUST0000690,INVESTMENT,Obligasi,2024-06-25,ACTIVE,0.00,,0.044,-4796201.85,1
2025-08-01,ACC0000001804,CUST0000906,LOAN,Kredit Usaha,2025-01-03,ACTIVE,0.00,,0.0211,2065288.42,1
2025-08-01,ACC0000002017,CUST0001015,SAVINGS,Tabungan Negara Plus,2024-12-13,ACTIVE,25607977.07,,0.0324,2072183.34,2
2025-08-01,ACC0000002049,CUST0001033,CREDIT_CARD,Kartu Classic,2022-05-08,CLOSED,0.00,41787692.86,0.1461,0.00,0
2025-08-01,ACC0000002176,CUST0001094,INVESTMENT,SBN Retail,2024-09-04,DORMANT,0.00,,0.1216,0.00,0
2025-08-01,ACC0000002485,CUST0001248,CREDIT_CARD,Kartu Platinum,2021-10-04,DORMANT,0.00,5332960.15,0.0224,0.00,0
2025-08-01,ACC0000002522,CUST0001266,LOAN,KTA Personal,2024-11-14,ACTIVE,0.00,,0.0815,0.00,0
2025-08-01,ACC0000002812,CUST0001420,INVESTMENT,SBN Retail,2021-05-09,ACTIVE,0.00,,0.0743,-226703.91,1
2025-08-01,ACC0000002869,CUST0001450,CREDIT_CARD,Kartu Virtual,2021-05-22,ACTIVE,0.00,24625616.48,0.0894,1667546.23,1
2025-08-01,ACC0000003145,CUST0001583,LOAN,KPR Rumah,2023-09-15,CLOSED,0.00,,0.1285,0.00,0
2025-08-01,ACC0000003264,CUST0001646,CREDIT_CARD,Kartu Classic,2024-07-23,ACTIVE,0.00,41240131.85,0.0183,-3827348.56,2
2025-08-01,ACC0000003309,CUST0001665,SAVINGS,Tabungan Berjangka,2024-09-10,ACTIVE,28166954.66,,0.0135,-11142.28,4
2025-08-01,ACC0000003372,CUST0001696,INVESTMENT,Reksa Dana,2023-09-25,ACTIVE,0.00,,0.106,0.00,0
2025-08-01,ACC0000003558,CUST0001792,LOAN,KTA Personal,2021-11-19,ACTIVE,0.00,,0.1191,-247850.21,1
2025-08-01,ACC0000004136,CUST0002081,INVESTMENT,Obligasi,2021-10-21,ACTIVE,0.00,,0.1384,4340336.17,1
2025-08-01,ACC0000004225,CUST0002126,INVESTMENT,Obligasi,2024-01-07,CLOSED,0.00,,0.1196,0.00,0
2025-08-01,ACC0000004339,CUST0002182,LOAN,KTA Personal,2023-01-08,CLOSED,0.00,,0.052,0.00,0
2025-08-01,ACC0000004445,CUST0002232,INVESTMENT,Reksa Dana,2025-02-14,ACTIVE,0.00,,0.0743,-2381147.91,3
2025-08-01,ACC0000004570,CUST0002293,LOAN,Kredit Kendaraan,2022-03-27,ACTIVE,0.00,,0.0948,0.00,0
2025-08-01,ACC0000005162,CUST0002591,CREDIT_CARD,Kartu Platinum,2024-10-20,ACTIVE,0.00,12902828.64,0.1237,-8661764.78,3
2025-08-01,ACC0000005530,CUST0002774,INVESTMENT,Deposito,2024-11-28,ACTIVE,0.00,,0.093,0.00,0
2025-08-01,ACC0000005587,CUST0002803,INVESTMENT,Deposito,2022-09-23,ACTIVE,0.00,,0.0947,4644801.31,2
2025-08-01,ACC0000005630,CUST0002826,LOAN,Kredit Kendaraan,2021-11-22,ACTIVE,0.00,,0.0806,1152524.59,2
2025-08-01,ACC0000005710,CUST0002864,SAVINGS,Tabungan Negara Plus,2025-04-13,ACTIVE,14237838.09,,0.0166,-419911.77,1
2025-08-01,ACC0000005734,CUST0002876,LOAN,KTA Personal,2024-03-24,ACTIVE,0.00,,0.0172,4658669.61,1
2025-08-01,ACC0000005938,CUST0002984,LOAN,Kredit Kendaraan,2025-06-12,ACTIVE,0.00,,0.015,-3428558.67,2
2025-08-01,ACC0000006368,CUST0003200,SAVINGS,Tabungan Rencana,2023-01-24,ACTIVE,39905829.48,,0.0565,2912918.31,2
2025-08-01,ACC0000006501,CUST0003265,INVESTMENT,Obligasi,2023-10-24,ACTIVE,0.00,,0.0915,-1916603.72,2
2025-08-01,ACC0000006548,CUST0003287,CREDIT_CARD,Kartu Virtual,2024-05-20,ACTIVE,0.00,26697914.42,0.1042,4751950.44,4
2025-08-01,ACC0000007045,CUST0003542,INVESTMENT,SBN Retail,2025-02-20,ACTIVE,0.00,,0.1026,850257.72,1
2025-08-01,ACC0000007362,CUST0003702,LOAN,Kredit Kendaraan,2023-11-03,ACTIVE,0.00,,0.1051,0.00,0
2025-08-01,ACC0000007401,CUST0003721,INVESTMENT,SBN Retail,2023-05-07,ACTIVE,0.00,,0.0236,-4156639.35,2
2025-08-01,ACC0000007552,CUST0003792,SAVINGS,Tabungan Negara Plus,2023-10-19,DORMANT,32526518.58,,0.0695,0.00,0
2025-08-01,ACC0000007730,CUST0003885,INVESTMENT,SBN Retail,2024-01-30,ACTIVE,0.00,,0.0728,2623847.86,1
2025-08-01,ACC0000007841,CUST0003939,LOAN,Kredit Kendaraan,2021-04-27,ACTIVE,0.00,,0.0852,-1920768.14,2
2025-08-01,ACC0000000073,CUST0000037,LOAN,KPR Rumah,2022-07-27,CLOSED,0.00,,0.0226,0.00,0
2025-08-01,ACC0000000438,CUST0000220,INVESTMENT,SBN Retail,2024-01-12,ACTIVE,0.00,,0.0363,-4610912.32,1
2025-08-01,ACC0000000523,CUST0000263,CREDIT_CARD,Kartu Virtual,2024-06-06,ACTIVE,0.00,16512738.74,0.1058,0.00,0
2025-08-01,ACC0000000591,CUST0000297,CREDIT_CARD,Kartu Classic,2022-12-15,ACTIVE,0.00,14263035.29,0.0929,-2163088.47,1
2025-08-01,ACC0000000867,CUST0000429,INVESTMENT,Deposito,2021-07-09,SUSPENDED,0.00,,0.0579,0.00,0
2025-08-01,ACC0000001262,CUST0000635,INVESTMENT,Deposito,2022-05-04,ACTIVE,0.00,,0.111,15127268.08,4
2025-08-01,ACC0000001364,CUST0000684,CREDIT_CARD,Kartu Gold,2024-09-17,ACTIVE,0.00,29925937.21,0.0867,4120857.17,1
2025-08-01,ACC0000001754,CUST0000885,INVESTMENT,Deposito,2024-02-02,ACTIVE,0.00,,0.0268,0.00,0
2025-08-01,ACC0000001812,CUST0000910,SAVINGS,Tabungan Rencana,2024-12-19,ACTIVE,26456748.17,,0.1137,0.00,0
2025-08-01,ACC0000002018,CUST0001015,CREDIT_CARD,Kartu Gold,2024-12-19,DORMANT,0.00,22099248.16,0.0495,0.00,0
2025-08-01,ACC0000002194,CUST0001102,INVESTMENT,Deposito,2023-09-20,DORMANT,0.00,,0.0417,0.00,0
2025-08-01,ACC0000002329,CUST0001167,LOAN,KPR Rumah,2023-10-28,ACTIVE,0.00,,0.0897,-9345748.57,3
2025-08-01,ACC0000002355,CUST0001179,CREDIT_CARD,Kartu Platinum,2024-04-21,ACTIVE,0.00,41503771.09,0.1358,4651090.62,4
2025-08-01,ACC0000002773,CUST0001402,INVESTMENT,SBN Retail,2021-08-02,ACTIVE,0.00,,0.1436,4975233.80,1
2025-08-01,ACC0000002800,CUST0001413,SAVINGS,Tabungan Negara Plus,2022-01-21,ACTIVE,43937416.06,,0.138,-1906511.99,2
2025-08-01,ACC0000003207,CUST0001616,LOAN,Kredit Kendaraan,2024-10-04,ACTIVE,0.00,,0.0728,1194044.93,3
2025-08-01,ACC0000003267,CUST0001647,CREDIT_CARD,Kartu Classic,2023-07-07,ACTIVE,0.00,19137398.13,0.1333,0.00,0
2025-08-01,ACC0000003564,CUST0001796,LOAN,KPR Rumah,2023-06-15,ACTIVE,0.00,,0.0709,-3303836.92,4
2025-08-01,ACC0000004045,CUST0002041,INVESTMENT,Deposito,2024-10-03,ACTIVE,0.00,,0.0552,4381867.10,3
2025-08-01,ACC0000004219,CUST0002124,SAVINGS,Tabungan Berjangka,2023-08-01,ACTIVE,48187379.78,,0.0211,772505.86,1
2025-08-01,ACC0000004658,CUST0002338,SAVINGS,Tabungan Rencana,2025-01-21,CLOSED,37735284.56,,0.1179,0.00,0
2025-08-01,ACC0000004764,CUST0002387,INVESTMENT,SBN Retail,2023-02-21,ACTIVE,0.00,,0.1187,-4252808.81,1
2025-08-01,ACC0000004894,CUST0002457,LOAN,Kredit Kendaraan,2021-03-18,ACTIVE,0.00,,0.1246,-4964743.97,1
2025-08-01,ACC0000005135,CUST0002577,CREDIT_CARD,Kartu Classic,2024-02-19,ACTIVE,0.00,27747027.26,0.0375,1533491.76,6
2025-08-01,ACC0000005480,CUST0002749,INVESTMENT,Reksa Dana,2022-06-22,CLOSED,0.00,,0.0176,0.00,0
2025-08-01,ACC0000005827,CUST0002929,LOAN,Kredit Kendaraan,2023-07-01,ACTIVE,0.00,,0.0596,0.00,0
2025-08-01,ACC0000005910,CUST0002972,LOAN,KPR Rumah,2021-08-03,ACTIVE,0.00,,0.129,0.00,0
2025-08-01,ACC0000006008,CUST0003020,INVESTMENT,Deposito,2022-11-04,ACTIVE,0.00,,0.1241,349672.62,2
2025-08-01,ACC0000006098,CUST0003064,LOAN,Kredit Usaha,2022-10-05,ACTIVE,0.00,,0.0556,2109792.10,3
2025-08-01,ACC0000006222,CUST0003126,SAVINGS,Tabungan Berjangka,2023-07-09,ACTIVE,34962053.73,,0.1389,-7349993.94,2
2025-08-01,ACC0000006807,CUST0003417,CREDIT_CARD,Kartu Virtual,2022-09-29,ACTIVE,0.00,29550480.28,0.0395,5065454.64,2
2025-08-01,ACC0000006935,CUST0003486,LOAN,KPR Rumah,2022-10-02,ACTIVE,0.00,,0.0507,-4026996.57,1
2025-08-01,ACC0000007374,CUST0003707,SAVINGS,Tabungan Berjangka,2024-09-27,CLOSED,20280067.06,,0.1073,0.00,0
2025-08-01,ACC0000007653,CUST0003846,SAVINGS,Tabungan Negara Plus,2024-08-19,ACTIVE,27449669.84,,0.055,0.00,0
2025-08-01,ACC0000007699,CUST0003869,LOAN,KPR Rumah,2022-08-14,ACTIVE,0.00,,0.0155,0.00,0
2025-08-01,ACC0000007753,CUST0003897,LOAN,Kredit Kendaraan,2022-01-15,ACTIVE,0.00,,0.1383,1077460.26,2
2025-08-01,ACC0000007788,CUST0003916,LOAN,Kredit Usaha,2022-03-20,ACTIVE,0.00,,0.1457,2432473.12,3
2025-08-01,ACC0000007853,CUST0003946,CREDIT_CARD,Kartu Gold,2023-10-22,DORMANT,0.00,41854085.02,0.0658,0.00,0
2025-08-01,ACC0000007922,CUST0003982,CREDIT_CARD,Kartu Gold,2024-05-11,ACTIVE,0.00,11579702.03,0.0407,-2952400.53,1
2025-08-01,ACC0000000068,CUST0000035,SAVINGS,Tabungan Berjangka,2024-07-20,ACTIVE,9371807.76,,0.0193,4650794.34,3
2025-08-01,ACC0000000458,CUST0000232,LOAN,KPR Rumah,2022-02-11,ACTIVE,0.00,,0.0598,-3711201.73,2
2025-08-01,ACC0000000678,CUST0000335,INVESTMENT,SBN Retail,2025-01-17,ACTIVE,0.00,,0.042,4048931.30,1
2025-08-01,ACC0000001018,CUST0000509,LOAN,Kredit Usaha,2022-12-14,DORMANT,0.00,,0.0301,0.00,0
2025-08-01,ACC0000001072,CUST0000535,LOAN,Kredit Usaha,2023-02-14,ACTIVE,0.00,,0.1092,0.00,0
2025-08-01,ACC0000001096,CUST0000549,CREDIT_CARD,Kartu Classic,2021-08-02,ACTIVE,0.00,18353158.35,0.0596,8559094.11,3
2025-08-01,ACC0000001260,CUST0000634,INVESTMENT,SBN Retail,2023-05-17,ACTIVE,0.00,,0.1201,1378014.65,4
2025-08-01,ACC0000001430,CUST0000719,LOAN,KTA Personal,2022-08-30,ACTIVE,0.00,,0.0291,0.00,0
2025-08-01,ACC0000001595,CUST0000802,INVESTMENT,SBN Retail,2022-12-28,CLOSED,0.00,,0.0648,0.00,0
2025-08-01,ACC0000001763,CUST0000889,INVESTMENT,Obligasi,2024-06-13,ACTIVE,0.00,,0.0369,2288035.73,1
2025-08-01,ACC0000001782,CUST0000898,CREDIT_CARD,Kartu Classic,2022-12-30,ACTIVE,0.00,10931187.64,0.12,-8164281.44,2
2025-08-01,ACC0000002384,CUST0001194,CREDIT_CARD,Kartu Classic,2023-03-05,CLOSED,0.00,12093285.92,0.0669,0.00,0
2025-08-01,ACC0000002440,CUST0001224,CREDIT_CARD,Kartu Virtual,2023-08-27,ACTIVE,0.00,23279689.79,0.0159,-4470255.35,1
2025-08-01,ACC0000002484,CUST0001247,SAVINGS,Tabungan Negara Plus,2024-07-19,ACTIVE,46157493.40,,0.113,8496188.14,2
2025-08-01,ACC0000002740,CUST0001384,INVESTMENT,Obligasi,2023-09-02,CLOSED,0.00,,0.0742,0.00,0
2025-08-01,ACC0000002748,CUST0001388,LOAN,Kredit Kendaraan,2024-10-20,ACTIVE,0.00,,0.0102,-551497.03,2
2025-08-01,ACC0000003035,CUST0001529,CREDIT_CARD,Kartu Classic,2022-04-09,ACTIVE,0.00,38916552.23,0.1247,0.00,0
2025-08-01,ACC0000003240,CUST0001634,CREDIT_CARD,Kartu Classic,2023-01-13,ACTIVE,0.00,8913632.10,0.0975,-6346229.19,2
2025-08-01,ACC0000003324,CUST0001671,INVESTMENT,Reksa Dana,2023-12-16,ACTIVE,0.00,,0.0391,35624.20,1
2025-08-01,ACC0000003383,CUST0001701,CREDIT_CARD,Kartu Platinum,2023-07-10,ACTIVE,0.00,36600966.86,0.0162,-973951.84,1
2025-08-01,ACC0000003716,CUST0001872,LOAN,Kredit Kendaraan,2025-04-28,ACTIVE,0.00,,0.0365,2737386.06,1
2025-08-01,ACC0000003978,CUST0002006,CREDIT_CARD,Kartu Virtual,2021-06-23,ACTIVE,0.00,18623475.02,0.127,0.00,0
2025-08-01,ACC0000004072,CUST0002054,LOAN,KPR Rumah,2023-05-05,ACTIVE,0.00,,0.0983,7811605.89,2
2025-08-01,ACC0000004365,CUST0002195,INVESTMENT,Reksa Dana,2021-09-17,ACTIVE,0.00,,0.1184,-2037280.57,3
2025-08-01,ACC0000004431,CUST0002225,SAVINGS,Tabungan Rencana,2021-04-26,ACTIVE,25942558.91,,0.0781,3595169.88,3
2025-08-01,ACC0000004481,CUST0002250,LOAN,Kredit Usaha,2024-11-10,ACTIVE,0.00,,0.0576,-4082903.66,2
2025-08-01,ACC0000004675,CUST0002345,INVESTMENT,Reksa Dana,2024-02-16,ACTIVE,0.00,,0.078,5708627.22,2
2025-08-01,ACC0000004701,CUST0002361,INVESTMENT,Deposito,2022-09-18,ACTIVE,0.00,,0.0678,6246991.68,2
2025-08-01,ACC0000005085,CUST0002552,LOAN,KTA Personal,2025-06-28,ACTIVE,0.00,,0.0282,0.00,0
2025-08-01,ACC0000005428,CUST0002723,LOAN,Kredit Usaha,2022-02-04,ACTIVE,0.00,,0.1461,0.00,0
2025-08-01,ACC0000005453,CUST0002735,CREDIT_CARD,Kartu Platinum,2023-08-04,ACTIVE,0.00,40149709.06,0.0152,0.00,0
2025-08-01,ACC0000005497,CUST0002758,INVESTMENT,SBN Retail,2023-10-24,ACTIVE,0.00,,0.0305,-4186580.89,2
2025-08-01,ACC0000005832,CUST0002931,CREDIT_CARD,Kartu Classic,2024-07-05,ACTIVE,0.00,33513192.36,0.043,-1812227.62,3
2025-08-01,ACC0000005955,CUST0002993,INVESTMENT,Deposito,2021-08-01,ACTIVE,0.00,,0.1376,3335208.13,2
2025-08-01,ACC0000006069,CUST0003051,SAVINGS,Tabungan Rencana,2021-08-24,ACTIVE,49172470.01,,0.1244,2768845.63,2
2025-08-01,ACC0000006236,CUST0003132,SAVINGS,Tabungan Rencana,2023-12-03,ACTIVE,22018984.17,,0.0507,814375.67,2
2025-08-01,ACC0000006299,CUST0003163,LOAN,KPR Rumah,2025-05-21,ACTIVE,0.00,,0.0583,-4375061.95,2
2025-08-01,ACC0000006703,CUST0003367,LOAN,Kredit Usaha,2025-01-10,ACTIVE,0.00,,0.1412,-1576981.58,3
2025-08-01,ACC0000006744,CUST0003389,SAVINGS,Tabungan Rencana,2022-02-16,ACTIVE,8781976.87,,0.1252,-2312425.17,2
2025-08-01,ACC0000006956,CUST0003499,CREDIT_CARD,Kartu Gold,2024-03-26,ACTIVE,0.00,26486100.99,0.023,7405187.28,2
2025-08-01,ACC0000006985,CUST0003515,SAVINGS,Tabungan Haji,2024-01-03,ACTIVE,38414074.91,,0.0297,-1852079.33,1
2025-08-01,ACC0000007058,CUST0003550,LOAN,Kredit Usaha,2023-03-30,ACTIVE,0.00,,0.0128,-8429095.98,2
2025-08-01,ACC0000007249,CUST0003646,CREDIT_CARD,Kartu Gold,2023-02-15,ACTIVE,0.00,16452579.47,0.0979,3983440.63,2
2025-08-01,ACC0000007276,CUST0003659,INVESTMENT,Reksa Dana,2022-03-28,ACTIVE,0.00,,0.1371,2709568.04,1
2025-08-01,ACC0000007463,CUST0003751,CREDIT_CARD,Kartu Classic,2021-10-26,SUSPENDED,0.00,18122417.16,0.0283,0.00,0
2025-08-01,ACC0000007502,CUST0003768,SAVINGS,Tabungan Negara Plus,2024-04-01,ACTIVE,2631124.75,,0.0447,-3336519.32,1
2025-08-01,ACC0000007573,CUST0003803,LOAN,Kredit Usaha,2022-08-27,ACTIVE,0.00,,0.0737,-1139955.40,4
2025-08-01,ACC0000007651,CUST0003845,CREDIT_CARD,Kartu Virtual,2024-07-23,ACTIVE,0.00,29673217.91,0.0314,-3570551.51,2
2025-08-01,ACC0000000114,CUST0000059,INVESTMENT,Deposito,2023-11-24,ACTIVE,0.00,,0.0209,-2904976.34,1
2025-08-01,ACC0000000318,CUST0000158,LOAN,KPR Rumah,2024-10-22,ACTIVE,0.00,,0.0789,0.00,0
2025-08-01,ACC0000000692,CUST0000344,INVESTMENT,SBN Retail,2023-05-07,ACTIVE,0.00,,0.0651,-3303287.24,1
2025-08-01,ACC0000001009,CUST0000504,SAVINGS,Tabungan Berjangka,2022-12-15,ACTIVE,694656.70,,0.0244,0.00,0
2025-08-01,ACC0000001117,CUST0000558,SAVINGS,Tabungan Berjangka,2025-05-10,ACTIVE,26886124.67,,0.0882,1748264.85,2
2025-08-01,ACC0000001177,CUST0000591,LOAN,Kredit Usaha,2023-12-05,DORMANT,0.00,,0.0793,0.00,0
2025-08-01,ACC0000001450,CUST0000728,SAVINGS,Tabungan Negara Plus,2024-07-14,ACTIVE,41584478.58,,0.1386,3624637.22,4
2025-08-01,ACC0000001613,CUST0000812,LOAN,Kredit Kendaraan,2022-08-27,ACTIVE,0.00,,0.0407,-7975772.37,2
2025-08-01,ACC0000001681,CUST0000847,LOAN,Kredit Usaha,2023-05-23,ACTIVE,0.00,,0.0733,-822539.57,2
2025-08-01,ACC0000001720,CUST0000868,LOAN,Kredit Usaha,2021-06-10,ACTIVE,0.00,,0.0217,-2628250.19,1
2025-08-01,ACC0000001907,CUST0000959,INVESTMENT,Obligasi,2024-05-27,ACTIVE,0.00,,0.0512,-4250407.30,1
2025-08-01,ACC0000002268,CUST0001136,CREDIT_CARD,Kartu Gold,2022-02-20,ACTIVE,0.00,42010750.41,0.0174,3372591.89,1
2025-08-01,ACC0000002974,CUST0001498,INVESTMENT,Deposito,2022-03-28,ACTIVE,0.00,,0.1387,-3237402.92,3
2025-08-01,ACC0000003114,CUST0001569,LOAN,KPR Rumah,2021-02-16,ACTIVE,0.00,,0.0942,3132949.79,1
2025-08-01,ACC0000003126,CUST0001575,CREDIT_CARD,Kartu Gold,2024-07-11,ACTIVE,0.00,21038077.76,0.0648,-236992.94,4
2025-08-01,ACC0000003424,CUST0001720,LOAN,Kredit Kendaraan,2024-11-22,ACTIVE,0.00,,0.082,901668.28,1
2025-08-01,ACC0000003882,CUST0001956,LOAN,Kredit Usaha,2024-10-01,CLOSED,0.00,,0.1376,0.00,0
2025-08-01,ACC0000004533,CUST0002278,SAVINGS,Tabungan Berjangka,2024-05-19,CLOSED,16182405.46,,0.1335,0.00,0
2025-08-01,ACC0000004790,CUST0002402,SAVINGS,Tabungan Berjangka,2022-03-26,ACTIVE,12642991.81,,0.1433,-4106764.09,3
2025-08-01,ACC0000004887,CUST0002452,LOAN,Kredit Kendaraan,2023-04-13,ACTIVE,0.00,,0.0596,3836641.81,3
2025-08-01,ACC0000004890,CUST0002454,CREDIT_CARD,Kartu Gold,2023-09-24,DORMANT,0.00,14294711.90,0.084,0.00,0
2025-08-01,ACC0000004957,CUST0002486,INVESTMENT,SBN Retail,2024-03-05,CLOSED,0.00,,0.1394,0.00,0
2025-08-01,ACC0000005006,CUST0002510,LOAN,KPR Rumah,2024-07-25,ACTIVE,0.00,,0.121,-5130815.13,2
2025-08-01,ACC0000005264,CUST0002646,LOAN,Kredit Kendaraan,2023-04-11,ACTIVE,0.00,,0.1133,4567362.12,1
2025-08-01,ACC0000005318,CUST0002669,SAVINGS,Tabungan Haji,2022-07-20,ACTIVE,19223443.28,,0.0977,10580585.86,6
2025-08-01,ACC0000005457,CUST0002737,INVESTMENT,SBN Retail,2021-10-14,SUSPENDED,0.00,,0.1076,0.00,0
2025-08-01,ACC0000005725,CUST0002872,SAVINGS,Tabungan Haji,2023-07-26,ACTIVE,31897189.90,,0.1434,-3179046.27,1
2025-08-01,ACC0000005789,CUST0002909,INVESTMENT,Obligasi,2024-03-15,ACTIVE,0.00,,0.1417,-6734323.70,2
2025-08-01,ACC0000006645,CUST0003337,CREDIT_CARD,Kartu Virtual,2021-05-13,ACTIVE,0.00,49377049.56,0.1097,3432064.08,4
2025-08-01,ACC0000006733,CUST0003381,SAVINGS,Tabungan Berjangka,2025-02-18,CLOSED,26656328.06,,0.1002,0.00,0
2025-08-01,ACC0000006970,CUST0003506,INVESTMENT,SBN Retail,2024-08-13,ACTIVE,0.00,,0.0452,-4395977.01,4
2025-08-01,ACC0000007344,CUST0003690,LOAN,KTA Personal,2022-07-17,ACTIVE,0.00,,0.0266,0.00,0
2025-08-01,ACC0000007439,CUST0003737,SAVINGS,Tabungan Berjangka,2025-04-29,ACTIVE,28754935.25,,0.0884,-12358964.38,3
2025-08-01,ACC0000007715,CUST0003877,INVESTMENT,Deposito,2021-10-22,DORMANT,0.00,,0.0272,0.00,0
2025-08-01,ACC0000007831,CUST0003935,LOAN,Kredit Kendaraan,2022-02-09,ACTIVE,0.00,,0.0474,-2828893.19,1
2025-08-01,ACC0000000338,CUST0000170,SAVINGS,Tabungan Rencana,2024-12-02,ACTIVE,3596712.52,,0.037,0.00,0
2025-08-01,ACC0000000489,CUST0000246,LOAN,KPR Rumah,2023-03-13,ACTIVE,0.00,,0.1221,912423.87,1
2025-08-01,ACC0000000713,CUST0000353,CREDIT_CARD,Kartu Platinum,2023-07-02,ACTIVE,0.00,49322448.12,0.0892,1070937.70,1
2025-08-01,ACC0000000831,CUST0000414,CREDIT_CARD,Kartu Gold,2022-09-15,ACTIVE,0.00,36981317.52,0.0449,-5151923.35,2
2025-08-01,ACC0000000864,CUST0000428,CREDIT_CARD,Kartu Classic,2023-08-26,ACTIVE,0.00,5668353.69,0.0767,-3967776.53,2
2025-08-01,ACC0000000951,CUST0000475,SAVINGS,Tabungan Negara Plus,2021-10-30,ACTIVE,9601878.57,,0.1193,1891846.69,1
2025-08-01,ACC0000001125,CUST0000562,SAVINGS,Tabungan Rencana,2023-07-24,ACTIVE,42849955.59,,0.0859,-3535175.05,1
2025-08-01,ACC0000001248,CUST0000627,LOAN,Kredit Usaha,2024-04-01,ACTIVE,0.00,,0.1412,8550322.77,4
2025-08-01,ACC0000001711,CUST0000865,INVESTMENT,SBN Retail,2024-05-13,ACTIVE,0.00,,0.0445,-3146703.08,2
2025-08-01,ACC0000001759,CUST0000887,LOAN,Kredit Kendaraan,2022-06-18,ACTIVE,0.00,,0.0638,5734266.79,3
2025-08-01,ACC0000002129,CUST0001070,CREDIT_CARD,Kartu Classic,2023-08-31,ACTIVE,0.00,47096928.37,0.1446,-7198247.61,2
2025-08-01,ACC0000002375,CUST0001189,CREDIT_CARD,Kartu Classic,2021-08-04,ACTIVE,0.00,6950344.11,0.1137,0.00,0
2025-08-01,ACC0000002391,CUST0001197,CREDIT_CARD,Kartu Gold,2023-07-15,ACTIVE,0.00,21898545.79,0.0268,0.00,0
2025-08-01,ACC0000002608,CUST0001312,SAVINGS,Tabungan Haji,2024-04-16,DORMANT,16727336.42,,0.1187,0.00,0
2025-08-01,ACC0000002684,CUST0001354,CREDIT_CARD,Kartu Classic,2022-02-10,ACTIVE,0.00,36698020.67,0.1472,-379776.58,1
2025-08-01,ACC0000002705,CUST0001365,CREDIT_CARD,Kartu Platinum,2023-02-15,ACTIVE,0.00,44034842.39,0.113,-626458.57,4
2025-08-01,ACC0000002719,CUST0001374,CREDIT_CARD,Kartu Gold,2022-03-17,ACTIVE,0.00,35709126.64,0.0284,5275804.46,3
2025-08-01,ACC0000002765,CUST0001397,INVESTMENT,Obligasi,2021-08-08,ACTIVE,0.00,,0.0433,4389816.39,1
2025-08-01,ACC0000003142,CUST0001582,SAVINGS,Tabungan Berjangka,2021-09-18,ACTIVE,9729655.25,,0.0768,1866329.81,2
2025-08-01,ACC0000003280,CUST0001653,SAVINGS,Tabungan Haji,2025-01-08,ACTIVE,15153003.35,,0.1131,-3460129.97,3
2025-08-01,ACC0000003870,CUST0001951,LOAN,Kredit Usaha,2021-07-17,ACTIVE,0.00,,0.0351,0.00,0
2025-08-01,ACC0000004053,CUST0002045,SAVINGS,Tabungan Negara Plus,2021-09-21,ACTIVE,44724871.58,,0.1192,2134943.29,1
2025-08-01,ACC0000004197,CUST0002115,SAVINGS,Tabungan Rencana,2024-03-03,ACTIVE,13697978.34,,0.0847,4276196.18,2
2025-08-01,ACC0000004232,CUST0002129,CREDIT_CARD,Kartu Gold,2023-05-31,ACTIVE,0.00,49156085.04,0.0485,-3998293.83,2
2025-08-01,ACC0000004313,CUST0002168,SAVINGS,Tabungan Negara Plus,2021-03-04,ACTIVE,24607823.40,,0.0141,-7736671.04,2
2025-08-01,ACC0000004470,CUST0002244,SAVINGS,Tabungan Berjangka,2023-03-08,ACTIVE,14747096.99,,0.1145,-6105053.17,2
2025-08-01,ACC0000004642,CUST0002331,SAVINGS,Tabungan Berjangka,2022-04-25,ACTIVE,22303455.11,,0.0461,4984317.40,1
2025-08-01,ACC0000004748,CUST0002381,INVESTMENT,Obligasi,2021-06-05,SUSPENDED,0.00,,0.0469,0.00,0
2025-08-01,ACC0000005007,CUST0002510,LOAN,KTA Personal,2024-07-06,ACTIVE,0.00,,0.114,3379493.03,2
2025-08-01,ACC0000005241,CUST0002633,LOAN,KPR Rumah,2025-02-02,ACTIVE,0.00,,0.0915,2419256.74,2
2025-08-01,ACC0000005326,CUST0002672,INVESTMENT,Reksa Dana,2023-08-03,DORMANT,0.00,,0.0575,0.00,0
2025-08-01,ACC0000005355,CUST0002688,LOAN,Kredit Kendaraan,2025-04-03,ACTIVE,0.00,,0.1396,3846766.99,1
2025-08-01,ACC0000005446,CUST0002733,SAVINGS,Tabungan Rencana,2021-12-04,ACTIVE,26344036.77,,0.0759,-1268049.71,1
2025-08-01,ACC0000005509,CUST0002763,LOAN,KPR Rumah,2024-04-25,SUSPENDED,0.00,,0.066,0.00,0
2025-08-01,ACC0000005622,CUST0002823,INVESTMENT,Deposito,2023-04-06,ACTIVE,0.00,,0.0647,4363717.95,3
2025-08-01,ACC0000005705,CUST0002862,INVESTMENT,Obligasi,2021-07-07,ACTIVE,0.00,,0.1338,-2691191.51,3
2025-08-01,ACC0000006544,CUST0003285,LOAN,KPR Rumah,2021-11-23,ACTIVE,0.00,,0.0264,0.00,0
2025-08-01,ACC0000006768,CUST0003399,INVESTMENT,SBN Retail,2022-12-12,ACTIVE,0.00,,0.1135,-9002433.68,2
2025-08-01,ACC0000006804,CUST0003416,LOAN,Kredit Kendaraan,2024-10-27,ACTIVE,0.00,,0.1329,-7917328.20,3
2025-08-01,ACC0000006896,CUST0003466,INVESTMENT,SBN Retail,2022-07-01,ACTIVE,0.00,,0.0594,-4257255.47,3
2025-08-01,ACC0000006963,CUST0003502,LOAN,KPR Rumah,2023-01-23,ACTIVE,0.00,,0.1428,2141499.92,1
2025-08-01,ACC0000007049,CUST0003544,LOAN,Kredit Usaha,2025-01-13,CLOSED,0.00,,0.0952,0.00,0
2025-08-01,ACC0000007096,CUST0003570,CREDIT_CARD,Kartu Platinum,2024-05-03,ACTIVE,0.00,16775618.54,0.0412,2637250.86,3
2025-08-01,ACC0000007478,CUST0003757,SAVINGS,Tabungan Rencana,2022-05-15,ACTIVE,39538534.91,,0.104,4234005.29,3
2025-08-01,ACC0000007615,CUST0003825,CREDIT_CARD,Kartu Virtual,2021-09-18,ACTIVE,0.00,31241741.98,0.1346,-6077114.01,2
2025-08-01,ACC0000007643,CUST0003840,INVESTMENT,SBN Retail,2022-06-22,ACTIVE,0.00,,0.0389,-4776997.20,1
2025-08-01,ACC0000007917,CUST0003980,SAVINGS,Tabungan Haji,2022-01-07,ACTIVE,25807302.70,,0.1492,524132.25,1
2025-08-01,ACC0000000188,CUST0000093,CREDIT_CARD,Kartu Platinum,2023-03-06,ACTIVE,0.00,13675990.91,0.0919,1810088.49,4
2025-08-01,ACC0000000241,CUST0000122,LOAN,Kredit Usaha,2022-11-09,ACTIVE,0.00,,0.0202,0.00,0
2025-08-01,ACC0000000859,CUST0000426,INVESTMENT,Obligasi,2024-04-27,ACTIVE,0.00,,0.0874,-4429146.26,1
2025-08-01,ACC0000001312,CUST0000661,SAVINGS,Tabungan Berjangka,2025-03-10,ACTIVE,4423728.78,,0.1075,-8802824.44,2
2025-08-01,ACC0000001316,CUST0000662,SAVINGS,Tabungan Berjangka,2023-05-18,ACTIVE,10011481.98,,0.0226,4181457.29,1
2025-08-01,ACC0000001448,CUST0000727,INVESTMENT,Obligasi,2021-07-04,ACTIVE,0.00,,0.0107,2479019.13,2
2025-08-01,ACC0000001497,CUST0000751,CREDIT_CARD,Kartu Platinum,2024-01-21,ACTIVE,0.00,40318972.03,0.0122,-3753927.33,3
2025-08-01,ACC0000001549,CUST0000778,LOAN,Kredit Kendaraan,2022-10-25,ACTIVE,0.00,,0.0541,0.00,0
2025-08-01,ACC0000001579,CUST0000793,SAVINGS,Tabungan Haji,2024-07-24,DORMANT,40306381.81,,0.0943,0.00,0
2025-08-01,ACC0000001689,CUST0000852,SAVINGS,Tabungan Berjangka,2024-12-12,ACTIVE,12678881.43,,0.0731,12143.88,1
2025-08-01,ACC0000001762,CUST0000888,LOAN,Kredit Usaha,2021-11-12,ACTIVE,0.00,,0.0236,0.00,0
2025-08-01,ACC0000002312,CUST0001157,INVESTMENT,SBN Retail,2024-05-04,ACTIVE,0.00,,0.0919,-464848.91,3
2025-08-01,ACC0000002366,CUST0001185,CREDIT_CARD,Kartu Gold,2023-11-02,ACTIVE,0.00,44080842.52,0.093,4788300.12,4
2025-08-01,ACC0000002410,CUST0001209,LOAN,Kredit Usaha,2022-07-03,ACTIVE,0.00,,0.134,7702264.91,2
2025-08-01,ACC0000002476,CUST0001243,SAVINGS,Tabungan Rencana,2024-05-04,SUSPENDED,9213836.36,,0.0591,0.00,0
2025-08-01,ACC0000002810,CUST0001419,LOAN,KTA Personal,2024-01-02,ACTIVE,0.00,,0.1162,0.00,0
2025-08-01,ACC0000002961,CUST0001491,LOAN,KPR Rumah,2021-06-16,ACTIVE,0.00,,0.0906,-1518999.03,3
2025-08-01,ACC0000003117,CUST0001571,CREDIT_CARD,Kartu Gold,2023-02-09,ACTIVE,0.00,31163596.98,0.0775,-5899464.79,2
2025-08-01,ACC0000003470,CUST0001744,SAVINGS,Tabungan Haji,2024-04-20,DORMANT,37968351.64,,0.0454,0.00,0
2025-08-01,ACC0000003781,CUST0001906,INVESTMENT,Reksa Dana,2021-06-21,CLOSED,0.00,,0.0742,0.00,0
2025-08-01,ACC0000003866,CUST0001949,INVESTMENT,Reksa Dana,2024-12-28,ACTIVE,0.00,,0.0125,-9099715.04,2
2025-08-01,ACC0000004067,CUST0002052,SAVINGS,Tabungan Rencana,2021-12-08,ACTIVE,13509259.12,,0.1223,-2249432.36,1
2025-08-01,ACC0000004213,CUST0002122,SAVINGS,Tabungan Haji,2025-03-15,ACTIVE,1496038.09,,0.0518,2507958.24,3
2025-08-01,ACC0000004241,CUST0002133,INVESTMENT,SBN Retail,2024-01-19,ACTIVE,0.00,,0.1498,-3617875.82,1
2025-08-01,ACC0000004858,CUST0002436,LOAN,Kredit Kendaraan,2022-10-09,ACTIVE,0.00,,0.1157,4390621.66,2
2025-08-01,ACC0000005520,CUST0002769,INVESTMENT,Deposito,2021-07-04,ACTIVE,0.00,,0.0533,3188773.42,1
2025-08-01,ACC0000005681,CUST0002849,INVESTMENT,Deposito,2023-10-18,ACTIVE,0.00,,0.1187,7567734.15,3
2025-08-01,ACC0000005729,CUST0002874,SAVINGS,Tabungan Haji,2023-11-04,SUSPENDED,7449204.79,,0.047,0.00,0
2025-08-01,ACC0000006458,CUST0003245,CREDIT_CARD,Kartu Classic,2022-10-30,SUSPENDED,0.00,41893131.05,0.1015,0.00,0
2025-08-01,ACC0000006595,CUST0003312,LOAN,Kredit Usaha,2024-07-04,SUSPENDED,0.00,,0.1067,0.00,0
2025-08-01,ACC0000007278,CUST0003660,CREDIT_CARD,Kartu Classic,2023-10-15,ACTIVE,0.00,38993939.40,0.0968,-2490890.90,1
2025-08-01,ACC0000007545,CUST0003790,SAVINGS,Tabungan Berjangka,2022-05-15,ACTIVE,23194881.94,,0.073,9557021.85,4
2025-08-01,ACC0000000071,CUST0000037,CREDIT_CARD,Kartu Virtual,2022-08-18,ACTIVE,0.00,15788859.06,0.0515,3246521.05,4
2025-08-01,ACC0000001243,CUST0000625,CREDIT_CARD,Kartu Platinum,2024-03-01,ACTIVE,0.00,33377788.94,0.1131,0.00,0
2025-08-01,ACC0000001429,CUST0000719,INVESTMENT,Reksa Dana,2023-01-11,ACTIVE,0.00,,0.1077,-4162380.90,1
2025-08-01,ACC0000001436,CUST0000722,INVESTMENT,Deposito,2024-03-19,ACTIVE,0.00,,0.0301,-8444490.42,4
2025-08-01,ACC0000001912,CUST0000961,CREDIT_CARD,Kartu Virtual,2022-05-05,CLOSED,0.00,19359216.50,0.0971,0.00,0
2025-08-01,ACC0000001968,CUST0000989,INVESTMENT,SBN Retail,2023-02-20,ACTIVE,0.00,,0.1211,175023.30,3
2025-08-01,ACC0000002038,CUST0001026,CREDIT_CARD,Kartu Platinum,2024-04-26,ACTIVE,0.00,17836027.12,0.1168,6184473.04,2
2025-08-01,ACC0000002124,CUST0001068,SAVINGS,Tabungan Haji,2022-05-19,DORMANT,44242062.22,,0.0307,0.00,0
2025-08-01,ACC0000002347,CUST0001176,CREDIT_CARD,Kartu Gold,2024-12-25,ACTIVE,0.00,6863001.07,0.0847,-3235143.42,1
2025-08-01,ACC0000002489,CUST0001249,CREDIT_CARD,Kartu Platinum,2024-10-31,ACTIVE,0.00,26250630.26,0.0431,4689996.63,1
2025-08-01,ACC0000002807,CUST0001417,INVESTMENT,SBN Retail,2024-11-08,ACTIVE,0.00,,0.1316,-4644110.37,1
2025-08-01,ACC0000002832,CUST0001430,LOAN,Kredit Kendaraan,2022-08-26,DORMANT,0.00,,0.0181,0.00,0
2025-08-01,ACC0000002845,CUST0001436,SAVINGS,Tabungan Negara Plus,2023-08-13,ACTIVE,9579816.51,,0.1181,0.00,0
2025-08-01,ACC0000003366,CUST0001693,CREDIT_CARD,Kartu Virtual,2022-12-03,ACTIVE,0.00,21371344.66,0.046,0.00,0
2025-08-01,ACC0000003656,CUST0001846,INVESTMENT,Reksa Dana,2021-02-18,ACTIVE,0.00,,0.0656,-3807101.53,1
2025-08-01,ACC0000003770,CUST0001901,LOAN,Kredit Usaha,2021-06-11,ACTIVE,0.00,,0.0177,-3893912.21,1
2025-08-01,ACC0000004357,CUST0002190,INVESTMENT,Deposito,2022-09-09,ACTIVE,0.00,,0.0388,203954.23,2
2025-08-01,ACC0000004715,CUST0002367,SAVINGS,Tabungan Berjangka,2023-07-07,SUSPENDED,22053635.48,,0.124,0.00,0
2025-08-01,ACC0000004778,CUST0002396,SAVINGS,Tabungan Rencana,2025-04-27,ACTIVE,33502902.01,,0.0984,2727514.25,1
2025-08-01,ACC0000004899,CUST0002458,CREDIT_CARD,Kartu Virtual,2023-03-24,ACTIVE,0.00,28118382.45,0.0476,9373002.21,2
2025-08-01,ACC0000004926,CUST0002471,LOAN,KTA Personal,2023-08-12,DORMANT,0.00,,0.1318,0.00,0
2025-08-01,ACC0000005746,CUST0002884,INVESTMENT,SBN Retail,2022-08-09,ACTIVE,0.00,,0.0981,-1351543.78,1
2025-08-01,ACC0000005843,CUST0002938,CREDIT_CARD,Kartu Classic,2022-12-11,ACTIVE,0.00,17480398.42,0.1038,-951226.73,4
2025-08-01,ACC0000005895,CUST0002964,INVESTMENT,Reksa Dana,2022-01-04,ACTIVE,0.00,,0.0115,11019071.50,5
2025-08-01,ACC0000006298,CUST0003162,INVESTMENT,Deposito,2023-02-10,CLOSED,0.00,,0.1221,0.00,0
2025-08-01,ACC0000006329,CUST0003177,INVESTMENT,Obligasi,2022-06-12,ACTIVE,0.00,,0.039,-4516821.16,1
2025-08-01,ACC0000006632,CUST0003330,INVESTMENT,Reksa Dana,2024-12-13,ACTIVE,0.00,,0.045,412693.23,1
2025-08-01,ACC0000006640,CUST0003335,CREDIT_CARD,Kartu Platinum,2021-10-18,ACTIVE,0.00,20358107.21,0.104,-94258.09,1
2025-08-01,ACC0000006648,CUST0003339,LOAN,Kredit Usaha,2025-05-10,ACTIVE,0.00,,0.1476,0.00,0
2025-08-01,ACC0000006675,CUST0003354,LOAN,KPR Rumah,2022-02-14,ACTIVE,0.00,,0.0481,-4053186.40,5
2025-08-01,ACC0000006892,CUST0003463,LOAN,KTA Personal,2023-01-25,ACTIVE,0.00,,0.0761,1056895.27,1
2025-08-01,ACC0000007068,CUST0003555,CREDIT_CARD,Kartu Classic,2024-12-13,ACTIVE,0.00,48048745.92,0.0974,0.00,0
2025-08-01,ACC0000007100,CUST0003572,SAVINGS,Tabungan Haji,2022-12-15,ACTIVE,31896859.60,,0.1494,982381.23,4
2025-08-01,ACC0000007238,CUST0003642,INVESTMENT,Reksa Dana,2024-11-23,ACTIVE,0.00,,0.0111,2630379.39,4
2025-08-01,ACC0000007318,CUST0003678,CREDIT_CARD,Kartu Virtual,2023-02-15,ACTIVE,0.00,14034259.13,0.0426,-7417461.60,3
2025-08-01,ACC0000007585,CUST0003810,CREDIT_CARD,Kartu Virtual,2025-01-28,ACTIVE,0.00,24697787.52,0.0593,3177832.57,1
2025-08-01,ACC0000007618,CUST0003827,INVESTMENT,Deposito,2021-09-01,CLOSED,0.00,,0.0561,0.00,0
2025-08-01,ACC0000007847,CUST0003942,SAVINGS,Tabungan Negara Plus,2022-05-14,ACTIVE,22871608.12,,0.0359,-7183186.80,4
2025-08-01,ACC0000007849,CUST0003944,LOAN,KPR Rumah,2023-12-24,ACTIVE,0.00,,0.1282,0.00,0
2025-08-01,ACC0000007851,CUST0003944,CREDIT_CARD,Kartu Classic,2024-01-21,ACTIVE,0.00,15287720.64,0.0851,5087043.78,2
2025-08-01,ACC0000007868,CUST0003954,SAVINGS,Tabungan Haji,2021-08-06,ACTIVE,16238649.00,,0.1466,287896.45,1
2025-08-01,ACC0000000358,CUST0000180,LOAN,KTA Personal,2023-06-13,DORMANT,0.00,,0.0133,0.00,0
2025-08-01,ACC0000000371,CUST0000185,INVESTMENT,Deposito,2021-06-24,ACTIVE,0.00,,0.1079,-1393659.99,2
2025-08-01,ACC0000000977,CUST0000490,CREDIT_CARD,Kartu Gold,2021-08-17,CLOSED,0.00,10627102.57,0.1057,0.00,0
2025-08-01,ACC0000001056,CUST0000528,CREDIT_CARD,Kartu Platinum,2024-09-01,ACTIVE,0.00,29338301.62,0.1387,-4737510.57,1
2025-08-01,ACC0000001477,CUST0000740,CREDIT_CARD,Kartu Classic,2025-02-12,ACTIVE,0.00,12241806.06,0.024,-455653.92,3
2025-08-01,ACC0000001832,CUST0000921,CREDIT_CARD,Kartu Gold,2025-04-06,ACTIVE,0.00,8571615.35,0.0755,7655393.16,2
2025-08-01,ACC0000002100,CUST0001058,SAVINGS,Tabungan Haji,2023-01-01,ACTIVE,30595448.88,,0.1161,1098718.23,2
2025-08-01,ACC0000002695,CUST0001360,INVESTMENT,Reksa Dana,2021-12-31,ACTIVE,0.00,,0.0145,-4533725.77,2
2025-08-01,ACC0000004071,CUST0002053,LOAN,Kredit Usaha,2024-06-19,ACTIVE,0.00,,0.0668,0.00,0
2025-08-01,ACC0000004281,CUST0002154,LOAN,Kredit Usaha,2024-05-20,ACTIVE,0.00,,0.0708,4124008.03,2
2025-08-01,ACC0000004525,CUST0002274,SAVINGS,Tabungan Rencana,2021-11-09,ACTIVE,45155623.63,,0.1355,1592376.47,2
2025-08-01,ACC0000004869,CUST0002442,SAVINGS,Tabungan Haji,2021-12-11,ACTIVE,35611002.41,,0.1261,-6568019.60,2
2025-08-01,ACC0000005189,CUST0002604,SAVINGS,Tabungan Negara Plus,2022-03-30,ACTIVE,7808252.53,,0.0807,-1295467.96,2
2025-08-01,ACC0000005227,CUST0002623,CREDIT_CARD,Kartu Classic,2022-06-08,ACTIVE,0.00,11481905.11,0.0389,0.00,0
2025-08-01,ACC0000005402,CUST0002711,LOAN,Kredit Kendaraan,2021-04-17,ACTIVE,0.00,,0.1067,529304.15,2
2025-08-01,ACC0000005424,CUST0002721,CREDIT_CARD,Kartu Classic,2024-10-28,DORMANT,0.00,35322921.39,0.092,0.00,0
2025-08-01,ACC0000005452,CUST0002735,SAVINGS,Tabungan Negara Plus,2023-09-18,ACTIVE,38709335.53,,0.0481,-772045.00,1
2025-08-01,ACC0000005499,CUST0002759,SAVINGS,Tabungan Rencana,2022-12-05,ACTIVE,3120183.68,,0.0446,603160.65,1
2025-08-01,ACC0000005542,CUST0002780,SAVINGS,Tabungan Berjangka,2021-06-12,DORMANT,44316686.66,,0.1421,0.00,0
2025-08-01,ACC0000005741,CUST0002880,INVESTMENT,Reksa Dana,2021-06-11,ACTIVE,0.00,,0.0833,4103863.81,2
2025-08-01,ACC0000005778,CUST0002902,INVESTMENT,Deposito,2022-10-12,ACTIVE,0.00,,0.0246,-2674670.05,2
2025-08-01,ACC0000006473,CUST0003252,LOAN,KPR Rumah,2024-08-24,ACTIVE,0.00,,0.0768,3795715.85,1
2025-08-01,ACC0000006656,CUST0003344,INVESTMENT,Reksa Dana,2021-10-03,ACTIVE,0.00,,0.0753,407714.29,1
2025-08-01,ACC0000006962,CUST0003502,LOAN,KPR Rumah,2022-12-01,ACTIVE,0.00,,0.0217,-1489261.12,2
2025-08-01,ACC0000007021,CUST0003531,SAVINGS,Tabungan Negara Plus,2022-04-10,ACTIVE,33587687.50,,0.1441,0.00,0
2025-08-01,ACC0000007054,CUST0003547,SAVINGS,Tabungan Negara Plus,2022-12-31,ACTIVE,1630616.38,,0.0785,1223410.59,2
2025-08-01,ACC0000007676,CUST0003856,INVESTMENT,Obligasi,2022-11-18,ACTIVE,0.00,,0.1096,-307342.15,2
2025-08-01,ACC0000007890,CUST0003967,LOAN,KTA Personal,2023-01-08,CLOSED,0.00,,0.0269,0.00,0
2025-08-01,ACC0000007933,CUST0003986,INVESTMENT,Reksa Dana,2023-03-02,DORMANT,0.00,,0.1476,0.00,0
2025-08-01,ACC0000000030,CUST0000015,INVESTMENT,Obligasi,2022-11-15,ACTIVE,0.00,,0.1458,5909981.12,2
2025-08-01,ACC0000000059,CUST0000031,INVESTMENT,Reksa Dana,2024-07-25,ACTIVE,0.00,,0.0638,-4006221.66,1
2025-08-01,ACC0000000280,CUST0000139,CREDIT_CARD,Kartu Platinum,2023-05-30,ACTIVE,0.00,29881900.30,0.0489,160539.46,1
2025-08-01,ACC0000000494,CUST0000249,SAVINGS,Tabungan Haji,2024-01-30,ACTIVE,48727160.81,,0.0906,-5088913.41,2
2025-08-01,ACC0000000572,CUST0000290,CREDIT_CARD,Kartu Virtual,2023-02-03,ACTIVE,0.00,6567559.65,0.1109,0.00,0
2025-08-01,ACC0000000701,CUST0000348,INVESTMENT,Deposito,2023-01-15,ACTIVE,0.00,,0.1444,3723992.07,1
2025-08-01,ACC0000000798,CUST0000396,INVESTMENT,Obligasi,2022-01-17,ACTIVE,0.00,,0.128,0.00,0
2025-08-01,ACC0000000823,CUST0000409,LOAN,KPR Rumah,2022-01-21,ACTIVE,0.00,,0.1321,0.00,0
2025-08-01,ACC0000001089,CUST0000545,CREDIT_CARD,Kartu Gold,2022-05-23,ACTIVE,0.00,40390316.95,0.0692,-4808669.11,1
2025-08-01,ACC0000001458,CUST0000731,SAVINGS,Tabungan Negara Plus,2023-06-09,ACTIVE,1156864.33,,0.1188,-3892900.38,3
2025-08-01,ACC0000001649,CUST0000832,CREDIT_CARD,Kartu Classic,2022-05-10,ACTIVE,0.00,27292845.45,0.0502,-3098162.37,1
2025-08-01,ACC0000001722,CUST0000869,SAVINGS,Tabungan Negara Plus,2023-01-14,ACTIVE,27676555.48,,0.0366,-4461070.65,1
2025-08-01,ACC0000001875,CUST0000944,CREDIT_CARD,Kartu Platinum,2021-10-08,ACTIVE,0.00,22627779.09,0.1378,0.00,0
2025-08-01,ACC0000002251,CUST0001129,SAVINGS,Tabungan Berjangka,2025-01-05,ACTIVE,3614995.16,,0.0234,-695759.05,2
2025-08-01,ACC0000002698,CUST0001361,SAVINGS,Tabungan Haji,2025-02-25,ACTIVE,29538220.24,,0.0401,-897187.64,3
2025-08-01,ACC0000003104,CUST0001563,CREDIT_CARD,Kartu Virtual,2025-03-07,ACTIVE,0.00,34515175.12,0.0542,-2589355.60,1
2025-08-01,ACC0000003632,CUST0001832,SAVINGS,Tabungan Haji,2024-08-27,ACTIVE,9425391.15,,0.0916,6574190.76,2
2025-08-01,ACC0000003677,CUST0001855,SAVINGS,Tabungan Rencana,2022-01-12,ACTIVE,22622850.70,,0.1344,-2787993.67,2
2025-08-01,ACC0000003857,CUST0001945,LOAN,Kredit Kendaraan,2024-05-11,ACTIVE,0.00,,0.0641,-4581353.52,1
2025-08-01,ACC0000003925,CUST0001979,LOAN,Kredit Usaha,2022-02-07,ACTIVE,0.00,,0.0777,-1869348.51,2
2025-08-01,ACC0000004175,CUST0002103,CREDIT_CARD,Kartu Classic,2024-01-29,ACTIVE,0.00,22925072.89,0.1268,7312806.06,3
2025-08-01,ACC0000004324,CUST0002175,LOAN,Kredit Usaha,2023-06-05,ACTIVE,0.00,,0.0833,-1176351.77,2
2025-08-01,ACC0000004333,CUST0002179,SAVINGS,Tabungan Berjangka,2025-04-17,ACTIVE,582455.13,,0.1464,0.00,0
2025-08-01,ACC0000004577,CUST0002297,SAVINGS,Tabungan Haji,2021-04-26,ACTIVE,37241225.84,,0.0932,2799767.01,1
2025-08-01,ACC0000004848,CUST0002432,SAVINGS,Tabungan Berjangka,2023-06-19,CLOSED,18500640.30,,0.0779,0.00,0
2025-08-01,ACC0000005588,CUST0002804,LOAN,KPR Rumah,2024-11-13,ACTIVE,0.00,,0.1301,-1948135.80,1
2025-08-01,ACC0000005763,CUST0002895,CREDIT_CARD,Kartu Virtual,2022-07-04,DORMANT,0.00,46061916.69,0.0218,0.00,0
2025-08-01,ACC0000005840,CUST0002935,CREDIT_CARD,Kartu Virtual,2023-06-19,ACTIVE,0.00,40932715.33,0.0559,4388520.27,2
2025-08-01,ACC0000006334,CUST0003180,LOAN,KTA Personal,2024-10-19,ACTIVE,0.00,,0.1232,-4543307.52,2
2025-08-01,ACC0000006335,CUST0003180,SAVINGS,Tabungan Haji,2024-07-22,ACTIVE,7742497.01,,0.0852,4388953.23,3
2025-08-01,ACC0000006425,CUST0003230,SAVINGS,Tabungan Berjangka,2023-11-29,ACTIVE,38879742.05,,0.0802,-1322029.47,1
2025-08-01,ACC0000007450,CUST0003743,INVESTMENT,SBN Retail,2024-04-25,ACTIVE,0.00,,0.0491,688946.07,2
2025-08-01,ACC0000007529,CUST0003782,SAVINGS,Tabungan Haji,2023-10-05,DORMANT,28415946.30,,0.0181,0.00,0
2025-08-01,ACC0000007619,CUST0003827,CREDIT_CARD,Kartu Platinum,2021-08-27,ACTIVE,0.00,16066512.56,0.109,-3406480.91,1
2025-08-01,ACC0000007843,CUST0003940,SAVINGS,Tabungan Rencana,2024-06-01,ACTIVE,37113518.21,,0.0337,4328409.83,1
2025-08-01,ACC0000000148,CUST0000074,SAVINGS,Tabungan Haji,2021-08-09,ACTIVE,25411001.82,,0.0158,-3223652.72,1
2025-08-01,ACC0000000596,CUST0000300,CREDIT_CARD,Kartu Virtual,2024-11-10,ACTIVE,0.00,34064222.39,0.0346,2005527.19,1
2025-08-01,ACC0000000781,CUST0000388,CREDIT_CARD,Kartu Platinum,2022-12-27,ACTIVE,0.00,29326594.27,0.033,0.00,0
2025-08-01,ACC0000000902,CUST0000449,INVESTMENT,Obligasi,2024-06-07,ACTIVE,0.00,,0.1266,-3773365.48,2
2025-08-01,ACC0000001144,CUST0000575,CREDIT_CARD,Kartu Virtual,2023-05-20,ACTIVE,0.00,30915937.29,0.1418,3538410.92,1
2025-08-01,ACC0000001157,CUST0000580,CREDIT_CARD,Kartu Virtual,2022-10-08,DORMANT,0.00,42020512.09,0.1436,0.00,0
2025-08-01,ACC0000001235,CUST0000621,SAVINGS,Tabungan Berjangka,2023-06-01,ACTIVE,15838632.07,,0.1319,4984299.04,1
2025-08-01,ACC0000001380,CUST0000693,CREDIT_CARD,Kartu Platinum,2023-05-04,ACTIVE,0.00,22641898.29,0.1123,-4782251.09,1
2025-08-01,ACC0000001409,CUST0000709,INVESTMENT,SBN Retail,2024-07-03,ACTIVE,0.00,,0.0852,-1143892.91,1
2025-08-01,ACC0000001496,CUST0000750,CREDIT_CARD,Kartu Gold,2025-02-24,ACTIVE,0.00,42376939.62,0.0387,-4794485.58,2
2025-08-01,ACC0000002035,CUST0001025,LOAN,KTA Personal,2024-05-27,ACTIVE,0.00,,0.0893,-2297800.95,1
2025-08-01,ACC0000002094,CUST0001055,LOAN,Kredit Usaha,2025-08-01,CLOSED,0.00,,0.1123,0.00,0
2025-08-01,ACC0000002273,CUST0001139,INVESTMENT,SBN Retail,2022-05-09,DORMANT,0.00,,0.0544,0.00,0
2025-08-01,ACC0000002292,CUST0001148,CREDIT_CARD,Kartu Gold,2023-10-02,ACTIVE,0.00,29749877.14,0.1444,-5543887.68,2
2025-08-01,ACC0000002403,CUST0001203,CREDIT_CARD,Kartu Classic,2022-12-05,ACTIVE,0.00,7210145.31,0.0456,-8036571.87,2
2025-08-01,ACC0000002712,CUST0001369,LOAN,Kredit Usaha,2023-07-18,ACTIVE,0.00,,0.1114,3441913.38,2
2025-08-01,ACC0000002777,CUST0001403,SAVINGS,Tabungan Negara Plus,2021-11-20,ACTIVE,30224237.67,,0.0287,2862742.31,1
2025-08-01,ACC0000002821,CUST0001424,CREDIT_CARD,Kartu Gold,2024-01-12,ACTIVE,0.00,36855788.55,0.0354,5514590.33,2
2025-08-01,ACC0000003159,CUST0001592,LOAN,Kredit Kendaraan,2025-02-22,ACTIVE,0.00,,0.0887,1298904.23,1
2025-08-01,ACC0000003229,CUST0001629,SAVINGS,Tabungan Negara Plus,2024-02-06,ACTIVE,1354701.94,,0.0699,5036396.14,2
2025-08-01,ACC0000003368,CUST0001694,INVESTMENT,SBN Retail,2022-01-25,ACTIVE,0.00,,0.1161,-3106037.85,1
2025-08-01,ACC0000003380,CUST0001700,LOAN,KTA Personal,2024-08-17,DORMANT,0.00,,0.0394,0.00,0
2025-08-01,ACC0000003406,CUST0001713,CREDIT_CARD,Kartu Platinum,2022-07-25,SUSPENDED,0.00,26468142.96,0.0946,0.00,0
2025-08-01,ACC0000003549,CUST0001787,CREDIT_CARD,Kartu Virtual,2025-04-04,DORMANT,0.00,7946137.09,0.0882,0.00,0
2025-08-01,ACC0000003584,CUST0001807,CREDIT_CARD,Kartu Classic,2022-01-10,ACTIVE,0.00,37039433.01,0.1286,-3809081.40,2
2025-08-01,ACC0000003700,CUST0001863,LOAN,Kredit Kendaraan,2023-04-15,DORMANT,0.00,,0.0835,0.00,0
2025-08-01,ACC0000003738,CUST0001882,CREDIT_CARD,Kartu Gold,2023-06-10,ACTIVE,0.00,38101326.23,0.0512,-2451326.25,3
2025-08-01,ACC0000004230,CUST0002129,INVESTMENT,SBN Retail,2023-07-06,ACTIVE,0.00,,0.0762,-187309.71,1
2025-08-01,ACC0000004607,CUST0002311,INVESTMENT,Obligasi,2024-11-01,ACTIVE,0.00,,0.1407,-9855828.08,3
2025-08-01,ACC0000004888,CUST0002452,SAVINGS,Tabungan Rencana,2023-03-21,ACTIVE,34301419.40,,0.0446,2434797.39,1
2025-08-01,ACC0000004911,CUST0002464,LOAN,Kredit Kendaraan,2024-05-27,ACTIVE,0.00,,0.0861,-1599961.41,2
2025-08-01,ACC0000005117,CUST0002570,INVESTMENT,Reksa Dana,2025-01-22,ACTIVE,0.00,,0.0477,0.00,0
2025-08-01,ACC0000005263,CUST0002645,INVESTMENT,SBN Retail,2023-12-31,DORMANT,0.00,,0.0255,0.00,0
2025-08-01,ACC0000005276,CUST0002650,SAVINGS,Tabungan Rencana,2024-04-25,ACTIVE,9145527.06,,0.1472,-2865873.56,2
2025-08-01,ACC0000005492,CUST0002756,CREDIT_CARD,Kartu Gold,2022-06-26,DORMANT,0.00,36148405.59,0.0493,0.00,0
2025-08-01,ACC0000005726,CUST0002873,CREDIT_CARD,Kartu Gold,2024-08-13,ACTIVE,0.00,5869972.66,0.0204,-5989175.94,2
2025-08-01,ACC0000006042,CUST0003037,SAVINGS,Tabungan Berjangka,2023-02-02,ACTIVE,19212333.30,,0.1149,-3662128.86,4
2025-08-01,ACC0000006251,CUST0003139,SAVINGS,Tabungan Negara Plus,2024-07-26,ACTIVE,10599454.85,,0.0104,0.00,0
2025-08-01,ACC0000006402,CUST0003217,LOAN,KTA Personal,2022-11-13,ACTIVE,0.00,,0.1128,5293932.22,2
2025-08-01,ACC0000006535,CUST0003281,SAVINGS,Tabungan Berjangka,2024-07-20,CLOSED,33211038.26,,0.1101,0.00,0
2025-08-01,ACC0000006853,CUST0003441,SAVINGS,Tabungan Haji,2024-01-27,ACTIVE,30044511.49,,0.057,9736271.73,2
2025-08-01,ACC0000007094,CUST0003569,INVESTMENT,Reksa Dana,2023-06-12,ACTIVE,0.00,,0.1113,2963446.06,1
2025-08-01,ACC0000007126,CUST0003587,SAVINGS,Tabungan Haji,2023-06-20,SUSPENDED,14772120.90,,0.058,0.00,0
2025-08-01,ACC0000007233,CUST0003640,LOAN,KTA Personal,2023-06-07,ACTIVE,0.00,,0.1298,4336965.44,2
2025-08-01,ACC0000007434,CUST0003735,LOAN,Kredit Usaha,2024-01-13,CLOSED,0.00,,0.112,0.00,0
2025-08-01,ACC0000007725,CUST0003883,CREDIT_CARD,Kartu Platinum,2023-06-19,CLOSED,0.00,7693534.44,0.1483,0.00,0
2025-08-01,ACC0000007864,CUST0003952,CREDIT_CARD,Kartu Platinum,2024-11-06,ACTIVE,0.00,20476050.04,0.0141,0.00,0
2025-08-01,ACC0000007893,CUST0003968,INVESTMENT,Obligasi,2021-07-27,ACTIVE,0.00,,0.0575,-5416840.04,3
2025-08-01,ACC0000000124,CUST0000065,CREDIT_CARD,Kartu Platinum,2024-08-16,ACTIVE,0.00,44198527.73,0.1496,-3291986.35,3
2025-08-01,ACC0000000687,CUST0000341,CREDIT_CARD,Kartu Gold,2021-09-21,ACTIVE,0.00,10647167.59,0.0788,-921574.06,3
2025-08-01,ACC0000000814,CUST0000405,CREDIT_CARD,Kartu Platinum,2021-08-21,ACTIVE,0.00,35925357.01,0.0732,-4090414.35,1
2025-08-01,ACC0000000858,CUST0000426,SAVINGS,Tabungan Rencana,2024-04-01,ACTIVE,25497424.59,,0.0796,-2359552.53,2
2025-08-01,ACC0000000887,CUST0000439,CREDIT_CARD,Kartu Platinum,2025-02-23,CLOSED,0.00,31919410.45,0.0653,0.00,0
2025-08-01,ACC0000000909,CUST0000454,INVESTMENT,SBN Retail,2023-08-29,ACTIVE,0.00,,0.0887,0.00,0
2025-08-01,ACC0000001020,CUST0000510,SAVINGS,Tabungan Haji,2022-02-28,ACTIVE,16736336.96,,0.0166,-1479532.50,1
2025-08-01,ACC0000001027,CUST0000513,LOAN,KTA Personal,2021-06-26,ACTIVE,0.00,,0.0225,4491310.25,1
2025-08-01,ACC0000001155,CUST0000579,CREDIT_CARD,Kartu Platinum,2024-09-03,ACTIVE,0.00,36108734.10,0.103,0.00,0
2025-08-01,ACC0000001190,CUST0000596,INVESTMENT,Obligasi,2023-07-01,ACTIVE,0.00,,0.0322,6595438.28,2
2025-08-01,ACC0000001325,CUST0000666,SAVINGS,Tabungan Rencana,2023-10-28,CLOSED,6720512.90,,0.1029,0.00,0
2025-08-01,ACC0000001363,CUST0000683,LOAN,KPR Rumah,2022-08-24,ACTIVE,0.00,,0.0405,0.00,0
2025-08-01,ACC0000001447,CUST0000727,SAVINGS,Tabungan Berjangka,2021-05-27,ACTIVE,3580766.99,,0.0962,5402140.70,5
2025-08-01,ACC0000001509,CUST0000756,SAVINGS,Tabungan Haji,2024-11-15,ACTIVE,17968562.69,,0.0441,-6434066.89,3
2025-08-01,ACC0000001863,CUST0000938,CREDIT_CARD,Kartu Gold,2023-10-24,ACTIVE,0.00,20103874.13,0.0367,2612612.21,1
2025-08-01,ACC0000002093,CUST0001055,CREDIT_CARD,Kartu Classic,2025-04-08,DORMANT,0.00,40339841.83,0.0541,0.00,0
2025-08-01,ACC0000002464,CUST0001237,CREDIT_CARD,Kartu Platinum,2024-08-10,CLOSED,0.00,6285898.18,0.1442,0.00,0
2025-08-01,ACC0000002617,CUST0001316,SAVINGS,Tabungan Berjangka,2023-06-02,DORMANT,16655894.23,,0.1182,0.00,0
2025-08-01,ACC0000002793,CUST0001409,SAVINGS,Tabungan Rencana,2024-09-27,ACTIVE,19294344.78,,0.0778,-5051751.03,3
2025-08-01,ACC0000003034,CUST0001529,INVESTMENT,Reksa Dana,2022-08-09,SUSPENDED,0.00,,0.1169,0.00,0
2025-08-01,ACC0000003055,CUST0001537,SAVINGS,Tabungan Berjangka,2021-07-24,ACTIVE,29496455.47,,0.0392,0.00,0
2025-08-01,ACC0000003300,CUST0001661,INVESTMENT,Obligasi,2021-11-11,ACTIVE,0.00,,0.1087,2008705.42,3
2025-08-01,ACC0000003596,CUST0001813,CREDIT_CARD,Kartu Classic,2021-12-12,DORMANT,0.00,32872322.76,0.1409,0.00,0
2025-08-01,ACC0000003861,CUST0001947,INVESTMENT,Reksa Dana,2023-09-14,ACTIVE,0.00,,0.0165,-4110167.99,1
2025-08-01,ACC0000003982,CUST0002008,SAVINGS,Tabungan Negara Plus,2021-07-09,ACTIVE,20208166.77,,0.0842,-193959.46,2
2025-08-01,ACC0000004041,CUST0002039,INVESTMENT,Reksa Dana,2023-08-09,CLOSED,0.00,,0.1269,0.00,0
2025-08-01,ACC0000004110,CUST0002071,INVESTMENT,Reksa Dana,2023-05-01,ACTIVE,0.00,,0.1148,-3616933.09,1
2025-08-01,ACC0000004157,CUST0002092,CREDIT_CARD,Kartu Gold,2023-12-04,ACTIVE,0.00,22669904.49,0.0459,0.00,0
2025-08-01,ACC0000004606,CUST0002310,SAVINGS,Tabungan Berjangka,2025-02-14,DORMANT,33260638.87,,0.1249,0.00,0
2025-08-01,ACC0000004634,CUST0002327,INVESTMENT,Reksa Dana,2021-09-14,ACTIVE,0.00,,0.0194,-2585281.65,2
2025-08-01,ACC0000004637,CUST0002328,LOAN,Kredit Usaha,2022-12-29,ACTIVE,0.00,,0.0541,2632349.52,2
2025-08-01,ACC0000004923,CUST0002470,LOAN,KTA Personal,2024-02-19,CLOSED,0.00,,0.0618,0.00,0
2025-08-01,ACC0000005076,CUST0002547,INVESTMENT,SBN Retail,2023-01-07,ACTIVE,0.00,,0.0563,-1359200.32,2
2025-08-01,ACC0000005083,CUST0002550,LOAN,Kredit Usaha,2022-12-20,ACTIVE,0.00,,0.0162,4914606.26,2
2025-08-01,ACC0000005302,CUST0002663,LOAN,Kredit Usaha,2023-06-03,ACTIVE,0.00,,0.0387,-6765522.11,2
2025-08-01,ACC0000005304,CUST0002664,INVESTMENT,Deposito,2021-12-05,ACTIVE,0.00,,0.0259,2582766.62,1
2025-08-01,ACC0000005386,CUST0002704,SAVINGS,Tabungan Berjangka,2024-02-29,ACTIVE,36421409.94,,0.0965,0.00,0
2025-08-01,ACC0000005423,CUST0002721,LOAN,KTA Personal,2024-12-08,ACTIVE,0.00,,0.017,5185145.87,2
2025-08-01,ACC0000005515,CUST0002766,SAVINGS,Tabungan Negara Plus,2021-06-01,ACTIVE,2831902.26,,0.0244,5301752.19,3
2025-08-01,ACC0000005636,CUST0002828,INVESTMENT,Obligasi,2023-02-27,DORMANT,0.00,,0.0129,0.00,0
2025-08-01,ACC0000005861,CUST0002948,CREDIT_CARD,Kartu Virtual,2022-10-27,ACTIVE,0.00,49237391.12,0.0459,4146262.58,3
2025-08-01,ACC0000005884,CUST0002959,CREDIT_CARD,Kartu Gold,2022-11-18,ACTIVE,0.00,47518569.93,0.0951,5380308.73,3
2025-08-01,ACC0000006063,CUST0003049,CREDIT_CARD,Kartu Platinum,2024-07-27,ACTIVE,0.00,29062027.10,0.0893,745441.86,2
2025-08-01,ACC0000006210,CUST0003120,SAVINGS,Tabungan Negara Plus,2023-07-10,ACTIVE,22574170.45,,0.1405,0.00,0
2025-08-01,ACC0000006443,CUST0003237,INVESTMENT,Deposito,2021-02-26,ACTIVE,0.00,,0.1019,3850639.54,1
2025-08-01,ACC0000006516,CUST0003272,SAVINGS,Tabungan Haji,2023-06-08,ACTIVE,34369153.63,,0.102,328891.04,1
2025-08-01,ACC0000006627,CUST0003328,INVESTMENT,Deposito,2024-09-29,ACTIVE,0.00,,0.0963,-4620671.04,1
2025-08-01,ACC0000006709,CUST0003370,SAVINGS,Tabungan Berjangka,2023-11-12,DORMANT,5184121.25,,0.0615,0.00,0
2025-08-01,ACC0000007041,CUST0003540,INVESTMENT,Deposito,2021-05-09,SUSPENDED,0.00,,0.1243,0.00,0
2025-08-01,ACC0000007906,CUST0003976,LOAN,Kredit Kendaraan,2024-03-06,ACTIVE,0.00,,0.1097,0.00,0
2025-08-01,ACC0000007930,CUST0003985,INVESTMENT,SBN Retail,2023-08-07,ACTIVE,0.00,,0.1369,-3189506.36,2
2025-08-01,ACC0000000115,CUST0000060,LOAN,KTA Personal,2023-05-13,CLOSED,0.00,,0.101,0.00,0
2025-08-01,ACC0000000190,CUST0000094,SAVINGS,Tabungan Berjangka,2024-10-22,ACTIVE,38215662.10,,0.086,0.00,0
2025-08-01,ACC0000000411,CUST0000208,SAVINGS,Tabungan Rencana,2024-01-11,ACTIVE,13662310.40,,0.1072,0.00,0
2025-08-01,ACC0000000570,CUST0000288,INVESTMENT,Deposito,2021-08-24,ACTIVE,0.00,,0.0595,1079986.72,1
2025-08-01,ACC0000000625,CUST0000312,CREDIT_CARD,Kartu Virtual,2024-02-29,ACTIVE,0.00,29703750.47,0.0314,-3134471.11,2
2025-08-01,ACC0000000650,CUST0000323,SAVINGS,Tabungan Negara Plus,2021-09-01,DORMANT,49821011.32,,0.0508,0.00,0
2025-08-01,ACC0000001150,CUST0000577,SAVINGS,Tabungan Berjangka,2021-08-11,ACTIVE,39677962.13,,0.1392,-5908962.84,2
2025-08-01,ACC0000001389,CUST0000698,LOAN,Kredit Kendaraan,2022-01-31,ACTIVE,0.00,,0.1345,4995956.03,4
2025-08-01,ACC0000001918,CUST0000964,SAVINGS,Tabungan Rencana,2023-09-17,ACTIVE,46254472.62,,0.1311,4892288.15,1
2025-08-01,ACC0000001940,CUST0000975,SAVINGS,Tabungan Rencana,2023-06-04,ACTIVE,28007019.50,,0.0913,4201602.77,3
2025-08-01,ACC0000002072,CUST0001043,INVESTMENT,SBN Retail,2024-10-27,DORMANT,0.00,,0.0746,0.00,0
2025-08-01,ACC0000002104,CUST0001060,SAVINGS,Tabungan Berjangka,2022-08-25,ACTIVE,18764748.23,,0.0615,-3582072.91,1
2025-08-01,ACC0000002309,CUST0001156,CREDIT_CARD,Kartu Virtual,2025-05-12,ACTIVE,0.00,14669024.45,0.0862,3042767.47,1
2025-08-01,ACC0000002340,CUST0001172,SAVINGS,Tabungan Negara Plus,2024-03-11,ACTIVE,19190956.58,,0.0112,-2195506.60,3
2025-08-01,ACC0000002414,CUST0001211,CREDIT_CARD,Kartu Classic,2024-05-12,ACTIVE,0.00,20078638.79,0.1233,3317112.65,1
2025-08-01,ACC0000002911,CUST0001470,INVESTMENT,Obligasi,2025-03-18,ACTIVE,0.00,,0.0727,-4705559.19,5
2025-08-01,ACC0000003711,CUST0001870,SAVINGS,Tabungan Rencana,2023-12-07,SUSPENDED,36432449.10,,0.0225,0.00,0
2025-08-01,ACC0000003777,CUST0001904,INVESTMENT,SBN Retail,2021-12-05,DORMANT,0.00,,0.0551,0.00,0
2025-08-01,ACC0000003780,CUST0001906,SAVINGS,Tabungan Berjangka,2021-03-02,DORMANT,6601457.41,,0.1362,0.00,0
2025-08-01,ACC0000003901,CUST0001967,LOAN,Kredit Usaha,2025-02-14,ACTIVE,0.00,,0.0285,0.00,0
2025-08-01,ACC0000003909,CUST0001971,INVESTMENT,Obligasi,2022-04-28,DORMANT,0.00,,0.042,0.00,0
2025-08-01,ACC0000003985,CUST0002010,CREDIT_CARD,Kartu Platinum,2021-04-11,ACTIVE,0.00,6673235.48,0.1496,-1719113.13,3
2025-08-01,ACC0000004195,CUST0002114,CREDIT_CARD,Kartu Platinum,2023-02-25,DORMANT,0.00,38710649.65,0.1349,0.00,0
2025-08-01,ACC0000004516,CUST0002269,CREDIT_CARD,Kartu Virtual,2023-11-12,ACTIVE,0.00,29675065.38,0.1453,-1787833.14,2
2025-08-01,ACC0000004591,CUST0002303,LOAN,Kredit Usaha,2024-03-30,CLOSED,0.00,,0.1112,0.00,0
2025-08-01,ACC0000004656,CUST0002338,CREDIT_CARD,Kartu Classic,2025-04-23,ACTIVE,0.00,46989819.39,0.1441,0.00,0
2025-08-01,ACC0000004994,CUST0002504,CREDIT_CARD,Kartu Virtual,2021-08-14,DORMANT,0.00,21987585.13,0.1239,0.00,0
2025-08-01,ACC0000005105,CUST0002562,LOAN,Kredit Kendaraan,2021-12-04,ACTIVE,0.00,,0.0842,-2612346.34,3
2025-08-01,ACC0000005146,CUST0002584,CREDIT_CARD,Kartu Classic,2024-06-24,ACTIVE,0.00,9972869.35,0.0876,0.00,0
2025-08-01,ACC0000005856,CUST0002945,SAVINGS,Tabungan Haji,2021-11-20,ACTIVE,46246630.66,,0.0176,1209495.66,3
2025-08-01,ACC0000005934,CUST0002982,INVESTMENT,Reksa Dana,2024-02-07,ACTIVE,0.00,,0.0276,2254020.87,2
2025-08-01,ACC0000006854,CUST0003442,SAVINGS,Tabungan Rencana,2023-07-17,ACTIVE,14126347.80,,0.1387,-919036.20,3
2025-08-01,ACC0000006864,CUST0003447,CREDIT_CARD,Kartu Gold,2023-09-10,ACTIVE,0.00,36880677.23,0.0328,-3098202.68,5
2025-08-01,ACC0000007260,CUST0003651,SAVINGS,Tabungan Negara Plus,2025-04-01,SUSPENDED,48251426.77,,0.1426,0.00,0
2025-08-01,ACC0000007377,CUST0003709,LOAN,KPR Rumah,2022-12-13,ACTIVE,0.00,,0.0788,7325142.33,2
2025-08-01,ACC0000007465,CUST0003752,LOAN,KTA Personal,2021-08-14,ACTIVE,0.00,,0.014,-4700323.25,1
2025-08-01,ACC0000000193,CUST0000096,CREDIT_CARD,Kartu Platinum,2024-09-23,ACTIVE,0.00,24578342.15,0.0202,-4187699.23,1
2025-08-01,ACC0000000202,CUST0000101,INVESTMENT,Deposito,2022-05-28,CLOSED,0.00,,0.0116,0.00,0
2025-08-01,ACC0000000238,CUST0000120,CREDIT_CARD,Kartu Gold,2025-04-21,ACTIVE,0.00,44975300.44,0.0981,-8698597.68,2
2025-08-01,ACC0000000248,CUST0000124,INVESTMENT,SBN Retail,2022-05-19,ACTIVE,0.00,,0.0219,-846555.33,2
2025-08-01,ACC0000000265,CUST0000131,CREDIT_CARD,Kartu Virtual,2021-07-24,ACTIVE,0.00,36861462.00,0.111,180237.79,2
2025-08-01,ACC0000000307,CUST0000152,INVESTMENT,Deposito,2022-03-22,ACTIVE,0.00,,0.1414,-1796943.17,2
2025-08-01,ACC0000000310,CUST0000154,INVESTMENT,Obligasi,2024-08-13,DORMANT,0.00,,0.1003,0.00,0
2025-08-01,ACC0000000319,CUST0000159,SAVINGS,Tabungan Berjangka,2024-10-16,ACTIVE,10657365.40,,0.0431,-294818.85,3
2025-08-01,ACC0000000488,CUST0000246,SAVINGS,Tabungan Haji,2023-05-28,ACTIVE,4259384.91,,0.0746,-4472766.30,1
2025-08-01,ACC0000000519,CUST0000262,INVESTMENT,Obligasi,2023-05-17,ACTIVE,0.00,,0.0437,5034101.40,3
2025-08-01,ACC0000000614,CUST0000308,INVESTMENT,SBN Retail,2022-11-26,DORMANT,0.00,,0.0292,0.00,0
2025-08-01,ACC0000000690,CUST0000342,CREDIT_CARD,Kartu Platinum,2022-03-10,ACTIVE,0.00,40948742.77,0.0805,0.00,0
2025-08-01,ACC0000001004,CUST0000501,INVESTMENT,Obligasi,2024-12-08,CLOSED,0.00,,0.0546,0.00,0
2025-08-01,ACC0000001043,CUST0000521,INVESTMENT,Deposito,2024-07-04,CLOSED,0.00,,0.0306,0.00,0
2025-08-01,ACC0000001095,CUST0000549,SAVINGS,Tabungan Haji,2021-08-15,ACTIVE,37501632.67,,0.0888,2542531.67,2
2025-08-01,ACC0000001507,CUST0000755,CREDIT_CARD,Kartu Platinum,2022-02-12,ACTIVE,0.00,35666055.60,0.0494,-531713.91,2
2025-08-01,ACC0000001511,CUST0000756,LOAN,KTA Personal,2024-08-30,DORMANT,0.00,,0.1329,0.00,0
2025-08-01,ACC0000001515,CUST0000758,CREDIT_CARD,Kartu Virtual,2021-11-08,ACTIVE,0.00,11586550.07,0.0741,-1191203.38,1
2025-08-01,ACC0000001573,CUST0000790,SAVINGS,Tabungan Haji,2024-02-15,ACTIVE,32651128.29,,0.0461,-3015702.12,2
2025-08-01,ACC0000001625,CUST0000818,SAVINGS,Tabungan Rencana,2023-01-31,ACTIVE,15923610.99,,0.1473,4717019.68,1
2025-08-01,ACC0000002005,CUST0001008,INVESTMENT,Obligasi,2021-10-22,ACTIVE,0.00,,0.03,1586198.99,2
2025-08-01,ACC0000002349,CUST0001176,INVESTMENT,Obligasi,2025-03-15,ACTIVE,0.00,,0.0801,-3805280.97,3
2025-08-01,ACC0000002356,CUST0001179,INVESTMENT,Obligasi,2024-05-20,ACTIVE,0.00,,0.0953,0.00,0
2025-08-01,ACC0000002393,CUST0001199,LOAN,Kredit Kendaraan,2023-09-20,ACTIVE,0.00,,0.0914,-4374711.35,1
2025-08-01,ACC0000002423,CUST0001214,CREDIT_CARD,Kartu Platinum,2022-09-11,ACTIVE,0.00,25667767.87,0.1246,0.00,0
2025-08-01,ACC0000002727,CUST0001378,INVESTMENT,Deposito,2025-05-16,DORMANT,0.00,,0.0404,0.00,0
2025-08-01,ACC0000002729,CUST0001379,CREDIT_CARD,Kartu Classic,2022-03-06,ACTIVE,0.00,6018960.17,0.0778,0.00,0
2025-08-01,ACC0000002982,CUST0001502,CREDIT_CARD,Kartu Classic,2021-10-08,ACTIVE,0.00,24995959.41,0.1133,3430270.80,1
2025-08-01,ACC0000003000,CUST0001512,SAVINGS,Tabungan Haji,2023-09-02,ACTIVE,10054500.38,,0.1281,0.00,0
2025-08-01,ACC0000003120,CUST0001573,INVESTMENT,Deposito,2023-08-13,ACTIVE,0.00,,0.0737,-4973469.59,1
2025-08-01,ACC0000003231,CUST0001629,LOAN,KTA Personal,2024-02-25,SUSPENDED,0.00,,0.1,0.00,0
2025-08-01,ACC0000003347,CUST0001684,INVESTMENT,Reksa Dana,2021-10-12,ACTIVE,0.00,,0.0653,2842161.15,3
2025-08-01,ACC0000003804,CUST0001920,SAVINGS,Tabungan Haji,2022-01-06,ACTIVE,23315758.29,,0.1275,0.00,0
2025-08-01,ACC0000004086,CUST0002059,CREDIT_CARD,Kartu Virtual,2022-01-29,CLOSED,0.00,15955593.59,0.0186,0.00,0
2025-08-01,ACC0000004321,CUST0002173,LOAN,KPR Rumah,2024-12-26,ACTIVE,0.00,,0.029,-8135388.04,4
2025-08-01,ACC0000004524,CUST0002274,INVESTMENT,SBN Retail,2021-09-29,ACTIVE,0.00,,0.0187,2219163.56,1
2025-08-01,ACC0000004735,CUST0002375,LOAN,Kredit Usaha,2021-06-02,ACTIVE,0.00,,0.0263,-3042216.42,2
2025-08-01,ACC0000004852,CUST0002434,CREDIT_CARD,Kartu Classic,2024-08-02,DORMANT,0.00,27842361.58,0.0265,0.00,0
2025-08-01,ACC0000005057,CUST0002535,INVESTMENT,Reksa Dana,2023-01-30,ACTIVE,0.00,,0.1045,2818996.57,2
2025-08-01,ACC0000005305,CUST0002664,SAVINGS,Tabungan Berjangka,2022-03-16,CLOSED,42008796.26,,0.1417,0.00,0
2025-08-01,ACC0000005988,CUST0003009,INVESTMENT,Reksa Dana,2023-04-12,ACTIVE,0.00,,0.0273,3973074.44,4
2025-08-01,ACC0000006214,CUST0003122,SAVINGS,Tabungan Negara Plus,2024-10-10,DORMANT,25789839.70,,0.1191,0.00,0
2025-08-01,ACC0000006228,CUST0003129,LOAN,Kredit Usaha,2022-12-08,ACTIVE,0.00,,0.032,0.00,0
2025-08-01,ACC0000006264,CUST0003146,SAVINGS,Tabungan Rencana,2023-06-23,ACTIVE,21597291.71,,0.0458,543608.84,1
2025-08-01,ACC0000006480,CUST0003255,LOAN,KPR Rumah,2024-08-23,ACTIVE,0.00,,0.0538,11578823.56,3
2025-08-01,ACC0000006988,CUST0003516,CREDIT_CARD,Kartu Classic,2023-10-25,CLOSED,0.00,34196568.98,0.113,0.00,0
2025-08-01,ACC0000007183,CUST0003615,SAVINGS,Tabungan Rencana,2021-11-07,CLOSED,1999150.33,,0.0152,0.00,0
2025-08-01,ACC0000007442,CUST0003739,CREDIT_CARD,Kartu Virtual,2023-11-07,DORMANT,0.00,25976777.09,0.0145,0.00,0
2025-08-01,ACC0000007761,CUST0003901,CREDIT_CARD,Kartu Platinum,2024-02-12,DORMANT,0.00,43156368.24,0.0766,0.00,0
2025-08-01,ACC0000000167,CUST0000083,LOAN,Kredit Usaha,2023-07-13,ACTIVE,0.00,,0.0173,0.00,0
2025-08-01,ACC0000000547,CUST0000276,LOAN,KPR Rumah,2023-05-06,DORMANT,0.00,,0.0879,0.00,0
2025-08-01,ACC0000000635,CUST0000317,SAVINGS,Tabungan Negara Plus,2024-11-12,ACTIVE,25061324.69,,0.0229,1405432.01,3
2025-08-01,ACC0000000722,CUST0000358,SAVINGS,Tabungan Berjangka,2024-08-09,ACTIVE,41870210.22,,0.1141,0.00,0
2025-08-01,ACC0000000997,CUST0000498,LOAN,Kredit Kendaraan,2021-11-29,ACTIVE,0.00,,0.0845,5905972.57,3
2025-08-01,ACC0000001250,CUST0000628,LOAN,KPR Rumah,2023-02-10,ACTIVE,0.00,,0.0344,-7821261.21,3
2025-08-01,ACC0000001752,CUST0000884,INVESTMENT,SBN Retail,2025-03-21,CLOSED,0.00,,0.1142,0.00,0
2025-08-01,ACC0000001985,CUST0000998,LOAN,KPR Rumah,2022-01-17,ACTIVE,0.00,,0.1062,1510693.40,1
2025-08-01,ACC0000002827,CUST0001426,CREDIT_CARD,Kartu Virtual,2023-08-24,DORMANT,0.00,49861303.48,0.1068,0.00,0
2025-08-01,ACC0000003094,CUST0001557,INVESTMENT,Reksa Dana,2024-12-24,ACTIVE,0.00,,0.0827,0.00,0
2025-08-01,ACC0000003312,CUST0001666,SAVINGS,Tabungan Haji,2023-12-19,ACTIVE,12714708.41,,0.0293,-3094776.18,3
2025-08-01,ACC0000003979,CUST0002007,LOAN,KPR Rumah,2023-11-03,ACTIVE,0.00,,0.0949,0.00,0
2025-08-01,ACC0000003983,CUST0002009,LOAN,KTA Personal,2025-05-07,ACTIVE,0.00,,0.0231,5090631.36,4
2025-08-01,ACC0000004343,CUST0002183,SAVINGS,Tabungan Haji,2025-01-10,ACTIVE,34313141.45,,0.0612,-1345807.93,1
2025-08-01,ACC0000004375,CUST0002200,INVESTMENT,Reksa Dana,2022-03-17,CLOSED,0.00,,0.0335,0.00,0
2025-08-01,ACC0000004709,CUST0002365,CREDIT_CARD,Kartu Platinum,2022-07-10,ACTIVE,0.00,21246536.13,0.0275,-3257655.43,1
2025-08-01,ACC0000005029,CUST0002522,CREDIT_CARD,Kartu Classic,2023-04-02,ACTIVE,0.00,39389750.18,0.1234,-4895742.83,2
2025-08-01,ACC0000005157,CUST0002588,CREDIT_CARD,Kartu Platinum,2022-05-19,DORMANT,0.00,46791622.43,0.0408,0.00,0
2025-08-01,ACC0000005494,CUST0002757,CREDIT_CARD,Kartu Gold,2021-02-24,DORMANT,0.00,7422315.29,0.0692,0.00,0
2025-08-01,ACC0000005578,CUST0002798,LOAN,KPR Rumah,2022-09-28,ACTIVE,0.00,,0.1021,11765354.00,3
2025-08-01,ACC0000005748,CUST0002885,LOAN,Kredit Kendaraan,2023-08-31,ACTIVE,0.00,,0.0116,-4247249.46,2
2025-08-01,ACC0000005766,CUST0002896,SAVINGS,Tabungan Berjangka,2023-05-30,ACTIVE,12537679.10,,0.0686,2680687.25,2
2025-08-01,ACC0000006498,CUST0003264,SAVINGS,Tabungan Haji,2022-01-18,ACTIVE,26747974.38,,0.0958,-5551889.27,6
2025-08-01,ACC0000006630,CUST0003329,INVESTMENT,Obligasi,2023-02-09,ACTIVE,0.00,,0.1015,-239404.61,1
2025-08-01,ACC0000006693,CUST0003362,CREDIT_CARD,Kartu Classic,2024-03-30,ACTIVE,0.00,46558386.92,0.0397,3197469.33,2
2025-08-01,ACC0000007092,CUST0003568,CREDIT_CARD,Kartu Virtual,2022-11-21,SUSPENDED,0.00,45432826.54,0.1068,0.00,0
2025-08-01,ACC0000007150,CUST0003600,LOAN,Kredit Usaha,2023-03-21,ACTIVE,0.00,,0.028,-711065.93,1
2025-08-01,ACC0000007273,CUST0003658,INVESTMENT,Reksa Dana,2023-01-28,CLOSED,0.00,,0.0256,0.00,0
2025-08-01,ACC0000007329,CUST0003684,INVESTMENT,Reksa Dana,2021-08-08,ACTIVE,0.00,,0.0385,6277292.23,3
2025-08-01,ACC0000007451,CUST0003744,CREDIT_CARD,Kartu Virtual,2024-07-14,ACTIVE,0.00,8674095.20,0.1285,-3363979.55,2
2025-08-01,ACC0000007522,CUST0003779,LOAN,Kredit Usaha,2023-06-09,ACTIVE,0.00,,0.0919,7085292.83,2
2025-08-01,ACC0000007814,CUST0003927,LOAN,Kredit Kendaraan,2021-05-28,ACTIVE,0.00,,0.0576,3816886.23,1
2025-08-01,ACC0000000399,CUST0000202,INVESTMENT,SBN Retail,2021-11-26,ACTIVE,0.00,,0.1253,1399857.58,1
2025-08-01,ACC0000000546,CUST0000275,SAVINGS,Tabungan Haji,2025-01-24,ACTIVE,39649864.96,,0.1384,0.00,0
2025-08-01,ACC0000001081,CUST0000540,SAVINGS,Tabungan Rencana,2022-09-11,ACTIVE,386072.04,,0.0461,4463531.63,2
2025-08-01,ACC0000001148,CUST0000576,LOAN,Kredit Kendaraan,2022-08-10,ACTIVE,0.00,,0.0861,-4984476.22,2
2025-08-01,ACC0000001264,CUST0000636,INVESTMENT,Obligasi,2024-02-25,ACTIVE,0.00,,0.0446,-6617023.55,2
2025-08-01,ACC0000001275,CUST0000642,INVESTMENT,Reksa Dana,2022-01-30,ACTIVE,0.00,,0.1267,-5031081.99,2
2025-08-01,ACC0000001481,CUST0000742,LOAN,KTA Personal,2024-10-18,ACTIVE,0.00,,0.09,3656617.15,2
2025-08-01,ACC0000001609,CUST0000810,INVESTMENT,Reksa Dana,2021-10-16,ACTIVE,0.00,,0.068,1968233.12,5
2025-08-01,ACC0000001633,CUST0000823,INVESTMENT,Obligasi,2022-03-04,ACTIVE,0.00,,0.1105,-3284877.25,2
2025-08-01,ACC0000001977,CUST0000995,SAVINGS,Tabungan Haji,2021-02-26,ACTIVE,39813004.33,,0.0582,-3790002.30,3
2025-08-01,ACC0000002065,CUST0001039,INVESTMENT,Reksa Dana,2022-02-11,DORMANT,0.00,,0.0392,0.00,0
2025-08-01,ACC0000002183,CUST0001098,LOAN,KTA Personal,2022-09-20,ACTIVE,0.00,,0.0866,1180286.24,2
2025-08-01,ACC0000002518,CUST0001264,CREDIT_CARD,Kartu Virtual,2024-10-31,ACTIVE,0.00,32649277.69,0.0203,-834869.39,2
2025-08-01,ACC0000003199,CUST0001612,CREDIT_CARD,Kartu Platinum,2021-12-03,ACTIVE,0.00,15574118.77,0.1,-3410843.36,3
2025-08-01,ACC0000003313,CUST0001666,CREDIT_CARD,Kartu Platinum,2023-12-10,ACTIVE,0.00,14646568.61,0.1201,464725.20,2
2025-08-01,ACC0000003548,CUST0001787,INVESTMENT,Obligasi,2025-04-16,ACTIVE,0.00,,0.146,2125364.56,1
2025-08-01,ACC0000003550,CUST0001788,LOAN,Kredit Kendaraan,2022-11-07,ACTIVE,0.00,,0.0868,-4858294.03,1
2025-08-01,ACC0000003666,CUST0001850,CREDIT_CARD,Kartu Platinum,2022-03-05,ACTIVE,0.00,42629753.55,0.1189,-3908005.77,2
2025-08-01,ACC0000003855,CUST0001945,INVESTMENT,Reksa Dana,2024-07-18,ACTIVE,0.00,,0.0102,0.00,0
2025-08-01,ACC0000004113,CUST0002072,INVESTMENT,Obligasi,2024-06-28,SUSPENDED,0.00,,0.0738,0.00,0
2025-08-01,ACC0000004426,CUST0002222,LOAN,KTA Personal,2023-08-19,ACTIVE,0.00,,0.0765,41346.93,2
2025-08-01,ACC0000004492,CUST0002255,INVESTMENT,SBN Retail,2025-03-13,ACTIVE,0.00,,0.1336,0.00,0
2025-08-01,ACC0000004549,CUST0002284,SAVINGS,Tabungan Berjangka,2021-08-24,ACTIVE,46593180.31,,0.0829,6251100.08,3
2025-08-01,ACC0000005020,CUST0002517,CREDIT_CARD,Kartu Platinum,2024-10-17,CLOSED,0.00,33733887.03,0.0522,0.00,0
2025-08-01,ACC0000005349,CUST0002685,INVESTMENT,Reksa Dana,2023-06-01,ACTIVE,0.00,,0.1291,-4803283.70,1
2025-08-01,ACC0000005426,CUST0002722,LOAN,Kredit Usaha,2021-07-25,ACTIVE,0.00,,0.0706,231893.82,3
2025-08-01,ACC0000005507,CUST0002762,LOAN,Kredit Usaha,2023-03-29,ACTIVE,0.00,,0.138,2609797.08,2
2025-08-01,ACC0000006108,CUST0003068,INVESTMENT,SBN Retail,2023-05-12,ACTIVE,0.00,,0.1488,1356849.81,1
2025-08-01,ACC0000006132,CUST0003082,CREDIT_CARD,Kartu Platinum,2021-04-24,ACTIVE,0.00,41382321.12,0.1226,6464204.24,2
2025-08-01,ACC0000006241,CUST0003135,LOAN,Kredit Kendaraan,2025-05-06,ACTIVE,0.00,,0.149,1739482.23,4
2025-08-01,ACC0000006495,CUST0003262,CREDIT_CARD,Kartu Classic,2021-04-06,ACTIVE,0.00,45646131.22,0.1068,818883.77,1
2025-08-01,ACC0000006546,CUST0003286,SAVINGS,Tabungan Berjangka,2024-11-27,ACTIVE,1838169.66,,0.0588,-182601.43,1
2025-08-01,ACC0000006722,CUST0003376,LOAN,Kredit Usaha,2022-07-27,DORMANT,0.00,,0.1051,0.00,0
2025-08-01,ACC0000007060,CUST0003551,CREDIT_CARD,Kartu Classic,2021-05-24,ACTIVE,0.00,17125436.65,0.117,-1954743.73,2
2025-08-01,ACC0000007130,CUST0003589,SAVINGS,Tabungan Rencana,2025-01-14,DORMANT,8442705.64,,0.0389,0.00,0
2025-08-01,ACC0000007467,CUST0003752,CREDIT_CARD,Kartu Gold,2021-08-26,ACTIVE,0.00,12067838.66,0.0952,0.00,0
2025-08-01,ACC0000007646,CUST0003842,INVESTMENT,Obligasi,2025-03-23,ACTIVE,0.00,,0.0266,3014270.37,2
2025-08-01,ACC0000007931,CUST0003985,INVESTMENT,Reksa Dana,2023-10-26,ACTIVE,0.00,,0.0273,124394.97,3
2025-08-01,ACC0000000031,CUST0000016,SAVINGS,Tabungan Negara Plus,2021-12-25,ACTIVE,15790970.76,,0.0154,-4725733.09,1
2025-08-01,ACC0000000852,CUST0000423,CREDIT_CARD,Kartu Virtual,2023-09-21,ACTIVE,0.00,24778154.34,0.0411,-1106868.27,2
2025-08-01,ACC0000000907,CUST0000453,CREDIT_CARD,Kartu Virtual,2022-12-24,ACTIVE,0.00,11774780.24,0.0588,713497.76,2
2025-08-01,ACC0000001108,CUST0000554,SAVINGS,Tabungan Haji,2022-03-27,ACTIVE,9229522.96,,0.0793,-4294567.10,2
2025-08-01,ACC0000001110,CUST0000554,LOAN,KTA Personal,2022-03-15,ACTIVE,0.00,,0.1084,-3326276.46,1
2025-08-01,ACC0000001306,CUST0000658,CREDIT_CARD,Kartu Classic,2024-01-14,ACTIVE,0.00,11701097.74,0.101,153146.81,2
2025-08-01,ACC0000001307,CUST0000658,INVESTMENT,SBN Retail,2023-12-26,ACTIVE,0.00,,0.0192,0.00,0
2025-08-01,ACC0000001332,CUST0000669,SAVINGS,Tabungan Negara Plus,2024-12-17,DORMANT,2621798.91,,0.1161,0.00,0
2025-08-01,ACC0000001378,CUST0000692,CREDIT_CARD,Kartu Platinum,2023-11-26,ACTIVE,0.00,33613675.37,0.1293,-8153774.60,3
2025-08-01,ACC0000001545,CUST0000776,CREDIT_CARD,Kartu Virtual,2021-10-16,ACTIVE,0.00,10465971.96,0.1408,-3543119.02,2
2025-08-01,ACC0000001561,CUST0000783,LOAN,Kredit Usaha,2024-11-23,ACTIVE,0.00,,0.1131,-824925.59,2
2025-08-01,ACC0000001589,CUST0000799,INVESTMENT,SBN Retail,2022-10-08,ACTIVE,0.00,,0.0534,-4625822.15,3
2025-08-01,ACC0000001659,CUST0000836,INVESTMENT,Deposito,2022-07-02,ACTIVE,0.00,,0.1329,4804290.95,1
2025-08-01,ACC0000001700,CUST0000858,LOAN,Kredit Usaha,2023-01-26,ACTIVE,0.00,,0.1058,1662087.18,1
2025-08-01,ACC0000002009,CUST0001010,LOAN,Kredit Kendaraan,2023-06-26,ACTIVE,0.00,,0.0253,-2692121.58,1
2025-08-01,ACC0000002032,CUST0001023,INVESTMENT,Obligasi,2021-10-18,ACTIVE,0.00,,0.08,-2870126.94,1
2025-08-01,ACC0000002509,CUST0001260,LOAN,KTA Personal,2024-01-07,ACTIVE,0.00,,0.1342,-4758655.08,1
2025-08-01,ACC0000002715,CUST0001371,LOAN,KTA Personal,2022-08-15,ACTIVE,0.00,,0.0969,0.00,0
2025-08-01,ACC0000002723,CUST0001376,LOAN,KTA Personal,2025-04-15,ACTIVE,0.00,,0.0484,-1813694.23,1
2025-08-01,ACC0000002733,CUST0001381,CREDIT_CARD,Kartu Virtual,2022-08-21,ACTIVE,0.00,6110631.57,0.0646,4838547.93,2
2025-08-01,ACC0000003150,CUST0001586,CREDIT_CARD,Kartu Classic,2023-11-09,ACTIVE,0.00,11631554.74,0.0897,0.00,0
2025-08-01,ACC0000003243,CUST0001636,SAVINGS,Tabungan Rencana,2025-01-24,ACTIVE,22972674.99,,0.1375,-2819020.03,1
2025-08-01,ACC0000003413,CUST0001716,SAVINGS,Tabungan Rencana,2022-08-12,ACTIVE,424259.29,,0.0985,-1876706.41,1
2025-08-01,ACC0000003529,CUST0001775,INVESTMENT,Deposito,2022-02-25,ACTIVE,0.00,,0.1039,0.00,0
2025-08-01,ACC0000003602,CUST0001816,LOAN,KTA Personal,2024-12-01,ACTIVE,0.00,,0.096,6731826.90,2
2025-08-01,ACC0000003655,CUST0001845,INVESTMENT,Deposito,2025-01-18,DORMANT,0.00,,0.1376,0.00,0
2025-08-01,ACC0000003900,CUST0001967,SAVINGS,Tabungan Negara Plus,2025-04-05,ACTIVE,43925363.59,,0.0511,2284609.83,3
2025-08-01,ACC0000004111,CUST0002072,INVESTMENT,Obligasi,2024-07-01,ACTIVE,0.00,,0.1309,-4663259.58,3
2025-08-01,ACC0000004169,CUST0002100,LOAN,KPR Rumah,2025-02-03,ACTIVE,0.00,,0.0644,-2811647.67,1
2025-08-01,ACC0000004215,CUST0002123,INVESTMENT,Deposito,2022-04-15,ACTIVE,0.00,,0.0986,-1688243.63,1
2025-08-01,ACC0000004317,CUST0002171,LOAN,KPR Rumah,2023-12-26,ACTIVE,0.00,,0.1433,0.00,0
2025-08-01,ACC0000004683,CUST0002349,LOAN,KTA Personal,2025-04-12,CLOSED,0.00,,0.1158,0.00,0
2025-08-01,ACC0000005011,CUST0002512,INVESTMENT,Deposito,2023-04-21,ACTIVE,0.00,,0.0649,-2538738.71,1
2025-08-01,ACC0000005033,CUST0002523,INVESTMENT,Reksa Dana,2023-04-03,ACTIVE,0.00,,0.054,1781913.47,1
2025-08-01,ACC0000005107,CUST0002563,LOAN,Kredit Kendaraan,2023-11-02,ACTIVE,0.00,,0.0232,2511649.50,1
2025-08-01,ACC0000006732,CUST0003381,INVESTMENT,SBN Retail,2025-01-02,ACTIVE,0.00,,0.1007,0.00,0
2025-08-01,ACC0000006865,CUST0003448,INVESTMENT,SBN Retail,2022-09-29,ACTIVE,0.00,,0.1436,4200368.43,3
2025-08-01,ACC0000007256,CUST0003649,CREDIT_CARD,Kartu Classic,2024-06-26,ACTIVE,0.00,22328862.28,0.0795,0.00,0
2025-08-01,ACC0000000020,CUST0000011,SAVINGS,Tabungan Negara Plus,2021-04-29,CLOSED,2713293.02,,0.1077,0.00,0
2025-08-01,ACC0000000454,CUST0000230,INVESTMENT,Deposito,2025-04-22,ACTIVE,0.00,,0.1158,434281.20,2
2025-08-01,ACC0000000589,CUST0000297,INVESTMENT,Deposito,2022-11-08,ACTIVE,0.00,,0.1212,672364.21,1
2025-08-01,ACC0000000709,CUST0000352,CREDIT_CARD,Kartu Virtual,2022-04-01,ACTIVE,0.00,12049374.38,0.0629,-2944014.55,4
2025-08-01,ACC0000000762,CUST0000377,CREDIT_CARD,Kartu Virtual,2023-08-19,ACTIVE,0.00,16772637.86,0.0269,-3240005.74,4
2025-08-01,ACC0000000799,CUST0000397,INVESTMENT,Deposito,2021-06-30,DORMANT,0.00,,0.1491,0.00,0
2025-08-01,ACC0000000812,CUST0000404,LOAN,KTA Personal,2022-07-29,ACTIVE,0.00,,0.1238,0.00,0
2025-08-01,ACC0000001092,CUST0000548,SAVINGS,Tabungan Rencana,2022-12-08,DORMANT,39907032.49,,0.0987,0.00,0
2025-08-01,ACC0000001572,CUST0000790,SAVINGS,Tabungan Rencana,2024-05-13,ACTIVE,37143098.06,,0.1249,-3234742.09,1
2025-08-01,ACC0000001618,CUST0000815,INVESTMENT,Obligasi,2022-05-23,ACTIVE,0.00,,0.1069,0.00,0
2025-08-01,ACC0000001677,CUST0000845,INVESTMENT,SBN Retail,2025-01-18,ACTIVE,0.00,,0.071,5950808.96,2
2025-08-01,ACC0000001714,CUST0000866,LOAN,Kredit Kendaraan,2024-05-01,ACTIVE,0.00,,0.0815,1501806.14,2
2025-08-01,ACC0000001867,CUST0000939,SAVINGS,Tabungan Berjangka,2023-07-12,ACTIVE,45136461.70,,0.0326,-1687725.59,2
2025-08-01,ACC0000002034,CUST0001025,LOAN,KPR Rumah,2024-04-19,SUSPENDED,0.00,,0.0344,0.00,0
2025-08-01,ACC0000002243,CUST0001125,SAVINGS,Tabungan Haji,2022-03-17,ACTIVE,34794298.60,,0.1031,3318080.61,2
2025-08-01,ACC0000002298,CUST0001151,SAVINGS,Tabungan Negara Plus,2024-08-18,SUSPENDED,6742262.83,,0.0339,0.00,0
2025-08-01,ACC0000002331,CUST0001169,SAVINGS,Tabungan Berjangka,2023-03-14,ACTIVE,18400344.85,,0.1023,-3648213.31,1
2025-08-01,ACC0000002369,CUST0001187,LOAN,Kredit Kendaraan,2024-04-01,SUSPENDED,0.00,,0.0367,0.00,0
2025-08-01,ACC0000002380,CUST0001192,SAVINGS,Tabungan Berjangka,2022-11-29,ACTIVE,224992.59,,0.1095,-3452050.21,1
2025-08-01,ACC0000002596,CUST0001305,INVESTMENT,Deposito,2021-12-21,ACTIVE,0.00,,0.0997,0.00,0
2025-08-01,ACC0000003073,CUST0001547,LOAN,KPR Rumah,2022-01-14,ACTIVE,0.00,,0.0941,483540.76,2
2025-08-01,ACC0000003098,CUST0001559,LOAN,KPR Rumah,2023-08-25,ACTIVE,0.00,,0.0414,-1166079.42,4
2025-08-01,ACC0000003580,CUST0001804,SAVINGS,Tabungan Rencana,2025-01-03,ACTIVE,14947211.05,,0.0529,-3268484.75,3
2025-08-01,ACC0000003611,CUST0001821,LOAN,Kredit Usaha,2023-03-06,ACTIVE,0.00,,0.1214,4037091.26,2
2025-08-01,ACC0000003929,CUST0001982,LOAN,Kredit Usaha,2024-04-29,CLOSED,0.00,,0.0607,0.00,0
2025-08-01,ACC0000004047,CUST0002042,SAVINGS,Tabungan Rencana,2021-10-15,ACTIVE,26399853.30,,0.1443,0.00,0
2025-08-01,ACC0000004448,CUST0002234,SAVINGS,Tabungan Haji,2022-11-29,ACTIVE,23476534.00,,0.119,-91981.53,2
2025-08-01,ACC0000004505,CUST0002263,SAVINGS,Tabungan Rencana,2022-12-21,ACTIVE,47800335.94,,0.0345,-7605540.25,4
2025-08-01,ACC0000005026,CUST0002521,INVESTMENT,Obligasi,2021-10-01,ACTIVE,0.00,,0.1361,974975.12,1
2025-08-01,ACC0000005046,CUST0002528,LOAN,KPR Rumah,2023-09-07,ACTIVE,0.00,,0.0868,923470.08,2
2025-08-01,ACC0000005097,CUST0002559,INVESTMENT,SBN Retail,2024-01-10,ACTIVE,0.00,,0.1106,-4959895.85,2
2025-08-01,ACC0000005673,CUST0002846,INVESTMENT,Reksa Dana,2021-07-17,SUSPENDED,0.00,,0.1225,0.00,0
2025-08-01,ACC0000005721,CUST0002870,SAVINGS,Tabungan Rencana,2022-01-10,ACTIVE,21688516.45,,0.0254,-969231.64,1
2025-08-01,ACC0000005870,CUST0002952,CREDIT_CARD,Kartu Virtual,2022-11-29,ACTIVE,0.00,20129441.78,0.0386,0.00,0
2025-08-01,ACC0000006060,CUST0003047,CREDIT_CARD,Kartu Platinum,2021-09-13,ACTIVE,0.00,26588405.98,0.0668,0.00,0
2025-08-01,ACC0000006393,CUST0003213,CREDIT_CARD,Kartu Classic,2024-01-29,ACTIVE,0.00,23405078.90,0.1121,4502921.31,2
2025-08-01,ACC0000006662,CUST0003346,INVESTMENT,Deposito,2022-05-31,ACTIVE,0.00,,0.1132,3199892.28,1
2025-08-01,ACC0000006989,CUST0003517,SAVINGS,Tabungan Negara Plus,2023-03-11,ACTIVE,38244074.09,,0.024,-3091822.78,3
2025-08-01,ACC0000007146,CUST0003598,CREDIT_CARD,Kartu Virtual,2022-04-29,ACTIVE,0.00,40874319.03,0.0263,-2871167.48,1
2025-08-01,ACC0000007208,CUST0003626,INVESTMENT,Reksa Dana,2021-11-02,ACTIVE,0.00,,0.1421,4010400.78,2
2025-08-01,ACC0000007546,CUST0003790,LOAN,Kredit Usaha,2022-06-28,ACTIVE,0.00,,0.1304,-1299290.98,2
2025-08-01,ACC0000000019,CUST0000010,LOAN,KPR Rumah,2023-02-21,CLOSED,0.00,,0.0626,0.00,0
2025-08-01,ACC0000000028,CUST0000014,INVESTMENT,Reksa Dana,2024-01-22,ACTIVE,0.00,,0.0511,1747179.30,2
2025-08-01,ACC0000000226,CUST0000113,INVESTMENT,SBN Retail,2021-06-30,ACTIVE,0.00,,0.0467,-7030485.05,2
2025-08-01,ACC0000000306,CUST0000151,INVESTMENT,Deposito,2024-03-22,ACTIVE,0.00,,0.0779,0.00,0
2025-08-01,ACC0000000421,CUST0000212,SAVINGS,Tabungan Haji,2021-11-24,ACTIVE,1812497.11,,0.0184,0.00,0
2025-08-01,ACC0000000729,CUST0000362,SAVINGS,Tabungan Negara Plus,2022-09-29,DORMANT,34014436.64,,0.065,0.00,0
2025-08-01,ACC0000000761,CUST0000377,LOAN,Kredit Kendaraan,2023-05-14,CLOSED,0.00,,0.0757,0.00,0
2025-08-01,ACC0000000877,CUST0000435,LOAN,Kredit Usaha,2024-02-12,ACTIVE,0.00,,0.0444,-2479805.97,5
2025-08-01,ACC0000001106,CUST0000553,SAVINGS,Tabungan Rencana,2023-12-19,ACTIVE,43705058.09,,0.1064,-1589254.25,3
2025-08-01,ACC0000001833,CUST0000922,CREDIT_CARD,Kartu Platinum,2022-04-09,SUSPENDED,0.00,47864867.85,0.1159,0.00,0
2025-08-01,ACC0000001959,CUST0000985,INVESTMENT,SBN Retail,2023-02-13,ACTIVE,0.00,,0.0794,-2828826.71,3
2025-08-01,ACC0000002341,CUST0001173,LOAN,KPR Rumah,2023-09-14,ACTIVE,0.00,,0.0575,-3095377.54,1
2025-08-01,ACC0000002451,CUST0001230,SAVINGS,Tabungan Negara Plus,2023-10-18,ACTIVE,22410874.93,,0.0657,-8410122.93,4
2025-08-01,ACC0000002585,CUST0001299,SAVINGS,Tabungan Negara Plus,2024-08-19,ACTIVE,39619524.30,,0.082,5569283.41,2
2025-08-01,ACC0000003017,CUST0001520,CREDIT_CARD,Kartu Gold,2023-12-31,ACTIVE,0.00,45914677.51,0.0394,-763728.75,2
2025-08-01,ACC0000003152,CUST0001588,CREDIT_CARD,Kartu Platinum,2021-10-29,SUSPENDED,0.00,39565804.99,0.0384,0.00,0
2025-08-01,ACC0000003582,CUST0001806,SAVINGS,Tabungan Berjangka,2022-11-05,ACTIVE,32760083.85,,0.1078,-2546891.60,1
2025-08-01,ACC0000003825,CUST0001929,LOAN,Kredit Kendaraan,2022-11-28,ACTIVE,0.00,,0.1233,-8182775.45,4
2025-08-01,ACC0000003872,CUST0001952,CREDIT_CARD,Kartu Gold,2021-11-16,ACTIVE,0.00,44179145.24,0.1473,3256675.80,4
2025-08-01,ACC0000004201,CUST0002117,INVESTMENT,Deposito,2021-05-18,CLOSED,0.00,,0.0199,0.00,0
2025-08-01,ACC0000004210,CUST0002121,CREDIT_CARD,Kartu Gold,2022-09-01,ACTIVE,0.00,40518927.04,0.1178,1819014.37,1
2025-08-01,ACC0000004602,CUST0002308,CREDIT_CARD,Kartu Classic,2023-12-08,ACTIVE,0.00,34117730.27,0.1477,521977.16,1
2025-08-01,ACC0000004823,CUST0002420,LOAN,Kredit Kendaraan,2024-03-19,ACTIVE,0.00,,0.0976,9496951.15,5
2025-08-01,ACC0000004868,CUST0002441,LOAN,Kredit Kendaraan,2021-05-06,ACTIVE,0.00,,0.0824,-3555739.52,1
2025-08-01,ACC0000004963,CUST0002489,LOAN,Kredit Kendaraan,2021-12-28,ACTIVE,0.00,,0.1257,1132300.24,2
2025-08-01,ACC0000005506,CUST0002762,LOAN,Kredit Kendaraan,2023-02-26,ACTIVE,0.00,,0.0879,0.00,0
2025-08-01,ACC0000005632,CUST0002827,CREDIT_CARD,Kartu Platinum,2023-11-07,ACTIVE,0.00,43403904.22,0.1234,-1130285.44,2
2025-08-01,ACC0000006213,CUST0003121,SAVINGS,Tabungan Rencana,2021-03-08,ACTIVE,40597050.55,,0.02,-2787201.34,4
2025-08-01,ACC0000006437,CUST0003235,INVESTMENT,SBN Retail,2024-05-03,ACTIVE,0.00,,0.0691,1382470.86,2
2025-08-01,ACC0000006562,CUST0003295,INVESTMENT,SBN Retail,2025-04-17,ACTIVE,0.00,,0.146,4506707.14,1
2025-08-01,ACC0000006563,CUST0003295,INVESTMENT,Obligasi,2025-01-29,ACTIVE,0.00,,0.0339,5048488.26,3
2025-08-01,ACC0000007370,CUST0003705,SAVINGS,Tabungan Negara Plus,2023-04-07,ACTIVE,13993213.16,,0.0963,-4531742.94,2
2025-08-01,ACC0000007555,CUST0003795,SAVINGS,Tabungan Negara Plus,2021-05-09,ACTIVE,1054286.47,,0.0136,-970048.44,1
2025-08-01,ACC0000007633,CUST0003836,INVESTMENT,Reksa Dana,2022-06-20,ACTIVE,0.00,,0.1486,-7999246.53,3
2025-08-01,ACC0000007914,CUST0003979,CREDIT_CARD,Kartu Virtual,2021-12-08,ACTIVE,0.00,40788381.26,0.1424,-1150255.85,1
2025-08-01,ACC0000000252,CUST0000126,SAVINGS,Tabungan Negara Plus,2021-09-27,ACTIVE,27124273.68,,0.0196,0.00,0
2025-08-01,ACC0000000261,CUST0000130,SAVINGS,Tabungan Negara Plus,2023-12-28,ACTIVE,26606124.16,,0.0907,8381337.10,2
2025-08-01,ACC0000000295,CUST0000147,INVESTMENT,Deposito,2023-10-01,ACTIVE,0.00,,0.0262,4848503.89,1
2025-08-01,ACC0000000328,CUST0000163,LOAN,KPR Rumah,2023-04-09,ACTIVE,0.00,,0.1481,1493304.61,1
2025-08-01,ACC0000000524,CUST0000263,INVESTMENT,Obligasi,2024-07-04,ACTIVE,0.00,,0.148,281126.24,3
2025-08-01,ACC0000000643,CUST0000320,SAVINGS,Tabungan Berjangka,2022-11-04,ACTIVE,20417042.83,,0.1057,192336.32,2
2025-08-01,ACC0000000760,CUST0000377,LOAN,KTA Personal,2023-07-20,ACTIVE,0.00,,0.1427,4227076.65,1
2025-08-01,ACC0000000802,CUST0000398,SAVINGS,Tabungan Negara Plus,2022-06-01,ACTIVE,12593346.97,,0.1096,-2108139.17,1
2025-08-01,ACC0000001169,CUST0000586,INVESTMENT,Reksa Dana,2022-09-25,CLOSED,0.00,,0.1122,0.00,0
2025-08-01,ACC0000001214,CUST0000608,CREDIT_CARD,Kartu Classic,2022-02-08,ACTIVE,0.00,12567101.06,0.0189,0.00,0
2025-08-01,ACC0000001494,CUST0000749,INVESTMENT,SBN Retail,2021-06-13,DORMANT,0.00,,0.1173,0.00,0
2025-08-01,ACC0000001993,CUST0001002,LOAN,KTA Personal,2025-01-10,ACTIVE,0.00,,0.0495,2911598.33,2
2025-08-01,ACC0000001996,CUST0001004,SAVINGS,Tabungan Haji,2023-09-13,CLOSED,10942051.97,,0.1206,0.00,0
2025-08-01,ACC0000002079,CUST0001047,CREDIT_CARD,Kartu Platinum,2022-12-17,ACTIVE,0.00,35329665.89,0.131,0.00,0
2025-08-01,ACC0000002421,CUST0001213,SAVINGS,Tabungan Berjangka,2022-07-22,ACTIVE,3956722.56,,0.1214,0.00,0
2025-08-01,ACC0000002831,CUST0001429,INVESTMENT,Obligasi,2024-08-29,ACTIVE,0.00,,0.0164,-4822926.09,1
2025-08-01,ACC0000003164,CUST0001594,SAVINGS,Tabungan Negara Plus,2025-05-02,DORMANT,40562491.98,,0.0348,0.00,0
2025-08-01,ACC0000003210,CUST0001619,CREDIT_CARD,Kartu Platinum,2022-09-14,ACTIVE,0.00,31343441.51,0.0705,1250747.95,2
2025-08-01,ACC0000003265,CUST0001646,SAVINGS,Tabungan Haji,2024-10-14,DORMANT,4133534.28,,0.0108,0.00,0
2025-08-01,ACC0000003278,CUST0001652,LOAN,Kredit Usaha,2022-09-12,DORMANT,0.00,,0.1294,0.00,0
2025-08-01,ACC0000003414,CUST0001716,SAVINGS,Tabungan Haji,2022-08-05,ACTIVE,42176229.36,,0.0884,1417248.15,2
2025-08-01,ACC0000003829,CUST0001931,CREDIT_CARD,Kartu Virtual,2023-09-01,ACTIVE,0.00,48843135.27,0.1383,-7326608.75,4
2025-08-01,ACC0000004026,CUST0002030,INVESTMENT,Reksa Dana,2024-12-17,CLOSED,0.00,,0.0421,0.00,0
2025-08-01,ACC0000004180,CUST0002106,CREDIT_CARD,Kartu Virtual,2022-08-01,ACTIVE,0.00,44312931.49,0.076,-9034264.53,3
2025-08-01,ACC0000004420,CUST0002219,LOAN,KTA Personal,2024-01-06,ACTIVE,0.00,,0.1314,-1212940.64,3
2025-08-01,ACC0000004436,CUST0002227,SAVINGS,Tabungan Berjangka,2024-12-06,ACTIVE,4663698.38,,0.0393,-5246391.62,2
2025-08-01,ACC0000005236,CUST0002631,INVESTMENT,SBN Retail,2023-01-15,ACTIVE,0.00,,0.0569,1738332.88,3
2025-08-01,ACC0000005638,CUST0002829,LOAN,KPR Rumah,2024-09-30,ACTIVE,0.00,,0.041,2392473.82,2
2025-08-01,ACC0000005642,CUST0002832,CREDIT_CARD,Kartu Platinum,2022-08-27,ACTIVE,0.00,6138224.28,0.1412,-4594565.18,1
2025-08-01,ACC0000005890,CUST0002962,SAVINGS,Tabungan Rencana,2024-12-02,ACTIVE,7793483.99,,0.1147,-4721113.46,1
2025-08-01,ACC0000005905,CUST0002968,LOAN,Kredit Kendaraan,2023-02-05,ACTIVE,0.00,,0.0103,-501603.85,1
2025-08-01,ACC0000005970,CUST0002999,SAVINGS,Tabungan Rencana,2023-10-17,ACTIVE,21742169.93,,0.1411,2811520.86,4
2025-08-01,ACC0000006154,CUST0003092,INVESTMENT,Reksa Dana,2024-09-24,CLOSED,0.00,,0.0231,0.00,0
2025-08-01,ACC0000006293,CUST0003160,LOAN,Kredit Usaha,2023-11-10,ACTIVE,0.00,,0.1251,282349.22,1
2025-08-01,ACC0000006397,CUST0003215,LOAN,KTA Personal,2023-03-19,ACTIVE,0.00,,0.0889,3323283.93,2
2025-08-01,ACC0000006499,CUST0003264,SAVINGS,Tabungan Berjangka,2022-02-09,CLOSED,47183276.35,,0.0701,0.00,0
2025-08-01,ACC0000006723,CUST0003377,SAVINGS,Tabungan Berjangka,2025-04-09,ACTIVE,35255094.18,,0.0836,1685399.66,2
2025-08-01,ACC0000007097,CUST0003571,INVESTMENT,Deposito,2023-11-13,ACTIVE,0.00,,0.048,0.00,0
2025-08-01,ACC0000007343,CUST0003690,SAVINGS,Tabungan Rencana,2022-08-24,ACTIVE,17838057.17,,0.0267,-5051546.79,3
2025-08-01,ACC0000000032,CUST0000016,SAVINGS,Tabungan Haji,2021-10-27,ACTIVE,1741073.80,,0.0806,6186587.06,2
2025-08-01,ACC0000000182,CUST0000089,INVESTMENT,Deposito,2024-04-13,DORMANT,0.00,,0.038,0.00,0
2025-08-01,ACC0000000217,CUST0000109,LOAN,KPR Rumah,2025-04-07,ACTIVE,0.00,,0.1082,752105.12,1
2025-08-01,ACC0000000322,CUST0000160,SAVINGS,Tabungan Negara Plus,2024-11-22,ACTIVE,38237128.18,,0.0961,4711899.12,1
2025-08-01,ACC0000000336,CUST0000169,LOAN,Kredit Kendaraan,2022-06-20,ACTIVE,0.00,,0.0302,-6540371.05,2
2025-08-01,ACC0000000526,CUST0000264,SAVINGS,Tabungan Rencana,2025-02-24,ACTIVE,31914190.04,,0.0842,5042777.78,2
2025-08-01,ACC0000000748,CUST0000371,CREDIT_CARD,Kartu Classic,2024-09-01,ACTIVE,0.00,37863800.15,0.1372,-3856593.72,1
2025-08-01,ACC0000001338,CUST0000672,SAVINGS,Tabungan Negara Plus,2025-04-13,ACTIVE,4603454.08,,0.1281,438558.53,1
2025-08-01,ACC0000001419,CUST0000716,CREDIT_CARD,Kartu Gold,2023-09-22,CLOSED,0.00,21265624.33,0.0429,0.00,0
2025-08-01,ACC0000001779,CUST0000897,LOAN,Kredit Kendaraan,2024-03-29,CLOSED,0.00,,0.0607,0.00,0
2025-08-01,ACC0000001876,CUST0000945,CREDIT_CARD,Kartu Gold,2022-10-20,ACTIVE,0.00,40637024.42,0.0661,-3560669.95,2
2025-08-01,ACC0000002123,CUST0001068,INVESTMENT,Reksa Dana,2022-06-05,CLOSED,0.00,,0.0677,0.00,0
2025-08-01,ACC0000002337,CUST0001171,LOAN,Kredit Kendaraan,2021-05-29,ACTIVE,0.00,,0.0123,0.00,0
2025-08-01,ACC0000002539,CUST0001276,LOAN,Kredit Kendaraan,2021-05-20,ACTIVE,0.00,,0.0645,0.00,0
2025-08-01,ACC0000002592,CUST0001303,LOAN,KTA Personal,2024-08-07,ACTIVE,0.00,,0.0261,-3523447.83,1
2025-08-01,ACC0000002789,CUST0001408,SAVINGS,Tabungan Haji,2022-06-28,ACTIVE,6824051.33,,0.0905,-426593.44,2
2025-08-01,ACC0000003052,CUST0001536,INVESTMENT,Obligasi,2022-08-08,ACTIVE,0.00,,0.0348,-478026.62,1
2025-08-01,ACC0000003101,CUST0001561,INVESTMENT,Obligasi,2023-03-07,SUSPENDED,0.00,,0.0622,0.00,0
2025-08-01,ACC0000003306,CUST0001664,INVESTMENT,Reksa Dana,2021-06-13,ACTIVE,0.00,,0.1446,-5534224.46,5
2025-08-01,ACC0000003593,CUST0001812,LOAN,Kredit Usaha,2024-01-31,ACTIVE,0.00,,0.0887,3601278.36,1
2025-08-01,ACC0000003684,CUST0001857,LOAN,KPR Rumah,2021-08-09,ACTIVE,0.00,,0.0684,11699894.34,3
2025-08-01,ACC0000003845,CUST0001940,INVESTMENT,Deposito,2024-07-13,CLOSED,0.00,,0.0573,0.00,0
2025-08-01,ACC0000003915,CUST0001975,SAVINGS,Tabungan Rencana,2024-07-29,ACTIVE,42495614.23,,0.035,-969305.77,1
2025-08-01,ACC0000003986,CUST0002011,SAVINGS,Tabungan Haji,2021-05-16,ACTIVE,45471994.72,,0.1452,-1274432.56,1
2025-08-01,ACC0000004100,CUST0002067,INVESTMENT,Obligasi,2021-05-25,DORMANT,0.00,,0.1156,0.00,0
2025-08-01,ACC0000004284,CUST0002155,LOAN,KTA Personal,2023-10-24,DORMANT,0.00,,0.1483,0.00,0
2025-08-01,ACC0000004371,CUST0002199,CREDIT_CARD,Kartu Gold,2022-08-01,ACTIVE,0.00,42095480.05,0.0851,0.00,0
2025-08-01,ACC0000004442,CUST0002230,SAVINGS,Tabungan Berjangka,2022-08-03,ACTIVE,45901481.15,,0.1013,3192118.27,1
2025-08-01,ACC0000004519,CUST0002271,CREDIT_CARD,Kartu Virtual,2023-09-28,ACTIVE,0.00,42029184.83,0.1019,2415902.37,3
2025-08-01,ACC0000004548,CUST0002283,SAVINGS,Tabungan Rencana,2024-08-10,ACTIVE,44590694.03,,0.116,0.00,0
2025-08-01,ACC0000005018,CUST0002516,INVESTMENT,SBN Retail,2023-03-29,CLOSED,0.00,,0.0924,0.00,0
2025-08-01,ACC0000005278,CUST0002651,SAVINGS,Tabungan Rencana,2022-07-11,ACTIVE,33644907.90,,0.1144,-1903995.03,3
2025-08-01,ACC0000005315,CUST0002668,INVESTMENT,Reksa Dana,2023-03-09,DORMANT,0.00,,0.0122,0.00,0
2025-08-01,ACC0000005367,CUST0002694,INVESTMENT,Obligasi,2023-09-10,CLOSED,0.00,,0.0186,0.00,0
2025-08-01,ACC0000005603,CUST0002813,SAVINGS,Tabungan Haji,2023-01-30,ACTIVE,25355229.93,,0.1019,5017004.77,3
2025-08-01,ACC0000005999,CUST0003016,CREDIT_CARD,Kartu Virtual,2023-12-01,ACTIVE,0.00,15666198.74,0.1028,0.00,0
2025-08-01,ACC0000006070,CUST0003051,LOAN,Kredit Kendaraan,2021-07-17,ACTIVE,0.00,,0.0703,-1867175.27,1
2025-08-01,ACC0000006168,CUST0003099,CREDIT_CARD,Kartu Virtual,2023-09-19,ACTIVE,0.00,23810832.14,0.1378,430007.59,2
2025-08-01,ACC0000006633,CUST0003331,LOAN,Kredit Usaha,2024-05-19,ACTIVE,0.00,,0.1078,-424779.41,1
2025-08-01,ACC0000006725,CUST0003378,CREDIT_CARD,Kartu Virtual,2024-09-17,ACTIVE,0.00,26222832.87,0.0918,-6512813.81,2
2025-08-01,ACC0000006845,CUST0003437,INVESTMENT,Obligasi,2021-08-28,ACTIVE,0.00,,0.0869,4195960.57,1
2025-08-01,ACC0000007331,CUST0003685,CREDIT_CARD,Kartu Classic,2024-04-28,ACTIVE,0.00,16908623.41,0.0306,-125891.25,1
2025-08-01,ACC0000007471,CUST0003754,SAVINGS,Tabungan Berjangka,2022-06-17,ACTIVE,25164494.89,,0.081,4965613.40,1
2025-08-01,ACC0000007686,CUST0003861,LOAN,KTA Personal,2023-05-06,ACTIVE,0.00,,0.1474,1145769.43,1
2025-08-01,ACC0000007727,CUST0003884,LOAN,KPR Rumah,2025-05-06,ACTIVE,0.00,,0.1342,0.00,0
2025-08-01,ACC0000007829,CUST0003933,CREDIT_CARD,Kartu Gold,2023-12-01,ACTIVE,0.00,8512978.63,0.0385,0.00,0
2025-08-01,ACC0000000084,CUST0000044,LOAN,KPR Rumah,2024-11-10,ACTIVE,0.00,,0.0644,0.00,0
2025-08-01,ACC0000000387,CUST0000195,LOAN,KTA Personal,2022-11-28,ACTIVE,0.00,,0.1492,-1688127.25,3
2025-08-01,ACC0000000472,CUST0000239,INVESTMENT,Reksa Dana,2022-02-18,DORMANT,0.00,,0.0561,0.00,0
2025-08-01,ACC0000000785,CUST0000390,INVESTMENT,SBN Retail,2025-02-26,CLOSED,0.00,,0.0925,0.00,0
2025-08-01,ACC0000001028,CUST0000513,LOAN,Kredit Kendaraan,2021-05-19,ACTIVE,0.00,,0.0502,4162506.59,4
2025-08-01,ACC0000001224,CUST0000615,CREDIT_CARD,Kartu Platinum,2024-06-09,DORMANT,0.00,31994658.94,0.057,0.00,0
2025-08-01,ACC0000001670,CUST0000843,INVESTMENT,SBN Retail,2023-07-18,ACTIVE,0.00,,0.0959,-4140447.47,1
2025-08-01,ACC0000001705,CUST0000861,LOAN,KTA Personal,2023-04-17,ACTIVE,0.00,,0.0158,3602162.50,1
2025-08-01,ACC0000001847,CUST0000929,LOAN,KPR Rumah,2024-06-25,DORMANT,0.00,,0.0168,0.00,0
2025-08-01,ACC0000001895,CUST0000954,LOAN,Kredit Kendaraan,2024-02-14,DORMANT,0.00,,0.1074,0.00,0
2025-08-01,ACC0000001944,CUST0000978,CREDIT_CARD,Kartu Gold,2022-06-08,ACTIVE,0.00,46816317.18,0.0583,-4682511.38,1
2025-08-01,ACC0000002272,CUST0001139,LOAN,Kredit Kendaraan,2022-06-28,ACTIVE,0.00,,0.115,4941153.08,1
2025-08-01,ACC0000002500,CUST0001255,SAVINGS,Tabungan Rencana,2024-02-28,ACTIVE,48412737.64,,0.0209,-3240284.71,2
2025-08-01,ACC0000002645,CUST0001333,LOAN,KTA Personal,2023-08-21,ACTIVE,0.00,,0.0575,-5633540.70,3
2025-08-01,ACC0000002806,CUST0001416,INVESTMENT,Deposito,2022-09-19,ACTIVE,0.00,,0.0779,6223689.64,2
2025-08-01,ACC0000002952,CUST0001488,SAVINGS,Tabungan Negara Plus,2023-09-20,ACTIVE,19626320.83,,0.141,0.00,0
2025-08-01,ACC0000003461,CUST0001740,INVESTMENT,Deposito,2022-06-12,ACTIVE,0.00,,0.1464,1680894.11,3
2025-08-01,ACC0000003544,CUST0001784,INVESTMENT,Obligasi,2024-08-16,ACTIVE,0.00,,0.0865,-4861671.44,1
2025-08-01,ACC0000003789,CUST0001911,CREDIT_CARD,Kartu Classic,2021-11-17,ACTIVE,0.00,44471724.45,0.0559,-1680283.69,1
2025-08-01,ACC0000003833,CUST0001933,INVESTMENT,SBN Retail,2024-01-03,ACTIVE,0.00,,0.1157,10913589.71,5
2025-08-01,ACC0000003910,CUST0001972,CREDIT_CARD,Kartu Classic,2021-12-06,ACTIVE,0.00,24177339.76,0.0891,1905168.96,3
2025-08-01,ACC0000004243,CUST0002135,CREDIT_CARD,Kartu Platinum,2021-04-26,ACTIVE,0.00,26388498.86,0.0852,467390.91,2
2025-08-01,ACC0000004382,CUST0002202,LOAN,Kredit Usaha,2023-07-23,DORMANT,0.00,,0.0668,0.00,0
2025-08-01,ACC0000004550,CUST0002285,SAVINGS,Tabungan Haji,2023-03-15,ACTIVE,41899546.81,,0.0875,0.00,0
2025-08-01,ACC0000004662,CUST0002340,LOAN,KTA Personal,2022-09-13,ACTIVE,0.00,,0.0578,10128903.09,4
2025-08-01,ACC0000005175,CUST0002597,LOAN,KTA Personal,2021-10-20,CLOSED,0.00,,0.0413,0.00,0
2025-08-01,ACC0000005256,CUST0002641,SAVINGS,Tabungan Negara Plus,2025-02-10,CLOSED,7576472.66,,0.0441,0.00,0
2025-08-01,ACC0000005533,CUST0002775,CREDIT_CARD,Kartu Virtual,2023-09-17,SUSPENDED,0.00,42724665.45,0.0936,0.00,0
2025-08-01,ACC0000005783,CUST0002906,INVESTMENT,Reksa Dana,2024-09-15,ACTIVE,0.00,,0.15,587962.93,3
2025-08-01,ACC0000005953,CUST0002992,INVESTMENT,Obligasi,2021-09-24,ACTIVE,0.00,,0.1022,12063569.84,3
2025-08-01,ACC0000005996,CUST0003013,INVESTMENT,Obligasi,2022-11-15,ACTIVE,0.00,,0.0219,-1301246.61,1
2025-08-01,ACC0000006308,CUST0003166,INVESTMENT,Deposito,2023-07-30,ACTIVE,0.00,,0.0177,0.00,0
2025-08-01,ACC0000006326,CUST0003176,LOAN,KTA Personal,2023-11-06,SUSPENDED,0.00,,0.135,0.00,0
2025-08-01,ACC0000006511,CUST0003270,INVESTMENT,Reksa Dana,2021-08-28,ACTIVE,0.00,,0.1121,3556274.24,1
2025-08-01,ACC0000006773,CUST0003402,INVESTMENT,Deposito,2023-08-08,ACTIVE,0.00,,0.0427,-1360235.69,2
2025-08-01,ACC0000007116,CUST0003582,LOAN,Kredit Usaha,2021-08-27,CLOSED,0.00,,0.1099,0.00,0
2025-08-01,ACC0000007152,CUST0003601,SAVINGS,Tabungan Berjangka,2024-11-02,ACTIVE,7669535.55,,0.0628,245538.29,1
2025-08-01,ACC0000007395,CUST0003719,CREDIT_CARD,Kartu Platinum,2023-10-26,ACTIVE,0.00,45053289.21,0.1139,664237.63,2
2025-08-01,ACC0000007772,CUST0003907,LOAN,Kredit Kendaraan,2022-06-17,DORMANT,0.00,,0.1002,0.00,0
2025-08-01,ACC0000007777,CUST0003909,INVESTMENT,Obligasi,2022-04-22,ACTIVE,0.00,,0.0409,4744520.48,3
2025-08-01,ACC0000000026,CUST0000013,INVESTMENT,Obligasi,2024-01-22,ACTIVE,0.00,,0.0773,-4128123.41,1
2025-08-01,ACC0000000049,CUST0000026,LOAN,KTA Personal,2021-06-24,ACTIVE,0.00,,0.1127,-1951530.01,3
2025-08-01,ACC0000000157,CUST0000079,INVESTMENT,Obligasi,2022-02-09,ACTIVE,0.00,,0.0894,-2074091.49,3
2025-08-01,ACC0000000342,CUST0000172,INVESTMENT,Reksa Dana,2022-04-04,ACTIVE,0.00,,0.0328,3992963.64,1
2025-08-01,ACC0000000491,CUST0000247,LOAN,KTA Personal,2024-06-14,ACTIVE,0.00,,0.0365,7358802.42,5
2025-08-01,ACC0000000731,CUST0000363,LOAN,Kredit Kendaraan,2021-12-10,ACTIVE,0.00,,0.0688,3823014.51,1
2025-08-01,ACC0000001230,CUST0000618,CREDIT_CARD,Kartu Virtual,2021-12-13,ACTIVE,0.00,40141110.39,0.0481,0.00,0
2025-08-01,ACC0000001281,CUST0000645,INVESTMENT,Obligasi,2025-04-08,ACTIVE,0.00,,0.127,-3713990.62,2
2025-08-01,ACC0000001569,CUST0000787,LOAN,Kredit Usaha,2021-11-13,DORMANT,0.00,,0.0473,0.00,0
2025-08-01,ACC0000001575,CUST0000791,SAVINGS,Tabungan Berjangka,2024-10-13,ACTIVE,49280091.02,,0.0129,0.00,0
2025-08-01,ACC0000001684,CUST0000848,LOAN,KPR Rumah,2023-01-07,ACTIVE,0.00,,0.0799,-3482874.37,1
2025-08-01,ACC0000001721,CUST0000869,LOAN,KTA Personal,2023-01-17,ACTIVE,0.00,,0.0684,-287221.79,2
2025-08-01,ACC0000002084,CUST0001051,SAVINGS,Tabungan Haji,2022-12-12,ACTIVE,45998814.90,,0.0175,0.00,0
2025-08-01,ACC0000002310,CUST0001156,SAVINGS,Tabungan Negara Plus,2025-03-10,ACTIVE,43918655.28,,0.0294,-3129345.20,1
2025-08-01,ACC0000002342,CUST0001173,LOAN,KTA Personal,2023-12-07,ACTIVE,0.00,,0.1291,2982415.11,1
2025-08-01,ACC0000002415,CUST0001211,CREDIT_CARD,Kartu Platinum,2024-05-27,ACTIVE,0.00,17690549.76,0.1215,565823.96,2
2025-08-01,ACC0000002556,CUST0001285,INVESTMENT,SBN Retail,2023-11-08,ACTIVE,0.00,,0.0643,-4727184.42,1
2025-08-01,ACC0000002629,CUST0001325,INVESTMENT,Deposito,2024-08-12,ACTIVE,0.00,,0.1196,458325.15,1
2025-08-01,ACC0000002651,CUST0001335,INVESTMENT,Deposito,2022-03-21,ACTIVE,0.00,,0.0538,0.00,0
2025-08-01,ACC0000002862,CUST0001447,SAVINGS,Tabungan Rencana,2023-08-11,ACTIVE,15871109.71,,0.0381,3981063.08,3
2025-08-01,ACC0000003904,CUST0001969,CREDIT_CARD,Kartu Classic,2021-10-07,ACTIVE,0.00,40725544.02,0.0648,-1986789.59,2
2025-08-01,ACC0000004023,CUST0002029,LOAN,Kredit Usaha,2024-05-27,ACTIVE,0.00,,0.1022,0.00,0
2025-08-01,ACC0000004303,CUST0002163,SAVINGS,Tabungan Rencana,2024-10-09,ACTIVE,5333111.16,,0.0817,0.00,0
2025-08-01,ACC0000004314,CUST0002169,SAVINGS,Tabungan Haji,2023-11-29,ACTIVE,31056969.71,,0.129,4706636.07,1
2025-08-01,ACC0000004346,CUST0002185,LOAN,Kredit Usaha,2022-09-27,ACTIVE,0.00,,0.129,6461289.04,3
2025-08-01,ACC0000004410,CUST0002214,LOAN,Kredit Usaha,2023-02-03,ACTIVE,0.00,,0.0873,-1757715.37,1
2025-08-01,ACC0000004813,CUST0002416,LOAN,Kredit Usaha,2024-02-07,CLOSED,0.00,,0.0606,0.00,0
2025-08-01,ACC0000004829,CUST0002424,SAVINGS,Tabungan Berjangka,2025-03-23,ACTIVE,29511240.89,,0.0824,0.00,0
2025-08-01,ACC0000005054,CUST0002533,SAVINGS,Tabungan Rencana,2023-08-01,CLOSED,31276102.27,,0.0943,0.00,0
2025-08-01,ACC0000005181,CUST0002599,CREDIT_CARD,Kartu Virtual,2023-10-03,ACTIVE,0.00,11860838.42,0.1284,3018380.31,3
2025-08-01,ACC0000005324,CUST0002672,LOAN,KTA Personal,2023-08-12,ACTIVE,0.00,,0.0516,3932267.01,2
2025-08-01,ACC0000005331,CUST0002675,SAVINGS,Tabungan Berjangka,2022-03-24,ACTIVE,35968570.19,,0.0992,1834180.50,1
2025-08-01,ACC0000005333,CUST0002676,CREDIT_CARD,Kartu Classic,2024-02-28,ACTIVE,0.00,48062285.76,0.0473,-1617512.73,1
2025-08-01,ACC0000005569,CUST0002793,SAVINGS,Tabungan Haji,2024-01-03,ACTIVE,21104469.65,,0.0228,2389442.34,3
2025-08-01,ACC0000005868,CUST0002952,LOAN,KTA Personal,2022-11-10,CLOSED,0.00,,0.0764,0.00,0
2025-08-01,ACC0000006433,CUST0003233,INVESTMENT,Reksa Dana,2023-05-28,ACTIVE,0.00,,0.0207,4914082.77,1
2025-08-01,ACC0000006712,CUST0003372,INVESTMENT,Deposito,2024-09-19,ACTIVE,0.00,,0.0822,1146434.99,5
2025-08-01,ACC0000006880,CUST0003456,CREDIT_CARD,Kartu Gold,2024-05-17,ACTIVE,0.00,42618041.52,0.0428,3951054.20,1
2025-08-01,ACC0000006932,CUST0003484,CREDIT_CARD,Kartu Virtual,2022-05-13,ACTIVE,0.00,35122425.46,0.1009,-3613842.95,2
2025-08-01,ACC0000007102,CUST0003573,SAVINGS,Tabungan Haji,2022-10-09,ACTIVE,14353813.90,,0.0804,-6543404.32,3
2025-08-01,ACC0000007582,CUST0003809,LOAN,KTA Personal,2025-01-27,ACTIVE,0.00,,0.1108,0.00,0
2025-08-01,ACC0000007627,CUST0003831,INVESTMENT,Deposito,2024-09-11,SUSPENDED,0.00,,0.1215,0.00,0
2025-08-01,ACC0000007834,CUST0003936,INVESTMENT,SBN Retail,2022-04-19,ACTIVE,0.00,,0.1082,0.00,0
2025-08-01,ACC0000000282,CUST0000140,LOAN,KPR Rumah,2022-04-03,ACTIVE,0.00,,0.0184,0.00,0
2025-08-01,ACC0000000383,CUST0000192,LOAN,Kredit Kendaraan,2023-10-27,ACTIVE,0.00,,0.0919,0.00,0
2025-08-01,ACC0000000431,CUST0000217,CREDIT_CARD,Kartu Gold,2021-08-10,SUSPENDED,0.00,26022981.59,0.0746,0.00,0
2025-08-01,ACC0000000805,CUST0000399,INVESTMENT,Obligasi,2022-08-05,ACTIVE,0.00,,0.1022,-5281825.32,2
2025-08-01,ACC0000000809,CUST0000402,CREDIT_CARD,Kartu Platinum,2022-09-20,DORMANT,0.00,30845672.36,0.0267,0.00,0
2025-08-01,ACC0000001374,CUST0000689,LOAN,KTA Personal,2022-10-19,ACTIVE,0.00,,0.1298,3301405.90,1
2025-08-01,ACC0000001423,CUST0000717,SAVINGS,Tabungan Berjangka,2022-01-25,ACTIVE,11207312.23,,0.0565,0.00,0
2025-08-01,ACC0000001542,CUST0000775,SAVINGS,Tabungan Berjangka,2023-12-29,CLOSED,40454669.77,,0.0623,0.00,0
2025-08-01,ACC0000001922,CUST0000965,SAVINGS,Tabungan Negara Plus,2024-03-21,ACTIVE,7394785.33,,0.0292,-7525325.53,5
2025-08-01,ACC0000001931,CUST0000970,INVESTMENT,SBN Retail,2025-01-19,SUSPENDED,0.00,,0.0744,0.00,0
2025-08-01,ACC0000002254,CUST0001130,LOAN,KTA Personal,2021-03-15,ACTIVE,0.00,,0.0578,1909865.01,1
2025-08-01,ACC0000002495,CUST0001253,CREDIT_CARD,Kartu Virtual,2024-08-12,ACTIVE,0.00,35376742.94,0.0639,-715092.53,1
2025-08-01,ACC0000002755,CUST0001392,CREDIT_CARD,Kartu Virtual,2021-10-23,ACTIVE,0.00,26049944.27,0.0858,-4933957.90,1
2025-08-01,ACC0000002835,CUST0001432,SAVINGS,Tabungan Haji,2023-09-30,ACTIVE,23728022.00,,0.0958,0.00,0
2025-08-01,ACC0000002850,CUST0001440,INVESTMENT,Reksa Dana,2023-05-22,ACTIVE,0.00,,0.0285,0.00,0
2025-08-01,ACC0000002861,CUST0001446,INVESTMENT,SBN Retail,2023-07-28,ACTIVE,0.00,,0.0118,469081.46,1
2025-08-01,ACC0000003387,CUST0001703,LOAN,Kredit Usaha,2025-02-23,ACTIVE,0.00,,0.0812,5357857.85,3
2025-08-01,ACC0000003397,CUST0001709,INVESTMENT,Reksa Dana,2024-10-17,DORMANT,0.00,,0.1423,0.00,0
2025-08-01,ACC0000003486,CUST0001753,CREDIT_CARD,Kartu Gold,2022-02-11,ACTIVE,0.00,33206722.79,0.0594,1639576.60,2
2025-08-01,ACC0000003542,CUST0001782,SAVINGS,Tabungan Rencana,2021-08-08,ACTIVE,44759182.91,,0.1178,-4350843.76,3
2025-08-01,ACC0000004455,CUST0002236,LOAN,Kredit Kendaraan,2025-03-16,DORMANT,0.00,,0.1387,0.00,0
2025-08-01,ACC0000004742,CUST0002379,CREDIT_CARD,Kartu Gold,2022-08-31,ACTIVE,0.00,11200790.41,0.1417,-8545412.94,4
2025-08-01,ACC0000005100,CUST0002560,CREDIT_CARD,Kartu Classic,2022-02-23,ACTIVE,0.00,48243100.24,0.1184,0.00,0
2025-08-01,ACC0000005508,CUST0002763,LOAN,KPR Rumah,2024-01-21,CLOSED,0.00,,0.0518,0.00,0
2025-08-01,ACC0000005961,CUST0002996,SAVINGS,Tabungan Negara Plus,2022-03-12,ACTIVE,40483807.06,,0.0346,4314647.09,1
2025-08-01,ACC0000005997,CUST0003014,LOAN,Kredit Usaha,2023-01-28,CLOSED,0.00,,0.1019,0.00,0
2025-08-01,ACC0000006221,CUST0003126,CREDIT_CARD,Kartu Classic,2023-07-12,ACTIVE,0.00,38387434.42,0.0261,-5376360.38,2
2025-08-01,ACC0000006294,CUST0003161,CREDIT_CARD,Kartu Gold,2022-10-05,ACTIVE,0.00,10241908.82,0.0772,923919.54,2
2025-08-01,ACC0000006586,CUST0003308,CREDIT_CARD,Kartu Classic,2021-09-11,ACTIVE,0.00,44626553.15,0.059,0.00,0
2025-08-01,ACC0000006677,CUST0003354,INVESTMENT,Reksa Dana,2022-05-04,SUSPENDED,0.00,,0.1471,0.00,0
2025-08-01,ACC0000007245,CUST0003645,CREDIT_CARD,Kartu Platinum,2024-04-09,DORMANT,0.00,36056576.27,0.078,0.00,0
2025-08-01,ACC0000007354,CUST0003695,SAVINGS,Tabungan Negara Plus,2022-12-04,ACTIVE,26166706.47,,0.0671,0.00,0
2025-08-01,ACC0000007435,CUST0003735,LOAN,Kredit Usaha,2023-09-03,ACTIVE,0.00,,0.0583,6522798.32,2
2025-08-01,ACC0000007500,CUST0003767,CREDIT_CARD,Kartu Virtual,2022-09-09,ACTIVE,0.00,19324624.11,0.1321,-3122785.81,1
2025-08-01,ACC0000007880,CUST0003961,LOAN,Kredit Usaha,2021-03-23,ACTIVE,0.00,,0.075,0.00,0
2025-08-01,ACC0000000057,CUST0000030,LOAN,KPR Rumah,2023-04-09,ACTIVE,0.00,,0.0748,5719593.03,3
2025-08-01,ACC0000000090,CUST0000047,LOAN,KPR Rumah,2021-04-01,ACTIVE,0.00,,0.0367,2369943.94,1
2025-08-01,ACC0000000385,CUST0000194,CREDIT_CARD,Kartu Virtual,2024-06-12,ACTIVE,0.00,40941634.66,0.0545,0.00,0
2025-08-01,ACC0000000550,CUST0000278,CREDIT_CARD,Kartu Gold,2024-08-27,CLOSED,0.00,25872632.34,0.0323,0.00,0
2025-08-01,ACC0000000604,CUST0000303,LOAN,Kredit Kendaraan,2022-12-28,ACTIVE,0.00,,0.0585,4102879.38,1
2025-08-01,ACC0000001153,CUST0000578,SAVINGS,Tabungan Haji,2022-09-29,ACTIVE,35562623.90,,0.0977,-822393.87,1
2025-08-01,ACC0000001588,CUST0000798,LOAN,KPR Rumah,2025-02-01,ACTIVE,0.00,,0.0939,6328450.49,5
2025-08-01,ACC0000001841,CUST0000926,INVESTMENT,Obligasi,2024-10-22,ACTIVE,0.00,,0.114,712208.79,2
2025-08-01,ACC0000002070,CUST0001042,LOAN,KTA Personal,2023-08-11,CLOSED,0.00,,0.0143,0.00,0
2025-08-01,ACC0000002076,CUST0001046,LOAN,KPR Rumah,2025-03-07,ACTIVE,0.00,,0.0473,-4692907.71,1
2025-08-01,ACC0000002264,CUST0001134,CREDIT_CARD,Kartu Gold,2024-07-21,ACTIVE,0.00,36134682.23,0.0242,607617.87,2
2025-08-01,ACC0000002614,CUST0001315,INVESTMENT,Reksa Dana,2024-12-29,ACTIVE,0.00,,0.1052,0.00,0
2025-08-01,ACC0000002679,CUST0001352,CREDIT_CARD,Kartu Platinum,2023-08-20,ACTIVE,0.00,27152796.05,0.139,2431422.86,2
2025-08-01,ACC0000002825,CUST0001426,LOAN,Kredit Usaha,2023-10-10,ACTIVE,0.00,,0.1422,-4624124.56,2
2025-08-01,ACC0000002836,CUST0001433,SAVINGS,Tabungan Berjangka,2022-07-19,ACTIVE,751670.98,,0.0123,-1514376.31,3
2025-08-01,ACC0000002950,CUST0001487,CREDIT_CARD,Kartu Gold,2022-01-04,ACTIVE,0.00,45526041.92,0.0756,-3369899.06,1
2025-08-01,ACC0000002966,CUST0001493,SAVINGS,Tabungan Negara Plus,2023-04-17,ACTIVE,33235027.46,,0.1068,-3756355.80,2
2025-08-01,ACC0000002970,CUST0001495,INVESTMENT,SBN Retail,2022-04-29,ACTIVE,0.00,,0.1035,-15031595.71,4
2025-08-01,ACC0000003069,CUST0001545,CREDIT_CARD,Kartu Virtual,2021-08-26,ACTIVE,0.00,49925906.19,0.0335,-803250.35,1
2025-08-01,ACC0000003095,CUST0001557,INVESTMENT,SBN Retail,2024-09-05,ACTIVE,0.00,,0.1297,2396965.39,2
2025-08-01,ACC0000003202,CUST0001614,LOAN,KTA Personal,2024-05-28,CLOSED,0.00,,0.1311,0.00,0
2025-08-01,ACC0000003664,CUST0001849,CREDIT_CARD,Kartu Gold,2023-09-21,ACTIVE,0.00,32565991.69,0.0142,-2140745.49,1
2025-08-01,ACC0000003758,CUST0001895,SAVINGS,Tabungan Berjangka,2023-04-24,ACTIVE,23321558.11,,0.0694,-3898004.09,1
2025-08-01,ACC0000003840,CUST0001938,SAVINGS,Tabungan Negara Plus,2021-06-26,DORMANT,34153436.66,,0.0323,0.00,0
2025-08-01,ACC0000003917,CUST0001976,INVESTMENT,Reksa Dana,2022-06-20,ACTIVE,0.00,,0.0159,-850965.58,2
2025-08-01,ACC0000004194,CUST0002113,INVESTMENT,SBN Retail,2023-05-14,ACTIVE,0.00,,0.0848,3719592.94,1
2025-08-01,ACC0000004458,CUST0002238,LOAN,KPR Rumah,2021-11-04,ACTIVE,0.00,,0.1246,-8362209.20,2
2025-08-01,ACC0000004599,CUST0002307,CREDIT_CARD,Kartu Gold,2021-11-21,CLOSED,0.00,34884472.89,0.0634,0.00,0
2025-08-01,ACC0000004762,CUST0002386,SAVINGS,Tabungan Haji,2024-07-14,ACTIVE,48660624.58,,0.0736,-2476210.09,2
2025-08-01,ACC0000004998,CUST0002507,SAVINGS,Tabungan Negara Plus,2022-01-03,ACTIVE,22061988.95,,0.1278,2186592.48,1
2025-08-01,ACC0000005025,CUST0002520,LOAN,KPR Rumah,2022-04-18,DORMANT,0.00,,0.0107,0.00,0
2025-08-01,ACC0000005145,CUST0002583,SAVINGS,Tabungan Negara Plus,2024-01-08,ACTIVE,24052692.78,,0.0938,626086.17,3
2025-08-01,ACC0000005408,CUST0002713,SAVINGS,Tabungan Negara Plus,2023-02-09,CLOSED,38583417.04,,0.0132,0.00,0
2025-08-01,ACC0000005510,CUST0002763,SAVINGS,Tabungan Rencana,2024-01-10,ACTIVE,20050744.70,,0.0326,651098.04,2
2025-08-01,ACC0000005993,CUST0003012,INVESTMENT,Deposito,2021-06-06,ACTIVE,0.00,,0.03,-1437016.22,2
2025-08-01,ACC0000006038,CUST0003035,INVESTMENT,Obligasi,2023-10-19,ACTIVE,0.00,,0.1236,-5343551.63,2
2025-08-01,ACC0000006129,CUST0003080,INVESTMENT,Reksa Dana,2021-10-25,ACTIVE,0.00,,0.0663,2263049.32,1
2025-08-01,ACC0000006875,CUST0003452,INVESTMENT,Deposito,2023-02-09,ACTIVE,0.00,,0.1341,2173716.99,1
2025-08-01,ACC0000006999,CUST0003521,INVESTMENT,SBN Retail,2022-10-27,ACTIVE,0.00,,0.1139,1331165.13,2
2025-08-01,ACC0000007069,CUST0003556,INVESTMENT,Deposito,2022-08-07,ACTIVE,0.00,,0.1049,-435061.91,1
2025-08-01,ACC0000007171,CUST0003609,LOAN,Kredit Kendaraan,2023-02-13,ACTIVE,0.00,,0.1325,11325440.45,3
2025-08-01,ACC0000007185,CUST0003616,CREDIT_CARD,Kartu Virtual,2021-07-20,ACTIVE,0.00,34614797.88,0.0708,2596714.22,3
2025-08-01,ACC0000007209,CUST0003627,CREDIT_CARD,Kartu Classic,2022-06-07,ACTIVE,0.00,43989457.04,0.1085,4631247.40,3
2025-08-01,ACC0000007411,CUST0003725,LOAN,Kredit Kendaraan,2022-01-15,ACTIVE,0.00,,0.0282,0.00,0
2025-08-01,ACC0000007473,CUST0003755,CREDIT_CARD,Kartu Classic,2021-04-27,ACTIVE,0.00,28066705.47,0.1055,2007752.16,1
2025-08-01,ACC0000007567,CUST0003799,SAVINGS,Tabungan Rencana,2021-03-29,ACTIVE,35324438.80,,0.1439,-904642.45,1
2025-08-01,ACC0000007750,CUST0003895,INVESTMENT,SBN Retail,2021-04-30,ACTIVE,0.00,,0.0522,-2749373.61,1
2025-08-01,ACC0000007816,CUST0003928,LOAN,KPR Rumah,2021-09-05,CLOSED,0.00,,0.0357,0.00,0
2025-08-01,ACC0000000008,CUST0000005,CREDIT_CARD,Kartu Virtual,2021-07-11,SUSPENDED,0.00,8737407.90,0.0573,0.00,0
2025-08-01,ACC0000000275,CUST0000137,SAVINGS,Tabungan Haji,2025-02-17,ACTIVE,46385476.35,,0.0283,-4858073.16,2
2025-08-01,ACC0000000418,CUST0000211,INVESTMENT,Obligasi,2024-01-19,ACTIVE,0.00,,0.016,2294331.70,1
2025-08-01,ACC0000001045,CUST0000522,LOAN,Kredit Usaha,2021-10-16,ACTIVE,0.00,,0.0304,-2089734.16,2
2025-08-01,ACC0000001287,CUST0000648,SAVINGS,Tabungan Negara Plus,2024-09-12,ACTIVE,6604432.38,,0.084,3686997.39,3
2025-08-01,ACC0000001503,CUST0000753,INVESTMENT,Reksa Dana,2023-09-15,ACTIVE,0.00,,0.1071,-1664984.99,1
2025-08-01,ACC0000001535,CUST0000770,CREDIT_CARD,Kartu Platinum,2024-05-23,ACTIVE,0.00,5201381.73,0.0356,0.00,0
2025-08-01,ACC0000001590,CUST0000799,LOAN,KTA Personal,2022-07-20,ACTIVE,0.00,,0.0111,-6364035.12,5
2025-08-01,ACC0000001811,CUST0000909,SAVINGS,Tabungan Haji,2023-06-25,ACTIVE,16633340.65,,0.1092,2178756.33,1
2025-08-01,ACC0000002044,CUST0001030,LOAN,KTA Personal,2023-07-27,ACTIVE,0.00,,0.1478,4976940.38,2
2025-08-01,ACC0000002111,CUST0001062,CREDIT_CARD,Kartu Virtual,2021-11-01,ACTIVE,0.00,30252173.48,0.0823,-5153789.98,2
2025-08-01,ACC0000002289,CUST0001146,CREDIT_CARD,Kartu Gold,2022-08-12,ACTIVE,0.00,36861642.34,0.0675,2409864.20,1
2025-08-01,ACC0000002367,CUST0001185,INVESTMENT,SBN Retail,2023-08-04,ACTIVE,0.00,,0.0463,0.00,0
2025-08-01,ACC0000002501,CUST0001256,INVESTMENT,Deposito,2023-06-27,DORMANT,0.00,,0.0891,0.00,0
2025-08-01,ACC0000002647,CUST0001334,SAVINGS,Tabungan Rencana,2023-01-18,ACTIVE,44720354.78,,0.1189,0.00,0
2025-08-01,ACC0000002654,CUST0001337,LOAN,Kredit Kendaraan,2021-08-05,ACTIVE,0.00,,0.1352,888565.64,1
2025-08-01,ACC0000003774,CUST0001903,INVESTMENT,Reksa Dana,2021-07-18,ACTIVE,0.00,,0.1411,-2436110.38,1
2025-08-01,ACC0000003787,CUST0001910,INVESTMENT,SBN Retail,2022-07-06,ACTIVE,0.00,,0.1354,0.00,0
2025-08-01,ACC0000004345,CUST0002184,CREDIT_CARD,Kartu Platinum,2023-03-14,ACTIVE,0.00,42438016.94,0.0194,0.00,0
2025-08-01,ACC0000004408,CUST0002214,SAVINGS,Tabungan Rencana,2022-11-21,DORMANT,22827847.81,,0.0274,0.00,0
2025-08-01,ACC0000004528,CUST0002276,CREDIT_CARD,Kartu Classic,2024-01-28,DORMANT,0.00,27462408.66,0.1071,0.00,0
2025-08-01,ACC0000004804,CUST0002411,INVESTMENT,Deposito,2023-11-02,ACTIVE,0.00,,0.0929,-367309.28,3
2025-08-01,ACC0000004816,CUST0002417,CREDIT_CARD,Kartu Gold,2023-03-29,ACTIVE,0.00,6039895.83,0.0814,-2231973.77,3
2025-08-01,ACC0000005182,CUST0002600,CREDIT_CARD,Kartu Platinum,2023-01-04,ACTIVE,0.00,48524081.77,0.1372,0.00,0
2025-08-01,ACC0000005226,CUST0002622,SAVINGS,Tabungan Rencana,2025-04-10,ACTIVE,28062684.37,,0.1127,-4756730.58,1
2025-08-01,ACC0000005392,CUST0002707,INVESTMENT,Reksa Dana,2022-09-29,ACTIVE,0.00,,0.0784,-5231482.06,3
2025-08-01,ACC0000005436,CUST0002728,SAVINGS,Tabungan Negara Plus,2025-06-20,ACTIVE,46923467.24,,0.0825,-2239986.20,2
2025-08-01,ACC0000006079,CUST0003055,SAVINGS,Tabungan Haji,2024-11-04,CLOSED,36118312.78,,0.0566,0.00,0
2025-08-01,ACC0000006622,CUST0003326,LOAN,KTA Personal,2025-01-09,ACTIVE,0.00,,0.0898,0.00,0
2025-08-01,ACC0000006778,CUST0003404,INVESTMENT,Reksa Dana,2024-05-22,ACTIVE,0.00,,0.0934,-930107.38,1
2025-08-01,ACC0000006810,CUST0003418,INVESTMENT,SBN Retail,2024-12-11,CLOSED,0.00,,0.1413,0.00,0
2025-08-01,ACC0000007342,CUST0003689,INVESTMENT,Deposito,2025-01-30,ACTIVE,0.00,,0.1454,-3004238.06,2
2025-08-01,ACC0000007400,CUST0003721,SAVINGS,Tabungan Rencana,2023-07-01,ACTIVE,18299347.89,,0.0194,1338100.67,2
2025-08-01,ACC0000007815,CUST0003928,SAVINGS,Tabungan Haji,2021-09-28,DORMANT,32238027.65,,0.0759,0.00,0
2025-08-01,ACC0000000611,CUST0000306,CREDIT_CARD,Kartu Gold,2021-10-13,ACTIVE,0.00,6342726.10,0.1279,-352895.24,3
2025-08-01,ACC0000000627,CUST0000313,LOAN,Kredit Kendaraan,2024-10-03,ACTIVE,0.00,,0.0656,3634474.38,1
2025-08-01,ACC0000000768,CUST0000381,CREDIT_CARD,Kartu Classic,2024-04-01,CLOSED,0.00,29143359.12,0.0772,0.00,0
2025-08-01,ACC0000000913,CUST0000457,CREDIT_CARD,Kartu Classic,2023-08-17,ACTIVE,0.00,13512453.30,0.0599,0.00,0
2025-08-01,ACC0000000998,CUST0000499,INVESTMENT,Reksa Dana,2024-03-18,ACTIVE,0.00,,0.0768,0.00,0
2025-08-01,ACC0000001082,CUST0000540,CREDIT_CARD,Kartu Classic,2022-09-08,ACTIVE,0.00,11257658.34,0.0791,6016746.63,4
2025-08-01,ACC0000001097,CUST0000549,INVESTMENT,Obligasi,2021-09-17,ACTIVE,0.00,,0.1288,-4250407.92,1
2025-08-01,ACC0000001216,CUST0000610,INVESTMENT,Deposito,2022-01-11,ACTIVE,0.00,,0.0864,-1254370.37,2
2025-08-01,ACC0000001463,CUST0000733,INVESTMENT,Obligasi,2023-09-29,DORMANT,0.00,,0.1125,0.00,0
2025-08-01,ACC0000001581,CUST0000795,CREDIT_CARD,Kartu Virtual,2022-10-22,ACTIVE,0.00,9907778.52,0.0428,590612.72,1
2025-08-01,ACC0000001586,CUST0000797,CREDIT_CARD,Kartu Platinum,2023-01-27,ACTIVE,0.00,25909329.38,0.016,4565314.56,2
2025-08-01,ACC0000002006,CUST0001009,CREDIT_CARD,Kartu Gold,2021-07-23,CLOSED,0.00,43335703.28,0.1327,0.00,0
2025-08-01,ACC0000002078,CUST0001047,SAVINGS,Tabungan Negara Plus,2023-01-10,ACTIVE,20465155.50,,0.016,1644047.72,7
2025-08-01,ACC0000002412,CUST0001210,CREDIT_CARD,Kartu Platinum,2022-01-20,DORMANT,0.00,46015059.06,0.0627,0.00,0
2025-08-01,ACC0000002581,CUST0001295,LOAN,KPR Rumah,2023-12-09,ACTIVE,0.00,,0.1162,-2053051.76,4
2025-08-01,ACC0000002792,CUST0001409,SAVINGS,Tabungan Haji,2024-08-18,ACTIVE,33574863.22,,0.0585,-7961379.67,5
2025-08-01,ACC0000003009,CUST0001516,SAVINGS,Tabungan Berjangka,2021-12-07,DORMANT,6816514.75,,0.0989,0.00,0
2025-08-01,ACC0000003135,CUST0001579,SAVINGS,Tabungan Berjangka,2024-09-29,ACTIVE,5209675.86,,0.0139,4108286.37,1
2025-08-01,ACC0000003245,CUST0001637,CREDIT_CARD,Kartu Virtual,2022-09-16,ACTIVE,0.00,39307174.61,0.0871,-938230.42,3
2025-08-01,ACC0000003250,CUST0001639,SAVINGS,Tabungan Haji,2024-05-28,DORMANT,7621907.82,,0.1474,0.00,0
2025-08-01,ACC0000003930,CUST0001982,LOAN,Kredit Kendaraan,2024-04-14,ACTIVE,0.00,,0.0788,-2487418.14,1
2025-08-01,ACC0000003988,CUST0002012,SAVINGS,Tabungan Berjangka,2021-04-12,ACTIVE,6092084.15,,0.0528,0.00,0
2025-08-01,ACC0000004167,CUST0002098,SAVINGS,Tabungan Rencana,2023-01-06,DORMANT,3608763.13,,0.0308,0.00,0
2025-08-01,ACC0000004236,CUST0002131,SAVINGS,Tabungan Negara Plus,2022-10-06,DORMANT,11970557.96,,0.0833,0.00,0
2025-08-01,ACC0000004421,CUST0002219,LOAN,Kredit Usaha,2023-10-06,ACTIVE,0.00,,0.0756,3296407.95,4
2025-08-01,ACC0000005334,CUST0002677,INVESTMENT,SBN Retail,2023-06-28,ACTIVE,0.00,,0.0627,0.00,0
2025-08-01,ACC0000005610,CUST0002818,SAVINGS,Tabungan Negara Plus,2021-01-23,ACTIVE,34758762.63,,0.0279,4811933.11,1
2025-08-01,ACC0000006330,CUST0003178,LOAN,KTA Personal,2023-02-22,CLOSED,0.00,,0.0339,0.00,0
2025-08-01,ACC0000006625,CUST0003327,CREDIT_CARD,Kartu Classic,2022-10-20,ACTIVE,0.00,37047630.33,0.0715,4158220.07,1
2025-08-01,ACC0000006735,CUST0003383,INVESTMENT,SBN Retail,2022-06-12,ACTIVE,0.00,,0.0618,4784958.81,2
2025-08-01,ACC0000006780,CUST0003405,INVESTMENT,Deposito,2024-12-21,ACTIVE,0.00,,0.0574,-4555415.24,1
2025-08-01,ACC0000006812,CUST0003419,INVESTMENT,SBN Retail,2022-12-24,DORMANT,0.00,,0.0106,0.00,0
2025-08-01,ACC0000006817,CUST0003423,CREDIT_CARD,Kartu Platinum,2023-01-27,ACTIVE,0.00,39192522.97,0.1003,-3575118.54,1
2025-08-01,ACC0000006907,CUST0003471,INVESTMENT,SBN Retail,2021-02-18,ACTIVE,0.00,,0.1472,0.00,0
2025-08-01,ACC0000006912,CUST0003474,LOAN,KTA Personal,2021-04-07,ACTIVE,0.00,,0.0674,-242683.03,6
2025-08-01,ACC0000007454,CUST0003746,LOAN,Kredit Kendaraan,2024-05-28,ACTIVE,0.00,,0.0671,2125782.21,2
2025-08-01,ACC0000007513,CUST0003774,CREDIT_CARD,Kartu Virtual,2025-05-05,ACTIVE,0.00,17907264.35,0.0372,761352.55,1
2025-08-01,ACC0000000076,CUST0000039,LOAN,KPR Rumah,2023-03-19,DORMANT,0.00,,0.0824,0.00,0
2025-08-01,ACC0000000882,CUST0000437,CREDIT_CARD,Kartu Classic,2021-05-06,ACTIVE,0.00,35436328.49,0.0824,-1924883.81,2
2025-08-01,ACC0000001367,CUST0000685,CREDIT_CARD,Kartu Classic,2024-12-27,ACTIVE,0.00,11895596.91,0.075,-228302.76,1
2025-08-01,ACC0000001851,CUST0000931,INVESTMENT,Reksa Dana,2021-09-07,ACTIVE,0.00,,0.0406,1138323.30,3
2025-08-01,ACC0000001936,CUST0000973,CREDIT_CARD,Kartu Virtual,2022-09-24,DORMANT,0.00,35612993.27,0.1006,0.00,0
2025-08-01,ACC0000002242,CUST0001124,LOAN,Kredit Usaha,2022-11-01,DORMANT,0.00,,0.1458,0.00,0
2025-08-01,ACC0000002316,CUST0001159,INVESTMENT,Reksa Dana,2023-02-07,ACTIVE,0.00,,0.1248,4928643.39,1
2025-08-01,ACC0000002597,CUST0001306,SAVINGS,Tabungan Rencana,2023-11-09,DORMANT,27337467.63,,0.0597,0.00,0
2025-08-01,ACC0000002659,CUST0001339,LOAN,Kredit Kendaraan,2023-12-09,ACTIVE,0.00,,0.1114,1623153.08,1
2025-08-01,ACC0000002672,CUST0001347,LOAN,KPR Rumah,2023-12-12,ACTIVE,0.00,,0.0202,433181.78,2
2025-08-01,ACC0000002829,CUST0001428,LOAN,KPR Rumah,2025-02-11,ACTIVE,0.00,,0.0633,-1774523.84,1
2025-08-01,ACC0000002918,CUST0001474,CREDIT_CARD,Kartu Classic,2022-09-02,CLOSED,0.00,14182992.56,0.035,0.00,0
2025-08-01,ACC0000003501,CUST0001760,LOAN,Kredit Kendaraan,2024-02-05,ACTIVE,0.00,,0.1273,-5414956.98,2
2025-08-01,ACC0000003607,CUST0001819,CREDIT_CARD,Kartu Classic,2023-05-05,CLOSED,0.00,22735574.33,0.1083,0.00,0
2025-08-01,ACC0000003628,CUST0001829,INVESTMENT,Reksa Dana,2023-01-03,ACTIVE,0.00,,0.117,-7219709.76,3
2025-08-01,ACC0000003652,CUST0001843,LOAN,Kredit Usaha,2023-12-29,ACTIVE,0.00,,0.1401,-5624150.91,2
2025-08-01,ACC0000004048,CUST0002043,LOAN,Kredit Kendaraan,2023-03-13,ACTIVE,0.00,,0.1402,0.00,0
2025-08-01,ACC0000004298,CUST0002161,CREDIT_CARD,Kartu Platinum,2024-02-23,DORMANT,0.00,15996082.68,0.0389,0.00,0
2025-08-01,ACC0000004335,CUST0002179,CREDIT_CARD,Kartu Classic,2025-03-17,ACTIVE,0.00,10466855.60,0.0617,0.00,0
2025-08-01,ACC0000004404,CUST0002211,INVESTMENT,Reksa Dana,2025-04-16,ACTIVE,0.00,,0.1088,-3124406.74,2
2025-08-01,ACC0000004446,CUST0002233,CREDIT_CARD,Kartu Platinum,2023-09-24,ACTIVE,0.00,44150313.13,0.0941,0.00,0
2025-08-01,ACC0000004704,CUST0002363,SAVINGS,Tabungan Berjangka,2021-06-20,DORMANT,34817703.12,,0.0496,0.00,0
2025-08-01,ACC0000004747,CUST0002381,SAVINGS,Tabungan Negara Plus,2021-05-28,ACTIVE,49202456.89,,0.0704,-2159233.16,2
2025-08-01,ACC0000004966,CUST0002491,CREDIT_CARD,Kartu Classic,2024-04-30,SUSPENDED,0.00,6358393.57,0.1454,0.00,0
2025-08-01,ACC0000005500,CUST0002759,LOAN,Kredit Kendaraan,2023-03-31,ACTIVE,0.00,,0.1442,-6153293.43,3
2025-08-01,ACC0000005522,CUST0002770,INVESTMENT,Deposito,2024-01-30,ACTIVE,0.00,,0.0738,0.00,0
2025-08-01,ACC0000005728,CUST0002873,SAVINGS,Tabungan Rencana,2024-10-31,ACTIVE,8830653.65,,0.101,-2420265.09,1
2025-08-01,ACC0000006095,CUST0003063,CREDIT_CARD,Kartu Classic,2021-03-29,ACTIVE,0.00,29155379.15,0.0228,0.00,0
2025-08-01,ACC0000006479,CUST0003254,INVESTMENT,Obligasi,2024-06-09,ACTIVE,0.00,,0.0312,-719777.79,1
2025-08-01,ACC0000006526,CUST0003277,INVESTMENT,SBN Retail,2024-11-29,ACTIVE,0.00,,0.0507,0.00,0
2025-08-01,ACC0000007462,CUST0003750,INVESTMENT,SBN Retail,2023-02-26,ACTIVE,0.00,,0.1132,4570737.43,2
2025-08-01,ACC0000007475,CUST0003755,SAVINGS,Tabungan Haji,2021-05-19,ACTIVE,7353830.91,,0.1048,1126983.79,2
2025-08-01,ACC0000000082,CUST0000043,SAVINGS,Tabungan Haji,2022-02-23,ACTIVE,6365903.02,,0.0226,8417595.20,2
2025-08-01,ACC0000000116,CUST0000061,SAVINGS,Tabungan Rencana,2022-08-26,ACTIVE,18110002.03,,0.0739,-1085442.25,1
2025-08-01,ACC0000000224,CUST0000113,CREDIT_CARD,Kartu Gold,2021-08-19,ACTIVE,0.00,19164295.90,0.1464,0.00,0
2025-08-01,ACC0000000417,CUST0000210,INVESTMENT,SBN Retail,2024-03-15,SUSPENDED,0.00,,0.0141,0.00,0
2025-08-01,ACC0000000566,CUST0000286,SAVINGS,Tabungan Negara Plus,2023-08-26,ACTIVE,31412683.00,,0.0102,-1770098.30,1
2025-08-01,ACC0000000912,CUST0000456,CREDIT_CARD,Kartu Platinum,2023-11-14,ACTIVE,0.00,16310915.88,0.1439,2750957.57,3
2025-08-01,ACC0000000947,CUST0000474,LOAN,KPR Rumah,2022-09-07,ACTIVE,0.00,,0.0473,3674165.52,1
2025-08-01,ACC0000001123,CUST0000562,CREDIT_CARD,Kartu Virtual,2023-05-02,ACTIVE,0.00,40106121.70,0.0128,309776.02,2
2025-08-01,ACC0000001468,CUST0000735,INVESTMENT,Obligasi,2024-05-31,ACTIVE,0.00,,0.0783,869833.48,6
2025-08-01,ACC0000001601,CUST0000806,CREDIT_CARD,Kartu Virtual,2024-09-02,ACTIVE,0.00,37983136.71,0.035,0.00,0
2025-08-01,ACC0000001710,CUST0000864,SAVINGS,Tabungan Negara Plus,2024-10-31,ACTIVE,21979459.63,,0.0411,4923464.43,1
2025-08-01,ACC0000001717,CUST0000867,CREDIT_CARD,Kartu Virtual,2023-12-07,ACTIVE,0.00,6642952.74,0.1017,0.00,0
2025-08-01,ACC0000001796,CUST0000903,INVESTMENT,SBN Retail,2023-02-21,ACTIVE,0.00,,0.0327,-1788395.24,1
2025-08-01,ACC0000001868,CUST0000940,LOAN,Kredit Usaha,2024-03-03,ACTIVE,0.00,,0.0633,0.00,0
2025-08-01,ACC0000002008,CUST0001010,INVESTMENT,Reksa Dana,2023-05-23,ACTIVE,0.00,,0.1267,-711296.81,1
2025-08-01,ACC0000002153,CUST0001083,CREDIT_CARD,Kartu Classic,2022-07-10,DORMANT,0.00,36075759.55,0.1462,0.00,0
2025-08-01,ACC0000002190,CUST0001100,LOAN,KPR Rumah,2023-04-25,ACTIVE,0.00,,0.1239,-2625615.23,1
2025-08-01,ACC0000002752,CUST0001390,CREDIT_CARD,Kartu Gold,2025-03-01,ACTIVE,0.00,37789205.07,0.0583,-1640320.39,5
2025-08-01,ACC0000002893,CUST0001461,INVESTMENT,SBN Retail,2022-05-13,ACTIVE,0.00,,0.0833,-2519711.84,1
2025-08-01,ACC0000002995,CUST0001509,INVESTMENT,Obligasi,2022-08-04,ACTIVE,0.00,,0.1124,-4271057.98,3
2025-08-01,ACC0000003279,CUST0001652,SAVINGS,Tabungan Berjangka,2023-01-17,ACTIVE,8592685.34,,0.106,-320178.37,2
2025-08-01,ACC0000003448,CUST0001732,CREDIT_CARD,Kartu Gold,2021-12-20,ACTIVE,0.00,33478241.74,0.0592,-3136040.32,1
2025-08-01,ACC0000003737,CUST0001881,LOAN,KPR Rumah,2024-08-15,ACTIVE,0.00,,0.0632,-4257496.38,1
2025-08-01,ACC0000003883,CUST0001957,INVESTMENT,Obligasi,2023-04-07,ACTIVE,0.00,,0.0702,4508261.63,3
2025-08-01,ACC0000004288,CUST0002156,SAVINGS,Tabungan Berjangka,2022-04-17,DORMANT,22088761.71,,0.0814,0.00,0
2025-08-01,ACC0000004323,CUST0002174,LOAN,Kredit Usaha,2024-02-07,ACTIVE,0.00,,0.1466,-2667156.03,1
2025-08-01,ACC0000004504,CUST0002263,CREDIT_CARD,Kartu Platinum,2023-01-03,CLOSED,0.00,42488519.35,0.1252,0.00,0
2025-08-01,ACC0000004682,CUST0002348,LOAN,Kredit Kendaraan,2022-09-30,SUSPENDED,0.00,,0.0379,0.00,0
2025-08-01,ACC0000005419,CUST0002719,INVESTMENT,Obligasi,2022-11-15,ACTIVE,0.00,,0.1373,926924.30,2
2025-08-01,ACC0000005425,CUST0002722,CREDIT_CARD,Kartu Classic,2021-08-04,ACTIVE,0.00,16405272.46,0.046,-2965338.52,3
2025-08-01,ACC0000005516,CUST0002767,INVESTMENT,Deposito,2023-12-03,ACTIVE,0.00,,0.0265,0.00,0
2025-08-01,ACC0000005605,CUST0002815,CREDIT_CARD,Kartu Virtual,2022-05-28,ACTIVE,0.00,29817207.13,0.1301,0.00,0
2025-08-01,ACC0000005907,CUST0002969,SAVINGS,Tabungan Negara Plus,2023-05-01,ACTIVE,48790202.54,,0.0796,3944406.96,2
2025-08-01,ACC0000006243,CUST0003136,CREDIT_CARD,Kartu Platinum,2021-08-30,ACTIVE,0.00,18124209.25,0.0856,-9585901.96,3
2025-08-01,ACC0000006316,CUST0003171,LOAN,Kredit Kendaraan,2024-05-12,ACTIVE,0.00,,0.0362,6397631.06,2
2025-08-01,ACC0000006362,CUST0003197,INVESTMENT,Obligasi,2021-07-03,ACTIVE,0.00,,0.0229,4095455.10,1
2025-08-01,ACC0000006530,CUST0003278,SAVINGS,Tabungan Haji,2022-04-02,ACTIVE,45939642.23,,0.0736,0.00,0
2025-08-01,ACC0000006661,CUST0003346,CREDIT_CARD,Kartu Classic,2022-08-06,ACTIVE,0.00,49152522.72,0.1365,10956931.59,8
2025-08-01,ACC0000006671,CUST0003352,SAVINGS,Tabungan Berjangka,2024-03-29,DORMANT,47225730.14,,0.1115,0.00,0
2025-08-01,ACC0000006977,CUST0003510,SAVINGS,Tabungan Berjangka,2023-08-28,ACTIVE,36131494.58,,0.1214,-431106.59,4
2025-08-01,ACC0000007110,CUST0003578,CREDIT_CARD,Kartu Platinum,2022-02-12,DORMANT,0.00,35880881.15,0.0725,0.00,0
2025-08-01,ACC0000007299,CUST0003670,INVESTMENT,Obligasi,2022-12-31,ACTIVE,0.00,,0.1462,7569520.64,3
2025-08-01,ACC0000007415,CUST0003727,CREDIT_CARD,Kartu Virtual,2023-01-26,ACTIVE,0.00,25981042.50,0.107,1430215.20,1
2025-08-01,ACC0000000200,CUST0000099,LOAN,Kredit Kendaraan,2023-10-25,SUSPENDED,0.00,,0.0789,0.00,0
2025-08-01,ACC0000000313,CUST0000155,INVESTMENT,Obligasi,2022-04-11,CLOSED,0.00,,0.0211,0.00,0
2025-08-01,ACC0000000514,CUST0000259,CREDIT_CARD,Kartu Platinum,2023-03-26,SUSPENDED,0.00,19195881.82,0.1384,0.00,0
2025-08-01,ACC0000000598,CUST0000301,SAVINGS,Tabungan Haji,2022-05-07,ACTIVE,22748234.72,,0.1293,-7238904.58,2
2025-08-01,ACC0000000615,CUST0000308,SAVINGS,Tabungan Negara Plus,2022-12-01,DORMANT,37920614.84,,0.0461,0.00,0
2025-08-01,ACC0000000848,CUST0000421,LOAN,KPR Rumah,2024-10-21,ACTIVE,0.00,,0.0761,-3310598.45,3
2025-08-01,ACC0000001199,CUST0000600,INVESTMENT,Deposito,2024-08-02,ACTIVE,0.00,,0.139,3032301.69,1
2025-08-01,ACC0000001274,CUST0000642,SAVINGS,Tabungan Haji,2022-05-22,DORMANT,23513408.55,,0.1142,0.00,0
2025-08-01,ACC0000001410,CUST0000710,CREDIT_CARD,Kartu Classic,2024-02-13,ACTIVE,0.00,47206008.52,0.1465,-3645050.98,1
2025-08-01,ACC0000001480,CUST0000742,INVESTMENT,SBN Retail,2024-08-02,ACTIVE,0.00,,0.0107,-7280206.33,3
2025-08-01,ACC0000001610,CUST0000811,INVESTMENT,Deposito,2022-11-09,ACTIVE,0.00,,0.1363,-7116269.63,2
2025-08-01,ACC0000002320,CUST0001161,LOAN,KPR Rumah,2025-02-10,ACTIVE,0.00,,0.0979,-493091.89,2
2025-08-01,ACC0000002388,CUST0001196,CREDIT_CARD,Kartu Platinum,2023-01-30,DORMANT,0.00,15737721.64,0.0359,0.00,0
2025-08-01,ACC0000002431,CUST0001219,SAVINGS,Tabungan Haji,2022-05-23,CLOSED,34942473.36,,0.111,0.00,0
2025-08-01,ACC0000002512,CUST0001261,SAVINGS,Tabungan Negara Plus,2023-01-24,ACTIVE,3716362.15,,0.0568,-636083.75,1
2025-08-01,ACC0000002551,CUST0001282,SAVINGS,Tabungan Negara Plus,2025-03-08,ACTIVE,29427428.76,,0.1003,0.00,0
2025-08-01,ACC0000003038,CUST0001530,CREDIT_CARD,Kartu Gold,2023-08-28,ACTIVE,0.00,23694397.86,0.0439,-5482140.89,2
2025-08-01,ACC0000003367,CUST0001693,INVESTMENT,Deposito,2023-01-20,ACTIVE,0.00,,0.1379,4293039.99,1
2025-08-01,ACC0000003408,CUST0001714,CREDIT_CARD,Kartu Virtual,2024-09-11,ACTIVE,0.00,11882373.48,0.0161,-311511.64,1
2025-08-01,ACC0000003618,CUST0001824,INVESTMENT,Deposito,2024-02-02,DORMANT,0.00,,0.0147,0.00,0
2025-08-01,ACC0000003657,CUST0001846,SAVINGS,Tabungan Rencana,2021-05-10,ACTIVE,42112269.29,,0.0348,-4559777.28,1
2025-08-01,ACC0000003831,CUST0001932,LOAN,Kredit Usaha,2022-02-21,ACTIVE,0.00,,0.1493,4190188.78,1
2025-08-01,ACC0000004055,CUST0002046,INVESTMENT,Obligasi,2024-10-07,DORMANT,0.00,,0.0978,0.00,0
2025-08-01,ACC0000004094,CUST0002065,LOAN,KTA Personal,2023-10-03,ACTIVE,0.00,,0.1126,4403897.86,3
2025-08-01,ACC0000004659,CUST0002339,INVESTMENT,Deposito,2021-05-12,SUSPENDED,0.00,,0.1264,0.00,0
2025-08-01,ACC0000004667,CUST0002342,INVESTMENT,SBN Retail,2024-06-25,ACTIVE,0.00,,0.0393,-1952994.86,2
2025-08-01,ACC0000004815,CUST0002416,LOAN,Kredit Usaha,2024-04-01,SUSPENDED,0.00,,0.031,0.00,0
2025-08-01,ACC0000005239,CUST0002632,LOAN,KPR Rumah,2024-07-09,ACTIVE,0.00,,0.079,0.00,0
2025-08-01,ACC0000005382,CUST0002702,CREDIT_CARD,Kartu Classic,2022-08-22,ACTIVE,0.00,16590094.49,0.1181,0.00,0
2025-08-01,ACC0000005456,CUST0002736,SAVINGS,Tabungan Haji,2022-05-25,DORMANT,5040601.59,,0.033,0.00,0
2025-08-01,ACC0000006102,CUST0003066,SAVINGS,Tabungan Rencana,2023-02-27,CLOSED,24852014.80,,0.1069,0.00,0
2025-08-01,ACC0000006166,CUST0003099,INVESTMENT,SBN Retail,2023-10-23,DORMANT,0.00,,0.1346,0.00,0
2025-08-01,ACC0000006470,CUST0003251,CREDIT_CARD,Kartu Gold,2021-04-11,ACTIVE,0.00,36564121.24,0.0455,0.00,0
2025-08-01,ACC0000006928,CUST0003482,CREDIT_CARD,Kartu Virtual,2024-09-04,ACTIVE,0.00,35206570.29,0.1272,1993382.71,1
2025-08-01,ACC0000007212,CUST0003629,LOAN,Kredit Kendaraan,2022-08-17,CLOSED,0.00,,0.1462,0.00,0
2025-08-01,ACC0000007228,CUST0003638,LOAN,KTA Personal,2024-07-29,ACTIVE,0.00,,0.0282,4133370.53,4
2025-08-01,ACC0000007264,CUST0003654,SAVINGS,Tabungan Rencana,2021-07-25,SUSPENDED,9208225.66,,0.0704,0.00,0
2025-08-01,ACC0000007452,CUST0003744,CREDIT_CARD,Kartu Classic,2024-08-05,ACTIVE,0.00,9657966.53,0.1257,5828107.44,3
2025-08-01,ACC0000007483,CUST0003759,SAVINGS,Tabungan Haji,2024-04-20,ACTIVE,12408926.54,,0.0305,1006588.51,1
2025-08-01,ACC0000007723,CUST0003882,LOAN,Kredit Usaha,2021-08-05,ACTIVE,0.00,,0.1095,1790480.23,2
2025-08-01,ACC0000007902,CUST0003974,SAVINGS,Tabungan Negara Plus,2025-05-31,ACTIVE,49621733.81,,0.0285,-5381505.99,3
2025-08-01,ACC0000007925,CUST0003983,INVESTMENT,Obligasi,2023-03-24,DORMANT,0.00,,0.0152,0.00,0
2025-08-01,ACC0000000013,CUST0000007,LOAN,KTA Personal,2023-04-04,ACTIVE,0.00,,0.0827,-2605800.78,3
2025-08-01,ACC0000000410,CUST0000207,SAVINGS,Tabungan Haji,2021-03-13,ACTIVE,14083476.35,,0.0151,2457312.33,2
2025-08-01,ACC0000000429,CUST0000216,LOAN,KTA Personal,2022-12-04,ACTIVE,0.00,,0.0868,3089767.17,1
2025-08-01,ACC0000000453,CUST0000229,LOAN,KPR Rumah,2022-11-24,ACTIVE,0.00,,0.1033,3385485.47,1
2025-08-01,ACC0000000900,CUST0000448,SAVINGS,Tabungan Rencana,2021-02-18,ACTIVE,39509962.70,,0.058,3357096.98,1
2025-08-01,ACC0000001093,CUST0000548,SAVINGS,Tabungan Haji,2022-10-08,ACTIVE,45342092.06,,0.0958,-1722005.32,3
2025-08-01,ACC0000001330,CUST0000669,SAVINGS,Tabungan Negara Plus,2024-11-24,ACTIVE,45759881.48,,0.1433,-448206.52,3
2025-08-01,ACC0000001356,CUST0000680,LOAN,KTA Personal,2024-10-24,ACTIVE,0.00,,0.1078,4454746.87,3
2025-08-01,ACC0000001508,CUST0000755,INVESTMENT,SBN Retail,2021-09-12,ACTIVE,0.00,,0.0951,-4218515.32,1
2025-08-01,ACC0000001568,CUST0000787,CREDIT_CARD,Kartu Virtual,2022-04-02,ACTIVE,0.00,23689424.24,0.1386,-3179548.95,3
2025-08-01,ACC0000001606,CUST0000808,SAVINGS,Tabungan Haji,2024-02-11,DORMANT,28552838.75,,0.12,0.00,0
2025-08-01,ACC0000001701,CUST0000859,LOAN,Kredit Usaha,2022-07-13,ACTIVE,0.00,,0.1176,-3095600.42,1
2025-08-01,ACC0000002227,CUST0001115,SAVINGS,Tabungan Berjangka,2022-03-03,ACTIVE,4651933.36,,0.1203,2272661.20,2
2025-08-01,ACC0000002620,CUST0001318,SAVINGS,Tabungan Haji,2021-04-14,ACTIVE,45604521.69,,0.0198,-6236210.36,3
2025-08-01,ACC0000002799,CUST0001412,INVESTMENT,Deposito,2024-12-12,ACTIVE,0.00,,0.1342,-8642098.81,2
2025-08-01,ACC0000002880,CUST0001455,LOAN,KTA Personal,2022-10-10,ACTIVE,0.00,,0.0337,-3995256.47,1
2025-08-01,ACC0000003481,CUST0001749,CREDIT_CARD,Kartu Classic,2021-09-11,ACTIVE,0.00,30772634.59,0.0978,2991661.73,1
2025-08-01,ACC0000003576,CUST0001802,CREDIT_CARD,Kartu Classic,2024-06-25,ACTIVE,0.00,32094751.48,0.08,1785353.39,2
2025-08-01,ACC0000003606,CUST0001818,INVESTMENT,Reksa Dana,2023-03-16,ACTIVE,0.00,,0.0622,-898084.56,1
2025-08-01,ACC0000003718,CUST0001873,LOAN,Kredit Usaha,2025-02-17,ACTIVE,0.00,,0.0728,0.00,0
2025-08-01,ACC0000003720,CUST0001874,INVESTMENT,Obligasi,2023-07-08,ACTIVE,0.00,,0.042,10535042.72,3
2025-08-01,ACC0000003827,CUST0001930,INVESTMENT,Reksa Dana,2023-10-16,ACTIVE,0.00,,0.0226,4772470.55,1
2025-08-01,ACC0000004438,CUST0002228,LOAN,Kredit Kendaraan,2022-09-01,ACTIVE,0.00,,0.1387,-2133206.94,2
2025-08-01,ACC0000004506,CUST0002264,CREDIT_CARD,Kartu Virtual,2024-10-15,ACTIVE,0.00,8447086.72,0.0907,0.00,0
2025-08-01,ACC0000004517,CUST0002269,CREDIT_CARD,Kartu Gold,2024-01-20,ACTIVE,0.00,8735202.44,0.021,-1910461.73,2
2025-08-01,ACC0000004578,CUST0002297,INVESTMENT,Reksa Dana,2021-05-31,CLOSED,0.00,,0.0164,0.00,0
2025-08-01,ACC0000004825,CUST0002421,LOAN,Kredit Usaha,2023-12-02,ACTIVE,0.00,,0.0414,0.00,0
2025-08-01,ACC0000004844,CUST0002431,INVESTMENT,Reksa Dana,2024-04-02,ACTIVE,0.00,,0.103,-1856157.54,3
2025-08-01,ACC0000005130,CUST0002575,INVESTMENT,Obligasi,2024-08-24,ACTIVE,0.00,,0.0775,184576.17,1
2025-08-01,ACC0000005196,CUST0002607,INVESTMENT,Deposito,2021-12-17,DORMANT,0.00,,0.0581,0.00,0
2025-08-01,ACC0000005294,CUST0002658,CREDIT_CARD,Kartu Gold,2022-05-17,ACTIVE,0.00,9242543.74,0.0784,4219703.68,1
2025-08-01,ACC0000005297,CUST0002660,SAVINGS,Tabungan Berjangka,2022-09-23,SUSPENDED,11197780.59,,0.0192,0.00,0
2025-08-01,ACC0000005300,CUST0002661,LOAN,Kredit Kendaraan,2023-11-28,DORMANT,0.00,,0.1186,0.00,0
2025-08-01,ACC0000005731,CUST0002875,SAVINGS,Tabungan Berjangka,2022-03-01,DORMANT,41492779.25,,0.0563,0.00,0
2025-08-01,ACC0000005738,CUST0002878,SAVINGS,Tabungan Negara Plus,2023-06-04,ACTIVE,28128017.45,,0.0455,4475743.00,1
2025-08-01,ACC0000005920,CUST0002976,SAVINGS,Tabungan Rencana,2024-11-14,SUSPENDED,9754328.21,,0.084,0.00,0
2025-08-01,ACC0000006678,CUST0003355,INVESTMENT,SBN Retail,2023-03-04,ACTIVE,0.00,,0.0968,-1964818.00,1
2025-08-01,ACC0000006834,CUST0003432,CREDIT_CARD,Kartu Gold,2024-01-23,ACTIVE,0.00,31283426.09,0.0213,-2473165.89,2
2025-08-01,ACC0000006878,CUST0003455,SAVINGS,Tabungan Rencana,2023-06-19,CLOSED,13622737.32,,0.0915,0.00,0
2025-08-01,ACC0000006887,CUST0003459,CREDIT_CARD,Kartu Classic,2022-08-23,ACTIVE,0.00,42585730.64,0.0299,3660117.61,1
2025-08-01,ACC0000007003,CUST0003523,LOAN,KTA Personal,2024-08-20,ACTIVE,0.00,,0.0741,-4211729.49,2
2025-08-01,ACC0000007073,CUST0003558,LOAN,KPR Rumah,2025-01-06,ACTIVE,0.00,,0.0435,0.00,0
2025-08-01,ACC0000007294,CUST0003668,SAVINGS,Tabungan Berjangka,2023-06-05,ACTIVE,3686876.12,,0.0771,-1687394.11,5
2025-08-01,ACC0000007334,CUST0003686,SAVINGS,Tabungan Haji,2023-03-10,ACTIVE,15716697.41,,0.1101,4404370.80,1
2025-08-01,ACC0000007611,CUST0003822,SAVINGS,Tabungan Rencana,2023-06-10,ACTIVE,23945093.46,,0.0365,-3488788.51,2
2025-08-01,ACC0000007630,CUST0003834,CREDIT_CARD,Kartu Gold,2023-11-07,ACTIVE,0.00,40394062.92,0.0281,0.00,0
2025-08-01,ACC0000007792,CUST0003918,CREDIT_CARD,Kartu Platinum,2021-09-29,ACTIVE,0.00,22703506.09,0.1337,-7967986.77,2
2025-08-01,ACC0000000060,CUST0000031,SAVINGS,Tabungan Haji,2024-09-20,ACTIVE,1139291.77,,0.0287,-2544685.94,3
2025-08-01,ACC0000000253,CUST0000126,SAVINGS,Tabungan Haji,2022-01-03,ACTIVE,8589028.61,,0.0245,1735337.99,1
2025-08-01,ACC0000000541,CUST0000271,LOAN,KPR Rumah,2025-04-02,ACTIVE,0.00,,0.0907,0.00,0
2025-08-01,ACC0000000557,CUST0000281,CREDIT_CARD,Kartu Platinum,2021-06-28,ACTIVE,0.00,46680237.19,0.0723,-301487.11,3
2025-08-01,ACC0000000981,CUST0000491,LOAN,KTA Personal,2023-08-06,DORMANT,0.00,,0.0279,0.00,0
2025-08-01,ACC0000001685,CUST0000849,INVESTMENT,Obligasi,2023-09-23,ACTIVE,0.00,,0.0629,8226058.95,2
2025-08-01,ACC0000002231,CUST0001117,SAVINGS,Tabungan Rencana,2021-05-21,ACTIVE,8947491.96,,0.0921,902744.15,2
2025-08-01,ACC0000002379,CUST0001191,LOAN,Kredit Usaha,2023-04-02,ACTIVE,0.00,,0.1074,5787142.63,3
2025-08-01,ACC0000002450,CUST0001230,INVESTMENT,Obligasi,2024-02-10,ACTIVE,0.00,,0.0386,-213136.89,1
2025-08-01,ACC0000002582,CUST0001296,INVESTMENT,Deposito,2022-10-11,CLOSED,0.00,,0.0253,0.00,0
2025-08-01,ACC0000002992,CUST0001508,LOAN,KTA Personal,2023-11-13,ACTIVE,0.00,,0.1368,-3259644.41,1
2025-08-01,ACC0000003376,CUST0001698,INVESTMENT,SBN Retail,2022-07-18,ACTIVE,0.00,,0.0314,0.00,0
2025-08-01,ACC0000003420,CUST0001719,CREDIT_CARD,Kartu Platinum,2023-11-30,ACTIVE,0.00,6850265.09,0.1303,3722599.94,3
2025-08-01,ACC0000003459,CUST0001739,INVESTMENT,Deposito,2025-03-04,ACTIVE,0.00,,0.0792,-3807096.73,2
2025-08-01,ACC0000003579,CUST0001804,CREDIT_CARD,Kartu Gold,2025-03-24,CLOSED,0.00,8198524.33,0.0547,0.00,0
2025-08-01,ACC0000003670,CUST0001852,SAVINGS,Tabungan Negara Plus,2022-01-10,ACTIVE,20390076.19,,0.0359,-2386837.93,1
2025-08-01,ACC0000003702,CUST0001865,INVESTMENT,SBN Retail,2025-03-01,ACTIVE,0.00,,0.1016,-443994.01,2
2025-08-01,ACC0000003867,CUST0001950,INVESTMENT,Deposito,2023-09-27,ACTIVE,0.00,,0.0849,1109986.34,1
2025-08-01,ACC0000003953,CUST0001992,SAVINGS,Tabungan Haji,2024-12-03,DORMANT,22375250.67,,0.0434,0.00,0
2025-08-01,ACC0000004261,CUST0002144,SAVINGS,Tabungan Haji,2022-07-05,ACTIVE,31796296.55,,0.0596,-785999.11,1
2025-08-01,ACC0000004419,CUST0002219,INVESTMENT,Obligasi,2023-08-10,ACTIVE,0.00,,0.0791,514037.07,2
2025-08-01,ACC0000004484,CUST0002252,LOAN,Kredit Usaha,2022-08-23,ACTIVE,0.00,,0.0333,344988.02,3
2025-08-01,ACC0000004680,CUST0002347,LOAN,KPR Rumah,2022-11-11,ACTIVE,0.00,,0.0984,-27329.15,1
2025-08-01,ACC0000004854,CUST0002434,INVESTMENT,Reksa Dana,2024-08-16,ACTIVE,0.00,,0.1382,2338243.81,3
2025-08-01,ACC0000005064,CUST0002540,INVESTMENT,SBN Retail,2024-03-18,ACTIVE,0.00,,0.0358,3233984.88,1
2025-08-01,ACC0000005067,CUST0002542,SAVINGS,Tabungan Negara Plus,2022-12-16,ACTIVE,43131772.18,,0.0518,2060805.44,2
2025-08-01,ACC0000005348,CUST0002684,LOAN,KPR Rumah,2021-08-04,DORMANT,0.00,,0.0935,0.00,0
2025-08-01,ACC0000005376,CUST0002699,CREDIT_CARD,Kartu Gold,2025-02-20,ACTIVE,0.00,45828985.97,0.0427,-2001000.49,1
2025-08-01,ACC0000005463,CUST0002739,CREDIT_CARD,Kartu Classic,2022-02-04,CLOSED,0.00,42187497.98,0.0361,0.00,0
2025-08-01,ACC0000005683,CUST0002850,INVESTMENT,Obligasi,2024-05-19,ACTIVE,0.00,,0.1318,817356.34,1
2025-08-01,ACC0000005685,CUST0002851,LOAN,KTA Personal,2024-10-17,ACTIVE,0.00,,0.1031,3389554.36,1
2025-08-01,ACC0000005735,CUST0002877,CREDIT_CARD,Kartu Classic,2022-04-01,ACTIVE,0.00,24838104.72,0.0971,-7795685.88,4
2025-08-01,ACC0000005957,CUST0002994,LOAN,Kredit Usaha,2024-12-22,ACTIVE,0.00,,0.1041,-21763.75,3
2025-08-01,ACC0000005972,CUST0003000,INVESTMENT,Reksa Dana,2023-06-17,ACTIVE,0.00,,0.1476,-269486.01,2
2025-08-01,ACC0000006197,CUST0003114,SAVINGS,Tabungan Haji,2021-12-23,ACTIVE,28485838.28,,0.0143,-8020852.59,3
2025-08-01,ACC0000006348,CUST0003187,INVESTMENT,Reksa Dana,2025-04-03,ACTIVE,0.00,,0.1306,0.00,0
2025-08-01,ACC0000006551,CUST0003290,LOAN,Kredit Kendaraan,2024-07-10,ACTIVE,0.00,,0.1354,-2219604.10,2
2025-08-01,ACC0000006581,CUST0003305,LOAN,Kredit Kendaraan,2021-10-04,ACTIVE,0.00,,0.0413,0.00,0
2025-08-01,ACC0000006615,CUST0003322,CREDIT_CARD,Kartu Platinum,2021-08-16,ACTIVE,0.00,36980002.14,0.1487,0.00,0
2025-08-01,ACC0000006680,CUST0003355,CREDIT_CARD,Kartu Virtual,2023-03-31,CLOSED,0.00,49003335.54,0.0642,0.00,0
2025-08-01,ACC0000006949,CUST0003494,CREDIT_CARD,Kartu Virtual,2022-07-12,ACTIVE,0.00,7189148.21,0.0777,1054014.03,2
2025-08-01,ACC0000007075,CUST0003559,LOAN,KTA Personal,2023-02-17,SUSPENDED,0.00,,0.0325,0.00,0
2025-08-01,ACC0000007216,CUST0003632,LOAN,Kredit Kendaraan,2024-07-29,ACTIVE,0.00,,0.0963,-66974.75,3
2025-08-01,ACC0000007525,CUST0003780,SAVINGS,Tabungan Berjangka,2024-02-12,ACTIVE,38669454.82,,0.0954,1957921.95,2
2025-08-01,ACC0000000610,CUST0000306,SAVINGS,Tabungan Berjangka,2021-12-19,CLOSED,45907587.32,,0.0831,0.00,0
2025-08-01,ACC0000000683,CUST0000338,CREDIT_CARD,Kartu Platinum,2023-03-18,ACTIVE,0.00,29203255.84,0.0561,0.00,0
2025-08-01,ACC0000000753,CUST0000374,CREDIT_CARD,Kartu Virtual,2023-10-11,ACTIVE,0.00,21867822.99,0.0975,-3163350.66,1
2025-08-01,ACC0000000874,CUST0000433,SAVINGS,Tabungan Rencana,2024-01-21,ACTIVE,48688281.57,,0.139,-2108463.13,1
2025-08-01,ACC0000000906,CUST0000453,SAVINGS,Tabungan Berjangka,2023-01-10,SUSPENDED,47162305.31,,0.0677,0.00,0
2025-08-01,ACC0000001128,CUST0000564,CREDIT_CARD,Kartu Classic,2022-08-22,CLOSED,0.00,11032515.76,0.0836,0.00,0
2025-08-01,ACC0000001151,CUST0000577,LOAN,Kredit Kendaraan,2021-08-31,ACTIVE,0.00,,0.1486,-7196785.04,2
2025-08-01,ACC0000001314,CUST0000662,CREDIT_CARD,Kartu Platinum,2023-03-19,ACTIVE,0.00,14297749.80,0.1159,3197241.12,3
2025-08-01,ACC0000001489,CUST0000746,INVESTMENT,Obligasi,2021-06-10,CLOSED,0.00,,0.1252,0.00,0
2025-08-01,ACC0000002103,CUST0001059,LOAN,KPR Rumah,2022-09-19,ACTIVE,0.00,,0.0135,6786322.13,2
2025-08-01,ACC0000002143,CUST0001079,SAVINGS,Tabungan Rencana,2021-11-03,ACTIVE,38882692.22,,0.0691,-4440022.21,2
2025-08-01,ACC0000002307,CUST0001155,LOAN,Kredit Usaha,2023-07-09,CLOSED,0.00,,0.0708,0.00,0
2025-08-01,ACC0000002381,CUST0001192,SAVINGS,Tabungan Negara Plus,2022-07-24,ACTIVE,4381930.17,,0.0634,-3238476.21,1
2025-08-01,ACC0000002820,CUST0001424,SAVINGS,Tabungan Haji,2024-06-25,ACTIVE,30818460.25,,0.0113,0.00,0
2025-08-01,ACC0000003330,CUST0001675,INVESTMENT,Obligasi,2022-10-08,SUSPENDED,0.00,,0.1029,0.00,0
2025-08-01,ACC0000003495,CUST0001758,CREDIT_CARD,Kartu Classic,2021-10-21,ACTIVE,0.00,16910249.35,0.0317,1466471.86,2
2025-08-01,ACC0000003521,CUST0001771,LOAN,KPR Rumah,2022-04-15,ACTIVE,0.00,,0.0224,7141174.89,2
2025-08-01,ACC0000003539,CUST0001779,LOAN,Kredit Usaha,2021-12-25,ACTIVE,0.00,,0.0856,3664550.29,2
2025-08-01,ACC0000003683,CUST0001857,INVESTMENT,Deposito,2021-06-16,ACTIVE,0.00,,0.0301,-3556946.84,1
2025-08-01,ACC0000004211,CUST0002121,SAVINGS,Tabungan Negara Plus,2023-01-10,CLOSED,30176349.42,,0.0218,0.00,0
2025-08-01,ACC0000004292,CUST0002158,INVESTMENT,Reksa Dana,2022-12-14,ACTIVE,0.00,,0.1225,4029162.23,3
2025-08-01,ACC0000004544,CUST0002282,LOAN,Kredit Usaha,2025-02-11,SUSPENDED,0.00,,0.137,0.00,0
2025-08-01,ACC0000004751,CUST0002382,CREDIT_CARD,Kartu Classic,2023-08-05,ACTIVE,0.00,6838170.73,0.1405,-28212.34,2
2025-08-01,ACC0000005234,CUST0002629,CREDIT_CARD,Kartu Platinum,2025-03-27,ACTIVE,0.00,8718567.57,0.0601,-6239060.93,4
2025-08-01,ACC0000005794,CUST0002911,SAVINGS,Tabungan Rencana,2024-07-14,ACTIVE,12200588.13,,0.0696,1712194.19,2
2025-08-01,ACC0000006086,CUST0003059,CREDIT_CARD,Kartu Virtual,2022-02-28,ACTIVE,0.00,37686056.11,0.0873,0.00,0
2025-08-01,ACC0000006088,CUST0003060,CREDIT_CARD,Kartu Platinum,2025-01-08,ACTIVE,0.00,7863949.62,0.0575,866964.22,1
2025-08-01,ACC0000006464,CUST0003248,SAVINGS,Tabungan Haji,2024-10-30,ACTIVE,45208060.02,,0.1453,-1693497.69,2
2025-08-01,ACC0000006514,CUST0003271,LOAN,KTA Personal,2023-10-12,ACTIVE,0.00,,0.0486,-7848507.95,3
2025-08-01,ACC0000006911,CUST0003473,LOAN,KPR Rumah,2021-12-28,ACTIVE,0.00,,0.0388,1740318.53,2
2025-08-01,ACC0000006924,CUST0003480,LOAN,Kredit Usaha,2023-11-14,CLOSED,0.00,,0.0509,0.00,0
2025-08-01,ACC0000007154,CUST0003602,CREDIT_CARD,Kartu Gold,2022-02-08,ACTIVE,0.00,32691837.04,0.024,0.00,0
2025-08-01,ACC0000007472,CUST0003754,SAVINGS,Tabungan Rencana,2022-08-09,ACTIVE,19031636.38,,0.0981,0.00,0
2025-08-01,ACC0000007561,CUST0003797,SAVINGS,Tabungan Berjangka,2021-04-15,DORMANT,30425880.67,,0.1189,0.00,0
2025-08-01,ACC0000000016,CUST0000008,CREDIT_CARD,Kartu Classic,2024-12-11,ACTIVE,0.00,20120428.17,0.0659,2375798.69,1
2025-08-01,ACC0000000064,CUST0000033,INVESTMENT,Reksa Dana,2022-04-14,ACTIVE,0.00,,0.1067,265288.41,4
2025-08-01,ACC0000000107,CUST0000055,INVESTMENT,Reksa Dana,2024-10-02,CLOSED,0.00,,0.0536,0.00,0
2025-08-01,ACC0000000215,CUST0000108,SAVINGS,Tabungan Rencana,2023-06-26,ACTIVE,28895778.04,,0.0351,-1435263.55,1
2025-08-01,ACC0000000437,CUST0000220,INVESTMENT,SBN Retail,2023-11-05,ACTIVE,0.00,,0.1162,0.00,0
2025-08-01,ACC0000000440,CUST0000222,LOAN,KTA Personal,2023-11-15,ACTIVE,0.00,,0.0693,0.00,0
2025-08-01,ACC0000000612,CUST0000307,CREDIT_CARD,Kartu Virtual,2022-06-11,ACTIVE,0.00,27896116.50,0.0754,2658518.79,2
2025-08-01,ACC0000000624,CUST0000312,CREDIT_CARD,Kartu Classic,2024-02-04,CLOSED,0.00,19129414.28,0.123,0.00,0
2025-08-01,ACC0000000732,CUST0000363,INVESTMENT,SBN Retail,2022-01-23,ACTIVE,0.00,,0.076,1210333.28,3
2025-08-01,ACC0000000968,CUST0000487,LOAN,KTA Personal,2023-02-03,ACTIVE,0.00,,0.13,-4842414.00,1
2025-08-01,ACC0000001073,CUST0000535,LOAN,Kredit Kendaraan,2022-12-08,ACTIVE,0.00,,0.0744,0.00,0
2025-08-01,ACC0000001219,CUST0000612,SAVINGS,Tabungan Haji,2024-01-18,ACTIVE,38648594.30,,0.1467,-1134935.39,1
2025-08-01,ACC0000001293,CUST0000652,CREDIT_CARD,Kartu Gold,2022-07-02,DORMANT,0.00,44080682.91,0.0746,0.00,0
2025-08-01,ACC0000001299,CUST0000655,INVESTMENT,Reksa Dana,2024-01-21,ACTIVE,0.00,,0.1396,0.00,0
2025-08-01,ACC0000001474,CUST0000738,LOAN,Kredit Kendaraan,2024-12-27,ACTIVE,0.00,,0.142,0.00,0
2025-08-01,ACC0000001768,CUST0000891,INVESTMENT,Obligasi,2022-11-30,ACTIVE,0.00,,0.1047,-5026938.34,3
2025-08-01,ACC0000001973,CUST0000992,CREDIT_CARD,Kartu Classic,2022-05-19,DORMANT,0.00,29089200.32,0.0728,0.00,0
2025-08-01,ACC0000002087,CUST0001052,INVESTMENT,SBN Retail,2024-01-09,ACTIVE,0.00,,0.0965,-54623.73,1
2025-08-01,ACC0000002198,CUST0001103,CREDIT_CARD,Kartu Gold,2024-03-19,ACTIVE,0.00,18105223.74,0.0402,-2361366.61,1
2025-08-01,ACC0000003122,CUST0001573,LOAN,KTA Personal,2023-03-22,ACTIVE,0.00,,0.1188,-1525686.50,4
2025-08-01,ACC0000003560,CUST0001793,CREDIT_CARD,Kartu Virtual,2023-03-07,ACTIVE,0.00,41860439.33,0.0497,-3124049.27,1
2025-08-01,ACC0000003694,CUST0001861,CREDIT_CARD,Kartu Platinum,2024-07-18,ACTIVE,0.00,40488764.60,0.0549,-3192579.38,6
2025-08-01,ACC0000004272,CUST0002148,LOAN,KTA Personal,2022-07-31,DORMANT,0.00,,0.0618,0.00,0
2025-08-01,ACC0000004394,CUST0002207,CREDIT_CARD,Kartu Platinum,2021-01-20,ACTIVE,0.00,17276307.01,0.034,-4146220.90,2
2025-08-01,ACC0000004465,CUST0002241,CREDIT_CARD,Kartu Gold,2024-03-20,CLOSED,0.00,15721762.63,0.0749,0.00,0
2025-08-01,ACC0000004803,CUST0002410,LOAN,KPR Rumah,2022-03-31,ACTIVE,0.00,,0.0172,-1606235.26,2
2025-08-01,ACC0000004972,CUST0002493,CREDIT_CARD,Kartu Virtual,2022-11-02,ACTIVE,0.00,24694901.91,0.0925,0.00,0
2025-08-01,ACC0000005413,CUST0002716,INVESTMENT,Deposito,2025-03-04,CLOSED,0.00,,0.1431,0.00,0
2025-08-01,ACC0000005939,CUST0002984,CREDIT_CARD,Kartu Platinum,2025-02-04,ACTIVE,0.00,10788250.78,0.0825,-1181929.21,2
2025-08-01,ACC0000006016,CUST0003024,SAVINGS,Tabungan Berjangka,2023-07-12,ACTIVE,21282835.74,,0.0795,-1264835.66,1
2025-08-01,ACC0000006068,CUST0003050,SAVINGS,Tabungan Haji,2023-05-14,ACTIVE,35341294.23,,0.0745,-1195761.13,8
2025-08-01,ACC0000006202,CUST0003116,LOAN,KTA Personal,2023-04-16,ACTIVE,0.00,,0.0828,-3246108.26,3
2025-08-01,ACC0000006353,CUST0003191,INVESTMENT,Deposito,2022-11-14,ACTIVE,0.00,,0.0738,1566007.82,1
2025-08-01,ACC0000006367,CUST0003200,SAVINGS,Tabungan Rencana,2023-01-09,ACTIVE,10658929.69,,0.1308,-3612505.07,1
2025-08-01,ACC0000006755,CUST0003393,INVESTMENT,Obligasi,2021-07-13,ACTIVE,0.00,,0.0998,7011492.97,2
2025-08-01,ACC0000006939,CUST0003489,CREDIT_CARD,Kartu Gold,2024-02-24,ACTIVE,0.00,17429354.84,0.057,-4453520.76,3
2025-08-01,ACC0000007474,CUST0003755,CREDIT_CARD,Kartu Classic,2021-06-29,DORMANT,0.00,45971909.61,0.0194,0.00,0
2025-08-01,ACC0000007521,CUST0003778,CREDIT_CARD,Kartu Gold,2022-12-25,ACTIVE,0.00,47975971.11,0.1436,3041257.91,2
2025-08-01,ACC0000000409,CUST0000207,CREDIT_CARD,Kartu Gold,2021-06-24,CLOSED,0.00,13150900.71,0.0709,0.00,0
2025-08-01,ACC0000000652,CUST0000324,LOAN,KPR Rumah,2021-12-10,ACTIVE,0.00,,0.1241,0.00,0
2025-08-01,ACC0000000693,CUST0000345,SAVINGS,Tabungan Rencana,2022-09-20,ACTIVE,24452107.82,,0.0623,-8938032.53,3
2025-08-01,ACC0000000880,CUST0000436,CREDIT_CARD,Kartu Platinum,2023-05-21,ACTIVE,0.00,18120907.38,0.0964,0.00,0
2025-08-01,ACC0000000952,CUST0000476,SAVINGS,Tabungan Berjangka,2024-09-08,ACTIVE,1483473.35,,0.0456,-35631.48,2
2025-08-01,ACC0000001084,CUST0000542,CREDIT_CARD,Kartu Platinum,2022-10-19,DORMANT,0.00,20899625.31,0.0493,0.00,0
2025-08-01,ACC0000001206,CUST0000604,LOAN,KTA Personal,2021-08-03,DORMANT,0.00,,0.1082,0.00,0
2025-08-01,ACC0000001691,CUST0000852,INVESTMENT,Obligasi,2024-12-23,ACTIVE,0.00,,0.1321,-3699118.42,1
2025-08-01,ACC0000002171,CUST0001091,SAVINGS,Tabungan Berjangka,2024-10-16,ACTIVE,8470019.65,,0.0679,-1689314.06,1
2025-08-01,ACC0000002350,CUST0001177,SAVINGS,Tabungan Haji,2024-12-09,ACTIVE,20962761.00,,0.1012,256265.55,1
2025-08-01,ACC0000002545,CUST0001278,LOAN,Kredit Kendaraan,2024-08-17,ACTIVE,0.00,,0.0403,0.00,0
2025-08-01,ACC0000002646,CUST0001334,CREDIT_CARD,Kartu Gold,2023-01-27,ACTIVE,0.00,29494190.47,0.0885,0.00,0
2025-08-01,ACC0000002867,CUST0001449,SAVINGS,Tabungan Negara Plus,2021-12-06,CLOSED,21747064.81,,0.019,0.00,0
2025-08-01,ACC0000003213,CUST0001621,SAVINGS,Tabungan Negara Plus,2022-07-06,ACTIVE,21826195.00,,0.0756,4374958.39,1
2025-08-01,ACC0000003395,CUST0001707,INVESTMENT,SBN Retail,2022-05-12,ACTIVE,0.00,,0.0731,151910.46,2
2025-08-01,ACC0000003492,CUST0001756,INVESTMENT,Deposito,2021-09-27,ACTIVE,0.00,,0.1086,-4251507.06,1
2025-08-01,ACC0000003707,CUST0001868,LOAN,Kredit Kendaraan,2024-09-18,ACTIVE,0.00,,0.077,152161.71,3
2025-08-01,ACC0000004103,CUST0002069,LOAN,KPR Rumah,2023-03-20,ACTIVE,0.00,,0.0379,-3145771.43,4
2025-08-01,ACC0000004430,CUST0002224,LOAN,Kredit Kendaraan,2025-03-13,ACTIVE,0.00,,0.0685,3023072.02,1
2025-08-01,ACC0000004646,CUST0002333,SAVINGS,Tabungan Negara Plus,2022-10-26,ACTIVE,27728267.30,,0.1064,-4014035.03,2
2025-08-01,ACC0000004674,CUST0002344,SAVINGS,Tabungan Negara Plus,2024-12-31,ACTIVE,33782516.08,,0.0808,-4157731.46,1
2025-08-01,ACC0000005042,CUST0002527,INVESTMENT,SBN Retail,2021-11-18,ACTIVE,0.00,,0.0354,-4472653.43,1
2025-08-01,ACC0000005177,CUST0002597,INVESTMENT,Reksa Dana,2021-08-21,DORMANT,0.00,,0.1277,0.00,0
2025-08-01,ACC0000005185,CUST0002601,SAVINGS,Tabungan Negara Plus,2023-06-16,DORMANT,22277966.49,,0.0992,0.00,0
2025-08-01,ACC0000005415,CUST0002717,CREDIT_CARD,Kartu Virtual,2024-01-20,CLOSED,0.00,25603779.59,0.064,0.00,0
2025-08-01,ACC0000005451,CUST0002734,SAVINGS,Tabungan Haji,2024-08-07,DORMANT,48952630.93,,0.15,0.00,0
2025-08-01,ACC0000005495,CUST0002757,LOAN,Kredit Usaha,2021-04-06,DORMANT,0.00,,0.0599,0.00,0
2025-08-01,ACC0000005589,CUST0002805,SAVINGS,Tabungan Rencana,2025-03-01,ACTIVE,12324649.44,,0.0521,-4046081.14,3
2025-08-01,ACC0000005975,CUST0003001,CREDIT_CARD,Kartu Virtual,2022-10-12,ACTIVE,0.00,38106508.60,0.1473,0.00,0
2025-08-01,ACC0000005981,CUST0003005,LOAN,KTA Personal,2024-06-02,ACTIVE,0.00,,0.1317,0.00,0
2025-08-01,ACC0000006054,CUST0003043,INVESTMENT,SBN Retail,2021-12-07,ACTIVE,0.00,,0.1253,-1883846.84,1
2025-08-01,ACC0000006072,CUST0003052,INVESTMENT,SBN Retail,2022-07-12,ACTIVE,0.00,,0.0665,3469009.57,1
2025-08-01,ACC0000006104,CUST0003066,INVESTMENT,Deposito,2022-11-07,ACTIVE,0.00,,0.0322,-9773626.50,5
2025-08-01,ACC0000006137,CUST0003084,CREDIT_CARD,Kartu Virtual,2024-10-07,ACTIVE,0.00,32227309.55,0.014,2729343.71,1
2025-08-01,ACC0000006153,CUST0003091,INVESTMENT,Obligasi,2021-07-07,ACTIVE,0.00,,0.1162,-3146806.32,2
2025-08-01,ACC0000006522,CUST0003274,CREDIT_CARD,Kartu Gold,2024-08-09,ACTIVE,0.00,6002528.45,0.1046,-2344055.32,1
2025-08-01,ACC0000006646,CUST0003338,LOAN,Kredit Kendaraan,2024-09-18,ACTIVE,0.00,,0.064,-1308780.77,1
2025-08-01,ACC0000007023,CUST0003532,LOAN,Kredit Usaha,2024-02-05,CLOSED,0.00,,0.0762,0.00,0
2025-08-01,ACC0000007412,CUST0003725,INVESTMENT,Obligasi,2022-01-07,ACTIVE,0.00,,0.0531,345437.20,2
2025-08-01,ACC0000007770,CUST0003905,CREDIT_CARD,Kartu Platinum,2023-01-31,ACTIVE,0.00,29621704.90,0.0151,4155851.31,1
2025-08-01,ACC0000000121,CUST0000064,INVESTMENT,Obligasi,2021-05-07,ACTIVE,0.00,,0.0353,5915124.66,2
2025-08-01,ACC0000000168,CUST0000083,CREDIT_CARD,Kartu Platinum,2023-09-25,DORMANT,0.00,42709113.47,0.0781,0.00,0
2025-08-01,ACC0000000332,CUST0000167,SAVINGS,Tabungan Berjangka,2023-02-09,DORMANT,494417.39,,0.0812,0.00,0
2025-08-01,ACC0000001022,CUST0000511,LOAN,Kredit Usaha,2021-05-21,CLOSED,0.00,,0.0501,0.00,0
2025-08-01,ACC0000001461,CUST0000732,INVESTMENT,Reksa Dana,2023-05-15,ACTIVE,0.00,,0.0349,4671671.50,4
2025-08-01,ACC0000001612,CUST0000812,CREDIT_CARD,Kartu Classic,2022-07-25,ACTIVE,0.00,33652849.22,0.1094,263003.22,3
2025-08-01,ACC0000001767,CUST0000891,CREDIT_CARD,Kartu Virtual,2023-02-14,ACTIVE,0.00,8826543.22,0.0747,3826569.95,2
2025-08-01,ACC0000001791,CUST0000901,INVESTMENT,SBN Retail,2024-07-08,ACTIVE,0.00,,0.0845,1914180.53,1
2025-08-01,ACC0000001836,CUST0000923,CREDIT_CARD,Kartu Platinum,2025-02-08,ACTIVE,0.00,12520324.89,0.0322,0.00,0
2025-08-01,ACC0000002045,CUST0001030,CREDIT_CARD,Kartu Virtual,2023-10-28,ACTIVE,0.00,12080756.88,0.0111,-2452091.43,2
2025-08-01,ACC0000002214,CUST0001111,INVESTMENT,Reksa Dana,2023-05-29,ACTIVE,0.00,,0.0181,0.00,0
2025-08-01,ACC0000002230,CUST0001117,SAVINGS,Tabungan Berjangka,2021-09-19,ACTIVE,26949877.98,,0.0392,-1965657.72,1
2025-08-01,ACC0000002274,CUST0001140,INVESTMENT,Reksa Dana,2021-07-07,DORMANT,0.00,,0.0645,0.00,0
2025-08-01,ACC0000002405,CUST0001205,SAVINGS,Tabungan Berjangka,2022-11-09,ACTIVE,45097039.53,,0.1473,-2047546.11,2
2025-08-01,ACC0000002537,CUST0001275,SAVINGS,Tabungan Berjangka,2023-05-15,DORMANT,48970451.58,,0.0983,0.00,0
2025-08-01,ACC0000002885,CUST0001458,CREDIT_CARD,Kartu Platinum,2024-07-14,ACTIVE,0.00,13685371.80,0.0948,2245059.00,3
2025-08-01,ACC0000002991,CUST0001507,SAVINGS,Tabungan Rencana,2023-10-28,ACTIVE,27636762.61,,0.064,-2918004.18,1
2025-08-01,ACC0000003013,CUST0001518,INVESTMENT,Reksa Dana,2023-01-18,ACTIVE,0.00,,0.0709,3182961.95,3
2025-08-01,ACC0000003253,CUST0001641,LOAN,Kredit Usaha,2022-04-11,ACTIVE,0.00,,0.0844,5177747.18,2
2025-08-01,ACC0000003304,CUST0001663,INVESTMENT,Deposito,2024-10-08,ACTIVE,0.00,,0.0353,0.00,0
2025-08-01,ACC0000003627,CUST0001829,CREDIT_CARD,Kartu Virtual,2022-10-17,ACTIVE,0.00,36668104.66,0.0158,3290366.10,1
2025-08-01,ACC0000003691,CUST0001860,INVESTMENT,Deposito,2021-06-05,ACTIVE,0.00,,0.0499,0.00,0
2025-08-01,ACC0000003862,CUST0001947,INVESTMENT,SBN Retail,2023-10-09,ACTIVE,0.00,,0.0719,-2260099.89,2
2025-08-01,ACC0000003899,CUST0001967,LOAN,KTA Personal,2025-02-20,ACTIVE,0.00,,0.0319,643607.81,1
2025-08-01,ACC0000003950,CUST0001991,LOAN,Kredit Kendaraan,2024-10-03,ACTIVE,0.00,,0.0623,1706787.01,4
2025-08-01,ACC0000004058,CUST0002047,INVESTMENT,Obligasi,2024-01-20,ACTIVE,0.00,,0.1186,2830270.12,1
2025-08-01,ACC0000004096,CUST0002066,INVESTMENT,Reksa Dana,2023-01-27,ACTIVE,0.00,,0.1377,-4054883.92,5
2025-08-01,ACC0000004226,CUST0002127,LOAN,KPR Rumah,2022-06-30,ACTIVE,0.00,,0.0151,5985161.36,5
2025-08-01,ACC0000004725,CUST0002371,CREDIT_CARD,Kartu Platinum,2023-04-16,ACTIVE,0.00,36965358.62,0.0655,-2655813.83,2
2025-08-01,ACC0000004978,CUST0002496,CREDIT_CARD,Kartu Virtual,2022-08-13,ACTIVE,0.00,20400837.91,0.0402,-4578217.33,2
2025-08-01,ACC0000005108,CUST0002564,INVESTMENT,Reksa Dana,2022-03-13,CLOSED,0.00,,0.0352,0.00,0
2025-08-01,ACC0000005435,CUST0002727,LOAN,Kredit Usaha,2022-11-28,DORMANT,0.00,,0.0704,0.00,0
2025-08-01,ACC0000005448,CUST0002733,INVESTMENT,Deposito,2021-09-22,ACTIVE,0.00,,0.0227,3491163.75,2
2025-08-01,ACC0000005584,CUST0002801,LOAN,Kredit Usaha,2024-10-19,ACTIVE,0.00,,0.0115,3700561.36,2
2025-08-01,ACC0000005758,CUST0002892,CREDIT_CARD,Kartu Classic,2024-05-22,CLOSED,0.00,14461488.33,0.0332,0.00,0
2025-08-01,ACC0000005800,CUST0002915,SAVINGS,Tabungan Rencana,2023-11-09,ACTIVE,11127791.16,,0.0904,0.00,0
2025-08-01,ACC0000006076,CUST0003054,LOAN,KTA Personal,2024-03-12,ACTIVE,0.00,,0.0571,1858692.29,2
2025-08-01,ACC0000006328,CUST0003177,LOAN,KPR Rumah,2022-06-25,ACTIVE,0.00,,0.0797,0.00,0
2025-08-01,ACC0000006340,CUST0003184,LOAN,KPR Rumah,2023-03-12,ACTIVE,0.00,,0.117,3885209.50,2
2025-08-01,ACC0000006532,CUST0003279,LOAN,KTA Personal,2021-06-03,ACTIVE,0.00,,0.0981,4846840.95,3
2025-08-01,ACC0000006706,CUST0003368,INVESTMENT,Obligasi,2023-10-28,ACTIVE,0.00,,0.0762,4005989.59,3
2025-08-01,ACC0000006772,CUST0003401,LOAN,KTA Personal,2025-04-02,ACTIVE,0.00,,0.0234,-1702156.17,1
2025-08-01,ACC0000006973,CUST0003508,LOAN,Kredit Kendaraan,2022-01-07,ACTIVE,0.00,,0.0609,6720347.59,2
2025-08-01,ACC0000007151,CUST0003600,INVESTMENT,Obligasi,2023-01-28,ACTIVE,0.00,,0.1013,0.00,0
2025-08-01,ACC0000007184,CUST0003615,CREDIT_CARD,Kartu Gold,2022-01-02,ACTIVE,0.00,34985778.62,0.0905,0.00,0
2025-08-01,ACC0000007624,CUST0003830,CREDIT_CARD,Kartu Classic,2024-11-19,ACTIVE,0.00,37588284.40,0.0283,2812589.84,2
2025-08-01,ACC0000007664,CUST0003850,SAVINGS,Tabungan Berjangka,2023-08-20,CLOSED,8213177.53,,0.049,0.00,0
2025-08-01,ACC0000007690,CUST0003863,CREDIT_CARD,Kartu Classic,2022-07-19,ACTIVE,0.00,19857568.42,0.1356,-4043691.27,2
2025-08-01,ACC0000000103,CUST0000053,SAVINGS,Tabungan Rencana,2023-02-23,ACTIVE,40916587.63,,0.0945,-3037438.02,2
2025-08-01,ACC0000000178,CUST0000087,CREDIT_CARD,Kartu Virtual,2021-11-26,ACTIVE,0.00,12142445.03,0.1389,0.00,0
2025-08-01,ACC0000000312,CUST0000154,LOAN,Kredit Kendaraan,2025-01-02,ACTIVE,0.00,,0.0247,4751960.55,2
2025-08-01,ACC0000000388,CUST0000195,INVESTMENT,Deposito,2022-12-18,ACTIVE,0.00,,0.0358,3739831.07,2
2025-08-01,ACC0000000630,CUST0000314,SAVINGS,Tabungan Berjangka,2025-01-15,ACTIVE,38733068.69,,0.0787,2701056.44,2
2025-08-01,ACC0000000726,CUST0000360,SAVINGS,Tabungan Berjangka,2023-12-10,ACTIVE,9563100.72,,0.0197,0.00,0
2025-08-01,ACC0000000806,CUST0000400,CREDIT_CARD,Kartu Virtual,2022-01-21,CLOSED,0.00,20503333.01,0.1248,0.00,0
2025-08-01,ACC0000000971,CUST0000488,LOAN,Kredit Usaha,2021-12-03,ACTIVE,0.00,,0.0834,1579914.72,1
2025-08-01,ACC0000001149,CUST0000576,LOAN,KPR Rumah,2022-08-27,SUSPENDED,0.00,,0.1145,0.00,0
2025-08-01,ACC0000001295,CUST0000653,CREDIT_CARD,Kartu Gold,2024-07-14,ACTIVE,0.00,31975036.79,0.0128,2663702.64,2
2025-08-01,ACC0000001313,CUST0000661,SAVINGS,Tabungan Rencana,2024-12-04,CLOSED,10690548.60,,0.0386,0.00,0
2025-08-01,ACC0000002056,CUST0001035,LOAN,KTA Personal,2022-12-10,ACTIVE,0.00,,0.1348,-4827459.11,1
2025-08-01,ACC0000002241,CUST0001123,LOAN,Kredit Kendaraan,2021-10-14,ACTIVE,0.00,,0.1338,-1523624.10,2
2025-08-01,ACC0000002346,CUST0001175,LOAN,Kredit Usaha,2023-04-22,ACTIVE,0.00,,0.0482,0.00,0
2025-08-01,ACC0000002390,CUST0001197,SAVINGS,Tabungan Haji,2023-09-14,ACTIVE,43839650.02,,0.0374,3283414.76,1
2025-08-01,ACC0000002802,CUST0001415,SAVINGS,Tabungan Berjangka,2025-05-21,ACTIVE,36356226.79,,0.0986,0.00,0
2025-08-01,ACC0000002876,CUST0001453,SAVINGS,Tabungan Negara Plus,2021-10-17,CLOSED,30636532.35,,0.1482,0.00,0
2025-08-01,ACC0000002900,CUST0001464,SAVINGS,Tabungan Rencana,2023-11-23,ACTIVE,24266577.90,,0.1213,-4847674.49,2
2025-08-01,ACC0000003303,CUST0001662,INVESTMENT,Reksa Dana,2021-04-27,ACTIVE,0.00,,0.0719,3015556.61,1
2025-08-01,ACC0000003561,CUST0001794,LOAN,Kredit Kendaraan,2022-01-07,SUSPENDED,0.00,,0.1056,0.00,0
2025-08-01,ACC0000003826,CUST0001929,LOAN,Kredit Kendaraan,2023-02-19,ACTIVE,0.00,,0.0445,-3145407.74,1
2025-08-01,ACC0000003877,CUST0001955,LOAN,Kredit Usaha,2022-04-04,DORMANT,0.00,,0.0773,0.00,0
2025-08-01,ACC0000003981,CUST0002007,SAVINGS,Tabungan Rencana,2024-01-29,ACTIVE,33193773.73,,0.0972,5215846.85,2
2025-08-01,ACC0000004301,CUST0002162,INVESTMENT,Obligasi,2024-08-22,ACTIVE,0.00,,0.0376,-2610618.61,1
2025-08-01,ACC0000004355,CUST0002189,INVESTMENT,Deposito,2021-07-16,ACTIVE,0.00,,0.0892,-172846.70,1
2025-08-01,ACC0000004507,CUST0002264,INVESTMENT,SBN Retail,2024-11-28,ACTIVE,0.00,,0.072,-3803186.09,3
2025-08-01,ACC0000004605,CUST0002309,INVESTMENT,SBN Retail,2021-06-17,ACTIVE,0.00,,0.1063,6278973.97,2
2025-08-01,ACC0000004739,CUST0002376,CREDIT_CARD,Kartu Platinum,2023-05-12,ACTIVE,0.00,48923807.82,0.1477,0.00,0
2025-08-01,ACC0000004752,CUST0002383,CREDIT_CARD,Kartu Virtual,2023-08-29,ACTIVE,0.00,41671911.62,0.1222,0.00,0
2025-08-01,ACC0000004877,CUST0002447,INVESTMENT,SBN Retail,2022-10-15,ACTIVE,0.00,,0.0464,5092315.26,2
2025-08-01,ACC0000005232,CUST0002627,SAVINGS,Tabungan Haji,2022-09-24,ACTIVE,20977272.58,,0.1234,6996517.36,2
2025-08-01,ACC0000005617,CUST0002821,CREDIT_CARD,Kartu Classic,2024-09-29,CLOSED,0.00,41960161.95,0.0257,0.00,0
2025-08-01,ACC0000005849,CUST0002942,SAVINGS,Tabungan Negara Plus,2021-12-08,ACTIVE,7086983.97,,0.1267,753061.62,2
2025-08-01,ACC0000005940,CUST0002984,INVESTMENT,Reksa Dana,2025-01-20,DORMANT,0.00,,0.0907,0.00,0
2025-08-01,ACC0000006219,CUST0003124,LOAN,Kredit Usaha,2023-08-29,CLOSED,0.00,,0.1222,0.00,0
2025-08-01,ACC0000006325,CUST0003175,CREDIT_CARD,Kartu Gold,2023-04-05,SUSPENDED,0.00,43317626.26,0.1229,0.00,0
2025-08-01,ACC0000006542,CUST0003284,CREDIT_CARD,Kartu Classic,2024-12-15,ACTIVE,0.00,47361932.41,0.1072,4619989.16,1
2025-08-01,ACC0000006687,CUST0003359,SAVINGS,Tabungan Haji,2022-08-18,ACTIVE,17132380.52,,0.1157,-8404391.45,2
2025-08-01,ACC0000007061,CUST0003551,INVESTMENT,Deposito,2021-10-09,ACTIVE,0.00,,0.0474,1060660.54,2
2025-08-01,ACC0000007350,CUST0003693,INVESTMENT,Deposito,2024-09-05,ACTIVE,0.00,,0.1186,3210832.56,1
2025-08-01,ACC0000007706,CUST0003871,CREDIT_CARD,Kartu Gold,2021-06-16,ACTIVE,0.00,19256355.98,0.1488,-2650953.51,1
2025-08-01,ACC0000007735,CUST0003889,SAVINGS,Tabungan Negara Plus,2025-02-05,ACTIVE,40453575.58,,0.0976,203014.08,1
2025-08-01,ACC0000007773,CUST0003908,SAVINGS,Tabungan Negara Plus,2024-12-11,ACTIVE,33532165.10,,0.1193,-489899.89,2
2025-08-01,ACC0000007937,CUST0003988,CREDIT_CARD,Kartu Classic,2022-10-28,ACTIVE,0.00,22727985.73,0.0917,0.00,0
2025-08-01,ACC0000007942,CUST0003991,CREDIT_CARD,Kartu Gold,2021-09-25,ACTIVE,0.00,17612967.23,0.082,-6619320.38,4
2025-08-01,ACC0000000180,CUST0000088,INVESTMENT,Reksa Dana,2023-02-21,ACTIVE,0.00,,0.1038,4618394.77,1
2025-08-01,ACC0000000367,CUST0000184,SAVINGS,Tabungan Berjangka,2022-12-24,ACTIVE,20542287.59,,0.0774,0.00,0
2025-08-01,ACC0000000405,CUST0000205,CREDIT_CARD,Kartu Virtual,2024-11-26,ACTIVE,0.00,23275527.89,0.0589,7651282.75,3
2025-08-01,ACC0000000721,CUST0000357,LOAN,Kredit Usaha,2024-07-28,ACTIVE,0.00,,0.1414,-69882.96,1
2025-08-01,ACC0000000925,CUST0000462,CREDIT_CARD,Kartu Classic,2021-09-16,ACTIVE,0.00,37669836.41,0.0847,-2131027.07,4
2025-08-01,ACC0000001054,CUST0000526,LOAN,KPR Rumah,2024-09-14,ACTIVE,0.00,,0.1063,-1364964.57,2
2025-08-01,ACC0000001055,CUST0000527,LOAN,Kredit Usaha,2024-10-27,ACTIVE,0.00,,0.061,-4665225.19,3
2025-08-01,ACC0000001923,CUST0000966,CREDIT_CARD,Kartu Platinum,2024-06-10,ACTIVE,0.00,21817366.78,0.1319,0.00,0
2025-08-01,ACC0000001945,CUST0000979,INVESTMENT,SBN Retail,2023-12-01,ACTIVE,0.00,,0.0492,-1395634.01,2
2025-08-01,ACC0000002263,CUST0001134,CREDIT_CARD,Kartu Classic,2024-05-05,CLOSED,0.00,29229280.98,0.0862,0.00,0
2025-08-01,ACC0000002284,CUST0001144,SAVINGS,Tabungan Haji,2024-09-15,ACTIVE,44277579.08,,0.0687,-11197122.72,3
2025-08-01,ACC0000002465,CUST0001238,SAVINGS,Tabungan Haji,2023-09-21,ACTIVE,1591760.81,,0.0512,1806249.59,1
2025-08-01,ACC0000002584,CUST0001298,SAVINGS,Tabungan Rencana,2025-01-15,ACTIVE,37208346.47,,0.0645,1855688.52,1
2025-08-01,ACC0000002897,CUST0001462,CREDIT_CARD,Kartu Classic,2022-07-29,ACTIVE,0.00,11452515.56,0.0817,-1195191.31,2
2025-08-01,ACC0000002977,CUST0001500,LOAN,Kredit Usaha,2022-10-22,ACTIVE,0.00,,0.114,485306.61,1
2025-08-01,ACC0000003014,CUST0001518,CREDIT_CARD,Kartu Virtual,2022-12-05,ACTIVE,0.00,27660078.30,0.0879,0.00,0
2025-08-01,ACC0000003139,CUST0001581,CREDIT_CARD,Kartu Virtual,2023-07-20,DORMANT,0.00,37090121.25,0.0103,0.00,0
2025-08-01,ACC0000003485,CUST0001752,SAVINGS,Tabungan Haji,2023-03-16,ACTIVE,19988973.96,,0.0538,-2909425.86,2
2025-08-01,ACC0000003994,CUST0002015,INVESTMENT,Reksa Dana,2024-03-20,ACTIVE,0.00,,0.1279,8311322.61,2
2025-08-01,ACC0000004240,CUST0002133,INVESTMENT,Reksa Dana,2023-10-23,ACTIVE,0.00,,0.0827,2808319.48,3
2025-08-01,ACC0000004557,CUST0002287,CREDIT_CARD,Kartu Platinum,2024-05-23,ACTIVE,0.00,34283927.93,0.0449,4013727.55,1
2025-08-01,ACC0000004645,CUST0002333,CREDIT_CARD,Kartu Platinum,2022-09-12,ACTIVE,0.00,44289962.56,0.0509,-2320638.58,2
2025-08-01,ACC0000004808,CUST0002413,CREDIT_CARD,Kartu Platinum,2023-04-23,ACTIVE,0.00,23938756.60,0.0605,0.00,0
2025-08-01,ACC0000004853,CUST0002434,SAVINGS,Tabungan Haji,2024-07-13,DORMANT,37472147.02,,0.1477,0.00,0
2025-08-01,ACC0000004865,CUST0002439,LOAN,KPR Rumah,2021-07-10,ACTIVE,0.00,,0.0217,-4603682.81,1
2025-08-01,ACC0000005111,CUST0002565,CREDIT_CARD,Kartu Gold,2021-05-30,DORMANT,0.00,5323127.64,0.1279,0.00,0
2025-08-01,ACC0000005599,CUST0002811,SAVINGS,Tabungan Haji,2022-01-07,ACTIVE,7712554.46,,0.0848,-4978211.96,1
2025-08-01,ACC0000005932,CUST0002981,SAVINGS,Tabungan Negara Plus,2024-08-27,ACTIVE,49721495.55,,0.0542,4589602.17,1
2025-08-01,ACC0000005947,CUST0002988,LOAN,KTA Personal,2024-08-06,SUSPENDED,0.00,,0.1158,0.00,0
2025-08-01,ACC0000006026,CUST0003029,LOAN,Kredit Usaha,2025-03-06,ACTIVE,0.00,,0.1023,1042201.59,3
2025-08-01,ACC0000006652,CUST0003342,INVESTMENT,Reksa Dana,2022-01-05,ACTIVE,0.00,,0.1354,-2927876.69,1
2025-08-01,ACC0000006713,CUST0003372,LOAN,Kredit Usaha,2025-01-13,CLOSED,0.00,,0.0672,0.00,0
2025-08-01,ACC0000006782,CUST0003405,SAVINGS,Tabungan Negara Plus,2025-02-18,ACTIVE,6163806.07,,0.1022,174777.36,5
2025-08-01,ACC0000006964,CUST0003503,SAVINGS,Tabungan Haji,2024-03-20,ACTIVE,19818077.38,,0.1152,-3362765.39,1
2025-08-01,ACC0000007488,CUST0003761,CREDIT_CARD,Kartu Platinum,2022-09-23,SUSPENDED,0.00,33246326.05,0.1177,0.00,0
2025-08-01,ACC0000007531,CUST0003783,LOAN,Kredit Kendaraan,2024-05-13,ACTIVE,0.00,,0.0596,141928.14,1
2025-08-01,ACC0000000108,CUST0000055,CREDIT_CARD,Kartu Virtual,2024-10-24,ACTIVE,0.00,18588302.98,0.107,0.00,0
2025-08-01,ACC0000000375,CUST0000188,SAVINGS,Tabungan Haji,2022-12-27,ACTIVE,8768144.87,,0.0747,3040624.14,2
2025-08-01,ACC0000000446,CUST0000225,SAVINGS,Tabungan Haji,2023-03-08,ACTIVE,47821301.62,,0.0425,1957737.84,2
2025-08-01,ACC0000000689,CUST0000342,INVESTMENT,Deposito,2022-04-17,ACTIVE,0.00,,0.0235,0.00,0
2025-08-01,ACC0000000782,CUST0000389,CREDIT_CARD,Kartu Gold,2022-03-27,DORMANT,0.00,40089784.33,0.1159,0.00,0
2025-08-01,ACC0000000889,CUST0000441,CREDIT_CARD,Kartu Virtual,2022-11-29,ACTIVE,0.00,6830452.81,0.0745,510664.73,1
2025-08-01,ACC0000000914,CUST0000457,SAVINGS,Tabungan Berjangka,2023-08-12,ACTIVE,13603550.71,,0.0609,-1235307.58,4
2025-08-01,ACC0000001412,CUST0000711,CREDIT_CARD,Kartu Virtual,2022-08-04,ACTIVE,0.00,17369117.15,0.0798,-1996374.26,2
2025-08-01,ACC0000001775,CUST0000895,INVESTMENT,SBN Retail,2023-08-18,ACTIVE,0.00,,0.0713,0.00,0
2025-08-01,ACC0000002011,CUST0001011,SAVINGS,Tabungan Rencana,2022-04-23,ACTIVE,31829836.74,,0.149,6228254.91,2
2025-08-01,ACC0000002302,CUST0001153,SAVINGS,Tabungan Rencana,2021-07-26,ACTIVE,28874848.36,,0.0379,7287892.89,2
2025-08-01,ACC0000002543,CUST0001277,SAVINGS,Tabungan Negara Plus,2024-11-19,ACTIVE,14054344.36,,0.0981,4001523.00,1
2025-08-01,ACC0000002593,CUST0001303,SAVINGS,Tabungan Berjangka,2024-07-27,ACTIVE,6154801.41,,0.0278,1158539.97,4
2025-08-01,ACC0000002675,CUST0001350,SAVINGS,Tabungan Berjangka,2024-04-06,ACTIVE,27406649.95,,0.0436,0.00,0
2025-08-01,ACC0000002811,CUST0001419,CREDIT_CARD,Kartu Classic,2024-01-22,ACTIVE,0.00,19776831.64,0.1001,3314456.98,2
2025-08-01,ACC0000003084,CUST0001552,INVESTMENT,Reksa Dana,2023-03-10,ACTIVE,0.00,,0.0148,2229728.11,2
2025-08-01,ACC0000003125,CUST0001575,CREDIT_CARD,Kartu Classic,2024-08-31,DORMANT,0.00,16453982.42,0.1104,0.00,0
2025-08-01,ACC0000003807,CUST0001921,SAVINGS,Tabungan Berjangka,2022-08-21,ACTIVE,9095780.65,,0.0519,0.00,0
2025-08-01,ACC0000003963,CUST0001998,CREDIT_CARD,Kartu Gold,2021-12-10,ACTIVE,0.00,6365489.48,0.0154,0.00,0
2025-08-01,ACC0000003967,CUST0002000,INVESTMENT,Deposito,2022-11-07,ACTIVE,0.00,,0.0978,0.00,0
2025-08-01,ACC0000004003,CUST0002020,SAVINGS,Tabungan Rencana,2025-02-04,ACTIVE,31683164.11,,0.117,5106002.67,3
2025-08-01,ACC0000004068,CUST0002052,INVESTMENT,Deposito,2022-05-06,ACTIVE,0.00,,0.0988,1977901.21,3
2025-08-01,ACC0000004384,CUST0002203,LOAN,KTA Personal,2024-04-01,ACTIVE,0.00,,0.1403,-588777.36,2
2025-08-01,ACC0000004638,CUST0002329,CREDIT_CARD,Kartu Virtual,2024-09-27,DORMANT,0.00,34222573.34,0.1,0.00,0
2025-08-01,ACC0000004950,CUST0002482,CREDIT_CARD,Kartu Virtual,2024-03-18,ACTIVE,0.00,17537993.87,0.1323,-7069482.47,2
2025-08-01,ACC0000005307,CUST0002665,INVESTMENT,Obligasi,2021-04-04,CLOSED,0.00,,0.1357,0.00,0
2025-08-01,ACC0000005374,CUST0002697,CREDIT_CARD,Kartu Virtual,2023-05-01,ACTIVE,0.00,40238291.73,0.0841,7608616.26,4
2025-08-01,ACC0000005445,CUST0002732,CREDIT_CARD,Kartu Classic,2023-06-24,ACTIVE,0.00,17124821.05,0.0726,1321509.13,1
2025-08-01,ACC0000006352,CUST0003190,CREDIT_CARD,Kartu Classic,2025-02-05,ACTIVE,0.00,47286053.99,0.0513,-2797404.89,3
2025-08-01,ACC0000006354,CUST0003192,CREDIT_CARD,Kartu Platinum,2024-04-10,DORMANT,0.00,22506570.01,0.1333,0.00,0
2025-08-01,ACC0000006500,CUST0003264,LOAN,Kredit Usaha,2022-01-02,ACTIVE,0.00,,0.09,10553348.93,3
2025-08-01,ACC0000006534,CUST0003280,SAVINGS,Tabungan Berjangka,2022-11-30,ACTIVE,19896262.92,,0.0724,0.00,0
2025-08-01,ACC0000007394,CUST0003718,LOAN,KPR Rumah,2021-12-11,ACTIVE,0.00,,0.0258,-4940163.10,3
2025-08-01,ACC0000007551,CUST0003792,CREDIT_CARD,Kartu Platinum,2023-10-03,ACTIVE,0.00,40841776.38,0.1068,936601.35,3
2025-08-01,ACC0000007565,CUST0003798,CREDIT_CARD,Kartu Gold,2021-09-27,ACTIVE,0.00,39886422.85,0.0492,0.00,0
2025-08-01,ACC0000007637,CUST0003837,CREDIT_CARD,Kartu Platinum,2023-06-07,ACTIVE,0.00,24138683.82,0.106,0.00,0
2025-08-01,ACC0000000247,CUST0000124,LOAN,Kredit Usaha,2022-04-10,ACTIVE,0.00,,0.0839,0.00,0
2025-08-01,ACC0000000355,CUST0000179,LOAN,KPR Rumah,2022-12-09,ACTIVE,0.00,,0.0855,2487.82,3
2025-08-01,ACC0000000401,CUST0000203,CREDIT_CARD,Kartu Classic,2024-04-01,ACTIVE,0.00,12359286.31,0.0494,-4620721.21,1
2025-08-01,ACC0000000517,CUST0000261,LOAN,Kredit Usaha,2022-11-16,ACTIVE,0.00,,0.0434,-978926.21,2
2025-08-01,ACC0000000688,CUST0000341,CREDIT_CARD,Kartu Gold,2021-07-30,ACTIVE,0.00,23064939.73,0.0471,800705.66,1
2025-08-01,ACC0000000860,CUST0000427,INVESTMENT,Obligasi,2025-07-04,ACTIVE,0.00,,0.0716,0.00,0
2025-08-01,ACC0000000984,CUST0000493,LOAN,KTA Personal,2023-07-31,DORMANT,0.00,,0.0487,0.00,0
2025-08-01,ACC0000001016,CUST0000509,LOAN,Kredit Kendaraan,2023-05-01,ACTIVE,0.00,,0.0979,-5348925.23,4
2025-08-01,ACC0000001657,CUST0000835,SAVINGS,Tabungan Rencana,2023-04-28,ACTIVE,31762169.71,,0.1367,-777155.42,1
2025-08-01,ACC0000001666,CUST0000839,CREDIT_CARD,Kartu Virtual,2023-09-04,ACTIVE,0.00,20055771.68,0.1445,4522915.02,2
2025-08-01,ACC0000001999,CUST0001005,LOAN,KTA Personal,2022-03-07,ACTIVE,0.00,,0.0744,-2507438.38,1
2025-08-01,ACC0000002109,CUST0001061,INVESTMENT,Obligasi,2025-02-04,DORMANT,0.00,,0.0351,0.00,0
2025-08-01,ACC0000002304,CUST0001154,INVESTMENT,Deposito,2024-12-04,ACTIVE,0.00,,0.1049,1871169.31,2
2025-08-01,ACC0000002481,CUST0001245,CREDIT_CARD,Kartu Gold,2021-04-19,ACTIVE,0.00,48497748.65,0.0443,-116869.82,3
2025-08-01,ACC0000002505,CUST0001258,SAVINGS,Tabungan Negara Plus,2024-02-23,ACTIVE,9662572.30,,0.1132,-3233830.03,1
2025-08-01,ACC0000002566,CUST0001288,CREDIT_CARD,Kartu Classic,2022-01-18,ACTIVE,0.00,34141605.34,0.0505,6663665.05,4
2025-08-01,ACC0000002652,CUST0001336,INVESTMENT,SBN Retail,2023-09-30,DORMANT,0.00,,0.0283,0.00,0
2025-08-01,ACC0000002931,CUST0001478,LOAN,Kredit Kendaraan,2024-02-01,ACTIVE,0.00,,0.0572,3509343.17,1
2025-08-01,ACC0000002941,CUST0001483,SAVINGS,Tabungan Berjangka,2024-02-20,ACTIVE,33539608.05,,0.0683,771868.64,2
2025-08-01,ACC0000003311,CUST0001666,SAVINGS,Tabungan Haji,2024-03-03,ACTIVE,10919288.20,,0.0615,5246817.31,2
2025-08-01,ACC0000003442,CUST0001729,SAVINGS,Tabungan Rencana,2022-01-19,ACTIVE,25622336.66,,0.0621,178609.42,4
2025-08-01,ACC0000003696,CUST0001862,LOAN,Kredit Usaha,2024-03-14,ACTIVE,0.00,,0.0267,5219817.19,4
2025-08-01,ACC0000004000,CUST0002019,SAVINGS,Tabungan Rencana,2024-01-19,ACTIVE,42667129.11,,0.0373,0.00,0
2025-08-01,ACC0000004703,CUST0002363,LOAN,KPR Rumah,2021-06-10,ACTIVE,0.00,,0.0499,4468248.91,3
2025-08-01,ACC0000005045,CUST0002528,INVESTMENT,Reksa Dana,2023-09-09,ACTIVE,0.00,,0.0649,2136636.14,1
2025-08-01,ACC0000005275,CUST0002650,CREDIT_CARD,Kartu Virtual,2024-02-21,ACTIVE,0.00,38412755.73,0.1417,-936406.79,2
2025-08-01,ACC0000005277,CUST0002651,INVESTMENT,Reksa Dana,2022-02-18,ACTIVE,0.00,,0.1312,1873035.51,2
2025-08-01,ACC0000005337,CUST0002679,CREDIT_CARD,Kartu Classic,2022-11-24,ACTIVE,0.00,47664903.69,0.0407,-3756539.60,2
2025-08-01,ACC0000005634,CUST0002828,SAVINGS,Tabungan Haji,2023-03-06,DORMANT,38235515.76,,0.0965,0.00,0
2025-08-01,ACC0000005769,CUST0002897,LOAN,Kredit Kendaraan,2021-09-30,ACTIVE,0.00,,0.0292,0.00,0
2025-08-01,ACC0000005801,CUST0002916,LOAN,KTA Personal,2023-01-26,CLOSED,0.00,,0.0911,0.00,0
2025-08-01,ACC0000005838,CUST0002934,INVESTMENT,SBN Retail,2022-08-17,ACTIVE,0.00,,0.1317,0.00,0
2025-08-01,ACC0000005951,CUST0002991,LOAN,KPR Rumah,2022-10-31,ACTIVE,0.00,,0.0381,0.00,0
2025-08-01,ACC0000006489,CUST0003259,INVESTMENT,Reksa Dana,2021-11-26,ACTIVE,0.00,,0.0132,563939.47,1
2025-08-01,ACC0000006556,CUST0003292,CREDIT_CARD,Kartu Classic,2021-05-20,ACTIVE,0.00,19824360.68,0.0605,-2044445.95,2
2025-08-01,ACC0000006569,CUST0003298,LOAN,Kredit Kendaraan,2021-07-20,DORMANT,0.00,,0.0287,0.00,0
2025-08-01,ACC0000006767,CUST0003399,LOAN,Kredit Kendaraan,2023-02-02,ACTIVE,0.00,,0.0744,4339867.66,3
2025-08-01,ACC0000007173,CUST0003610,CREDIT_CARD,Kartu Gold,2021-06-11,ACTIVE,0.00,25723424.32,0.1069,419718.78,1
2025-08-01,ACC0000007796,CUST0003919,LOAN,KTA Personal,2023-05-08,ACTIVE,0.00,,0.0362,1589966.82,1
2025-08-01,ACC0000000156,CUST0000078,LOAN,Kredit Usaha,2022-02-21,ACTIVE,0.00,,0.059,0.00,0
2025-08-01,ACC0000000273,CUST0000136,CREDIT_CARD,Kartu Classic,2022-09-20,ACTIVE,0.00,32492084.95,0.0485,-1232209.07,2
2025-08-01,ACC0000000290,CUST0000145,CREDIT_CARD,Kartu Platinum,2025-03-17,ACTIVE,0.00,42685661.56,0.0688,-493200.47,4
2025-08-01,ACC0000000294,CUST0000147,INVESTMENT,Deposito,2023-10-29,DORMANT,0.00,,0.0545,0.00,0
2025-08-01,ACC0000000349,CUST0000174,INVESTMENT,SBN Retail,2024-03-03,ACTIVE,0.00,,0.103,0.00,0
2025-08-01,ACC0000000469,CUST0000237,LOAN,Kredit Kendaraan,2022-01-27,DORMANT,0.00,,0.0714,0.00,0
2025-08-01,ACC0000000746,CUST0000370,SAVINGS,Tabungan Negara Plus,2024-04-16,ACTIVE,23445629.96,,0.1235,-446401.43,3
2025-08-01,ACC0000000784,CUST0000389,LOAN,Kredit Kendaraan,2022-01-18,DORMANT,0.00,,0.1357,0.00,0
2025-08-01,ACC0000000994,CUST0000497,INVESTMENT,Reksa Dana,2023-04-26,ACTIVE,0.00,,0.1168,-4263632.50,2
2025-08-01,ACC0000001135,CUST0000569,INVESTMENT,Reksa Dana,2022-07-20,SUSPENDED,0.00,,0.0882,0.00,0
2025-08-01,ACC0000001557,CUST0000782,CREDIT_CARD,Kartu Virtual,2021-09-05,ACTIVE,0.00,12986723.42,0.086,1926556.07,2
2025-08-01,ACC0000002004,CUST0001008,CREDIT_CARD,Kartu Virtual,2021-11-14,ACTIVE,0.00,13120851.13,0.1216,0.00,0
2025-08-01,ACC0000002378,CUST0001191,SAVINGS,Tabungan Berjangka,2023-05-10,DORMANT,11788796.62,,0.0395,0.00,0
2025-08-01,ACC0000002717,CUST0001373,LOAN,KPR Rumah,2023-12-01,DORMANT,0.00,,0.0509,0.00,0
2025-08-01,ACC0000003030,CUST0001527,INVESTMENT,Reksa Dana,2025-02-08,ACTIVE,0.00,,0.1415,-3179558.49,2
2025-08-01,ACC0000003099,CUST0001559,SAVINGS,Tabungan Rencana,2023-08-22,ACTIVE,33541895.03,,0.0836,-6168687.49,5
2025-08-01,ACC0000003401,CUST0001711,INVESTMENT,Deposito,2021-06-09,ACTIVE,0.00,,0.0658,6806420.37,3
2025-08-01,ACC0000003472,CUST0001745,SAVINGS,Tabungan Berjangka,2024-09-19,ACTIVE,15017049.80,,0.0296,-4120553.41,3
2025-08-01,ACC0000003594,CUST0001812,SAVINGS,Tabungan Rencana,2024-05-01,ACTIVE,6155480.08,,0.1468,-2588754.11,2
2025-08-01,ACC0000004116,CUST0002074,CREDIT_CARD,Kartu Virtual,2024-01-16,ACTIVE,0.00,15206638.61,0.1453,9934497.10,4
2025-08-01,ACC0000004361,CUST0002193,SAVINGS,Tabungan Berjangka,2023-09-21,ACTIVE,49592835.07,,0.0833,-1288271.22,2
2025-08-01,ACC0000004500,CUST0002260,INVESTMENT,Deposito,2021-10-03,ACTIVE,0.00,,0.0874,2441177.70,1
2025-08-01,ACC0000004817,CUST0002417,SAVINGS,Tabungan Rencana,2022-12-23,CLOSED,21785350.82,,0.1284,0.00,0
2025-08-01,ACC0000004846,CUST0002432,LOAN,Kredit Kendaraan,2023-05-25,ACTIVE,0.00,,0.0502,4893057.85,4
2025-08-01,ACC0000004992,CUST0002503,INVESTMENT,SBN Retail,2022-02-16,SUSPENDED,0.00,,0.1285,0.00,0
2025-08-01,ACC0000005992,CUST0003012,CREDIT_CARD,Kartu Classic,2021-04-10,ACTIVE,0.00,44200597.28,0.1253,2028769.62,3
2025-08-01,ACC0000006360,CUST0003196,SAVINGS,Tabungan Berjangka,2023-04-02,ACTIVE,43794729.08,,0.0757,-13279656.07,3
2025-08-01,ACC0000006967,CUST0003505,CREDIT_CARD,Kartu Gold,2021-10-25,ACTIVE,0.00,22422761.64,0.1423,-10769875.40,3
2025-08-01,ACC0000007308,CUST0003673,LOAN,KPR Rumah,2022-10-21,ACTIVE,0.00,,0.0835,4276538.51,1
2025-08-01,ACC0000007540,CUST0003787,CREDIT_CARD,Kartu Virtual,2025-05-16,DORMANT,0.00,31080907.65,0.1106,0.00,0
2025-08-01,ACC0000007669,CUST0003853,SAVINGS,Tabungan Rencana,2023-09-26,ACTIVE,24338945.54,,0.0326,0.00,0
2025-08-01,ACC0000007862,CUST0003951,SAVINGS,Tabungan Negara Plus,2024-06-04,ACTIVE,20152776.24,,0.0403,-4339970.31,1
2025-08-01,ACC0000000037,CUST0000020,INVESTMENT,Reksa Dana,2024-01-06,ACTIVE,0.00,,0.147,-1473899.13,2
2025-08-01,ACC0000000086,CUST0000044,LOAN,KTA Personal,2024-07-01,ACTIVE,0.00,,0.093,1023759.85,2
2025-08-01,ACC0000001432,CUST0000721,INVESTMENT,SBN Retail,2024-07-13,ACTIVE,0.00,,0.0565,-3095989.45,1
2025-08-01,ACC0000001531,CUST0000767,INVESTMENT,SBN Retail,2021-05-14,ACTIVE,0.00,,0.0225,0.00,0
2025-08-01,ACC0000001552,CUST0000780,LOAN,Kredit Usaha,2022-04-24,ACTIVE,0.00,,0.0772,0.00,0
2025-08-01,ACC0000001761,CUST0000888,CREDIT_CARD,Kartu Classic,2021-08-28,ACTIVE,0.00,21751199.18,0.1075,0.00,0
2025-08-01,ACC0000001892,CUST0000953,CREDIT_CARD,Kartu Virtual,2022-12-18,DORMANT,0.00,5625427.64,0.0817,0.00,0
2025-08-01,ACC0000001997,CUST0001005,INVESTMENT,Deposito,2022-07-21,CLOSED,0.00,,0.0106,0.00,0
2025-08-01,ACC0000002161,CUST0001087,CREDIT_CARD,Kartu Platinum,2022-01-20,ACTIVE,0.00,34985744.34,0.1265,4824224.17,1
2025-08-01,ACC0000002739,CUST0001384,CREDIT_CARD,Kartu Platinum,2023-08-06,ACTIVE,0.00,10373413.83,0.0353,-4982026.95,1
2025-08-01,ACC0000002856,CUST0001444,INVESTMENT,Deposito,2021-09-07,ACTIVE,0.00,,0.1152,4843282.89,3
2025-08-01,ACC0000002958,CUST0001490,LOAN,KPR Rumah,2025-01-03,DORMANT,0.00,,0.1449,0.00,0
2025-08-01,ACC0000004036,CUST0002037,LOAN,KPR Rumah,2024-10-09,ACTIVE,0.00,,0.0951,-1484418.27,3
2025-08-01,ACC0000004429,CUST0002223,CREDIT_CARD,Kartu Gold,2022-06-10,ACTIVE,0.00,17821156.94,0.0737,2363941.77,3
2025-08-01,ACC0000004499,CUST0002260,SAVINGS,Tabungan Negara Plus,2021-10-19,ACTIVE,231799.14,,0.0605,-3427591.22,2
2025-08-01,ACC0000004652,CUST0002336,CREDIT_CARD,Kartu Gold,2024-08-14,ACTIVE,0.00,39209679.98,0.1042,-11719229.82,6
2025-08-01,ACC0000005124,CUST0002573,INVESTMENT,SBN Retail,2023-02-11,ACTIVE,0.00,,0.098,-192387.42,2
2025-08-01,ACC0000005609,CUST0002817,CREDIT_CARD,Kartu Classic,2023-09-08,ACTIVE,0.00,48369366.20,0.0542,796820.84,2
2025-08-01,ACC0000005986,CUST0003007,INVESTMENT,Deposito,2022-02-22,ACTIVE,0.00,,0.124,-546022.97,3
2025-08-01,ACC0000006242,CUST0003135,CREDIT_CARD,Kartu Gold,2025-06-04,ACTIVE,0.00,32442622.58,0.121,0.00,0
2025-08-01,ACC0000006420,CUST0003227,CREDIT_CARD,Kartu Platinum,2024-06-16,ACTIVE,0.00,8349337.40,0.1051,-1575910.91,1
2025-08-01,ACC0000006533,CUST0003279,INVESTMENT,Obligasi,2021-06-22,ACTIVE,0.00,,0.0256,-2247815.57,1
2025-08-01,ACC0000006944,CUST0003492,SAVINGS,Tabungan Haji,2023-07-08,ACTIVE,10206183.55,,0.0884,4905043.15,1
2025-08-01,ACC0000007589,CUST0003812,SAVINGS,Tabungan Berjangka,2024-03-26,ACTIVE,26349559.02,,0.0462,2873322.08,1
2025-08-01,ACC0000007616,CUST0003825,SAVINGS,Tabungan Haji,2021-10-28,ACTIVE,34488376.37,,0.1024,8620914.91,3
2025-08-01,ACC0000007685,CUST0003860,CREDIT_CARD,Kartu Virtual,2021-08-04,CLOSED,0.00,23507968.92,0.1467,0.00,0
2025-08-01,ACC0000007714,CUST0003877,SAVINGS,Tabungan Rencana,2021-12-27,ACTIVE,35752706.01,,0.035,2982254.77,3
2025-08-01,ACC0000007810,CUST0003926,INVESTMENT,Deposito,2021-07-14,SUSPENDED,0.00,,0.0984,0.00,0
2025-08-01,ACC0000007892,CUST0003968,SAVINGS,Tabungan Negara Plus,2021-05-24,ACTIVE,15729237.43,,0.0886,1886323.01,1
2025-08-01,ACC0000007932,CUST0003986,LOAN,KPR Rumah,2023-02-02,SUSPENDED,0.00,,0.15,0.00,0
2025-08-01,ACC0000000166,CUST0000082,SAVINGS,Tabungan Rencana,2023-10-14,ACTIVE,18300393.33,,0.0436,-4508121.86,3
2025-08-01,ACC0000000269,CUST0000133,SAVINGS,Tabungan Haji,2024-07-01,ACTIVE,26890928.51,,0.0434,-4291916.26,2
2025-08-01,ACC0000000530,CUST0000266,SAVINGS,Tabungan Berjangka,2023-09-30,ACTIVE,13744927.72,,0.0639,4547744.87,2
2025-08-01,ACC0000000715,CUST0000354,LOAN,KTA Personal,2024-02-07,ACTIVE,0.00,,0.036,0.00,0
2025-08-01,ACC0000000878,CUST0000435,INVESTMENT,Reksa Dana,2024-03-31,ACTIVE,0.00,,0.0713,-121285.64,2
2025-08-01,ACC0000001052,CUST0000526,LOAN,Kredit Kendaraan,2024-05-19,ACTIVE,0.00,,0.0495,9533311.39,5
2025-08-01,ACC0000001126,CUST0000563,LOAN,KTA Personal,2025-01-23,DORMANT,0.00,,0.0567,0.00,0
2025-08-01,ACC0000001180,CUST0000592,LOAN,Kredit Kendaraan,2022-02-27,ACTIVE,0.00,,0.022,-6356333.17,2
2025-08-01,ACC0000002140,CUST0001076,SAVINGS,Tabungan Negara Plus,2023-03-29,ACTIVE,47491762.91,,0.1483,-2117504.24,2
2025-08-01,ACC0000002205,CUST0001107,LOAN,KTA Personal,2021-11-29,ACTIVE,0.00,,0.1029,-4215500.24,1
2025-08-01,ACC0000002294,CUST0001149,SAVINGS,Tabungan Berjangka,2021-07-16,ACTIVE,6528723.74,,0.1366,-7485186.87,2
2025-08-01,ACC0000002436,CUST0001221,INVESTMENT,Reksa Dana,2022-07-25,ACTIVE,0.00,,0.069,0.00,0
2025-08-01,ACC0000002504,CUST0001257,INVESTMENT,Obligasi,2022-04-21,ACTIVE,0.00,,0.1145,0.00,0
2025-08-01,ACC0000003260,CUST0001643,LOAN,Kredit Usaha,2023-01-21,ACTIVE,0.00,,0.011,0.00,0
2025-08-01,ACC0000003403,CUST0001712,INVESTMENT,SBN Retail,2025-03-21,ACTIVE,0.00,,0.0296,-2741389.36,1
2025-08-01,ACC0000003940,CUST0001986,CREDIT_CARD,Kartu Gold,2025-02-09,ACTIVE,0.00,48686399.24,0.0552,3011579.25,1
2025-08-01,ACC0000004376,CUST0002200,LOAN,KPR Rumah,2022-05-10,ACTIVE,0.00,,0.0811,587127.86,2
2025-08-01,ACC0000004513,CUST0002267,SAVINGS,Tabungan Rencana,2025-02-18,ACTIVE,48355770.84,,0.0569,-2455205.87,3
2025-08-01,ACC0000004741,CUST0002378,LOAN,KTA Personal,2021-11-29,ACTIVE,0.00,,0.1241,0.00,0
2025-08-01,ACC0000004863,CUST0002438,SAVINGS,Tabungan Negara Plus,2021-09-21,ACTIVE,545928.16,,0.0789,706789.08,2
2025-08-01,ACC0000004985,CUST0002498,SAVINGS,Tabungan Negara Plus,2023-04-04,ACTIVE,12481999.35,,0.1186,-3107515.16,2
2025-08-01,ACC0000005298,CUST0002660,CREDIT_CARD,Kartu Classic,2022-09-29,SUSPENDED,0.00,25199514.50,0.0814,0.00,0
2025-08-01,ACC0000005401,CUST0002710,INVESTMENT,SBN Retail,2022-02-04,ACTIVE,0.00,,0.0855,1581874.17,1
2025-08-01,ACC0000005524,CUST0002770,LOAN,KTA Personal,2024-02-22,ACTIVE,0.00,,0.0657,-4019819.19,1
2025-08-01,ACC0000005828,CUST0002929,CREDIT_CARD,Kartu Virtual,2023-06-23,DORMANT,0.00,11435000.90,0.0599,0.00,0
2025-08-01,ACC0000005967,CUST0002998,SAVINGS,Tabungan Negara Plus,2022-12-10,ACTIVE,10193196.84,,0.0671,2016085.30,2
2025-08-01,ACC0000006315,CUST0003170,INVESTMENT,Reksa Dana,2025-02-21,ACTIVE,0.00,,0.0922,0.00,0
2025-08-01,ACC0000006342,CUST0003184,LOAN,KTA Personal,2022-12-24,ACTIVE,0.00,,0.0988,3956590.97,1
2025-08-01,ACC0000006450,CUST0003241,INVESTMENT,SBN Retail,2021-03-19,ACTIVE,0.00,,0.012,-992171.71,2
2025-08-01,ACC0000006540,CUST0003283,CREDIT_CARD,Kartu Classic,2021-07-07,ACTIVE,0.00,10208712.47,0.0642,4292168.01,1
2025-08-01,ACC0000006611,CUST0003320,INVESTMENT,Reksa Dana,2023-06-06,CLOSED,0.00,,0.1118,0.00,0
2025-08-01,ACC0000006890,CUST0003462,INVESTMENT,Deposito,2023-10-23,ACTIVE,0.00,,0.0549,4697107.68,1
2025-08-01,ACC0000006951,CUST0003495,INVESTMENT,SBN Retail,2025-03-24,ACTIVE,0.00,,0.028,143680.55,3
2025-08-01,ACC0000007164,CUST0003606,SAVINGS,Tabungan Negara Plus,2024-06-28,ACTIVE,44498317.50,,0.1291,516963.09,1
2025-08-01,ACC0000007274,CUST0003658,INVESTMENT,SBN Retail,2022-11-23,ACTIVE,0.00,,0.1106,-3109869.22,2
2025-08-01,ACC0000007641,CUST0003839,INVESTMENT,Deposito,2023-10-30,ACTIVE,0.00,,0.1104,560529.05,2
2025-08-01,ACC0000007710,CUST0003874,CREDIT_CARD,Kartu Gold,2024-10-18,ACTIVE,0.00,27627833.80,0.0495,0.00,0
2025-08-01,ACC0000007911,CUST0003977,CREDIT_CARD,Kartu Gold,2024-03-06,ACTIVE,0.00,38910952.13,0.1257,7362389.48,2
2025-08-01,ACC0000000545,CUST0000274,LOAN,Kredit Kendaraan,2025-02-21,DORMANT,0.00,,0.0432,0.00,0
2025-08-01,ACC0000000666,CUST0000329,INVESTMENT,SBN Retail,2022-12-07,ACTIVE,0.00,,0.0569,2206977.68,2
2025-08-01,ACC0000000740,CUST0000368,LOAN,Kredit Usaha,2024-06-28,ACTIVE,0.00,,0.0878,12266322.51,3
2025-08-01,ACC0000000863,CUST0000428,LOAN,KPR Rumah,2023-09-12,ACTIVE,0.00,,0.0239,2192431.74,1
2025-08-01,ACC0000001242,CUST0000625,SAVINGS,Tabungan Berjangka,2024-02-19,ACTIVE,44891505.16,,0.0502,0.00,0
2025-08-01,ACC0000001257,CUST0000632,CREDIT_CARD,Kartu Gold,2024-11-18,DORMANT,0.00,22382130.27,0.0164,0.00,0
2025-08-01,ACC0000001339,CUST0000673,LOAN,Kredit Kendaraan,2022-03-28,ACTIVE,0.00,,0.1092,2198606.98,1
2025-08-01,ACC0000001346,CUST0000676,SAVINGS,Tabungan Haji,2024-09-25,ACTIVE,14762867.55,,0.1258,-1005349.99,3
2025-08-01,ACC0000001414,CUST0000712,INVESTMENT,Reksa Dana,2025-06-26,ACTIVE,0.00,,0.1058,2505134.35,1
2025-08-01,ACC0000001766,CUST0000890,CREDIT_CARD,Kartu Virtual,2023-12-30,DORMANT,0.00,33187106.86,0.0949,0.00,0
2025-08-01,ACC0000001894,CUST0000954,INVESTMENT,Obligasi,2024-02-11,ACTIVE,0.00,,0.1128,4437593.52,1
2025-08-01,ACC0000001904,CUST0000958,INVESTMENT,SBN Retail,2023-10-17,ACTIVE,0.00,,0.0974,-3549979.94,1
2025-08-01,ACC0000002519,CUST0001264,INVESTMENT,Reksa Dana,2024-12-09,ACTIVE,0.00,,0.0846,0.00,0
2025-08-01,ACC0000002525,CUST0001267,INVESTMENT,Obligasi,2024-12-05,ACTIVE,0.00,,0.0556,-1599447.86,1
2025-08-01,ACC0000003106,CUST0001564,LOAN,KPR Rumah,2021-11-21,ACTIVE,0.00,,0.1025,270945.30,2
2025-08-01,ACC0000003751,CUST0001891,CREDIT_CARD,Kartu Gold,2022-05-20,DORMANT,0.00,33573526.49,0.1,0.00,0
2025-08-01,ACC0000004416,CUST0002217,CREDIT_CARD,Kartu Classic,2023-12-02,ACTIVE,0.00,25849777.99,0.1185,4054748.76,1
2025-08-01,ACC0000004686,CUST0002350,SAVINGS,Tabungan Negara Plus,2022-08-05,ACTIVE,43313864.94,,0.1011,-144452.30,2
2025-08-01,ACC0000004763,CUST0002387,CREDIT_CARD,Kartu Virtual,2023-02-05,ACTIVE,0.00,13519082.24,0.0545,4805059.09,3
2025-08-01,ACC0000004776,CUST0002395,INVESTMENT,Deposito,2023-12-07,ACTIVE,0.00,,0.0633,0.00,0
2025-08-01,ACC0000004922,CUST0002469,SAVINGS,Tabungan Berjangka,2022-09-13,ACTIVE,7429330.51,,0.0704,-1263889.79,3
2025-08-01,ACC0000004933,CUST0002475,INVESTMENT,Reksa Dana,2024-03-03,ACTIVE,0.00,,0.1286,19933.22,2
2025-08-01,ACC0000004953,CUST0002484,LOAN,Kredit Usaha,2023-12-23,ACTIVE,0.00,,0.0581,5898008.20,3
2025-08-01,ACC0000005094,CUST0002557,SAVINGS,Tabungan Rencana,2023-11-17,ACTIVE,29216829.41,,0.0181,126874.27,1
2025-08-01,ACC0000005099,CUST0002560,SAVINGS,Tabungan Rencana,2022-04-17,ACTIVE,40467851.54,,0.1313,1253560.69,1
2025-08-01,ACC0000005293,CUST0002658,LOAN,Kredit Usaha,2022-04-28,ACTIVE,0.00,,0.0973,3612448.85,1
2025-08-01,ACC0000005561,CUST0002789,SAVINGS,Tabungan Haji,2023-10-11,ACTIVE,22814555.72,,0.0995,532104.43,2
2025-08-01,ACC0000005595,CUST0002808,INVESTMENT,Obligasi,2022-09-19,ACTIVE,0.00,,0.0875,-3671521.20,3
2025-08-01,ACC0000005768,CUST0002897,LOAN,Kredit Usaha,2021-12-04,ACTIVE,0.00,,0.0366,89028.17,2
2025-08-01,ACC0000005928,CUST0002979,INVESTMENT,SBN Retail,2021-09-14,ACTIVE,0.00,,0.0695,0.00,0
2025-08-01,ACC0000005973,CUST0003001,LOAN,Kredit Usaha,2022-11-15,DORMANT,0.00,,0.1388,0.00,0
2025-08-01,ACC0000006490,CUST0003259,CREDIT_CARD,Kartu Classic,2021-08-28,ACTIVE,0.00,20229819.88,0.1217,936623.72,3
2025-08-01,ACC0000007042,CUST0003541,SAVINGS,Tabungan Negara Plus,2024-07-21,ACTIVE,3409614.44,,0.0139,2837228.85,1
2025-08-01,ACC0000007737,CUST0003889,LOAN,KTA Personal,2024-09-05,SUSPENDED,0.00,,0.0391,0.00,0
2025-08-01,ACC0000007891,CUST0003968,LOAN,Kredit Kendaraan,2021-05-20,ACTIVE,0.00,,0.0444,2077070.16,1
2025-08-01,ACC0000000206,CUST0000104,LOAN,KTA Personal,2023-03-28,ACTIVE,0.00,,0.0511,-1948679.71,1
2025-08-01,ACC0000000237,CUST0000120,INVESTMENT,SBN Retail,2025-01-31,ACTIVE,0.00,,0.058,-3884202.48,4
2025-08-01,ACC0000000337,CUST0000170,CREDIT_CARD,Kartu Classic,2024-11-04,ACTIVE,0.00,31054676.46,0.1257,2108622.94,1
2025-08-01,ACC0000000552,CUST0000279,SAVINGS,Tabungan Rencana,2024-08-27,ACTIVE,46573003.02,,0.1213,5988161.17,2
2025-08-01,ACC0000000578,CUST0000292,CREDIT_CARD,Kartu Classic,2023-07-29,ACTIVE,0.00,46045779.31,0.0188,-2591645.77,2
2025-08-01,ACC0000000970,CUST0000488,INVESTMENT,Obligasi,2022-02-20,ACTIVE,0.00,,0.0279,-3724916.13,1
2025-08-01,ACC0000001033,CUST0000517,LOAN,Kredit Usaha,2024-03-05,ACTIVE,0.00,,0.141,-4470985.56,2
2025-08-01,ACC0000001189,CUST0000596,SAVINGS,Tabungan Rencana,2023-06-07,ACTIVE,39233921.50,,0.0462,-3867217.25,1
2025-08-01,ACC0000001802,CUST0000905,SAVINGS,Tabungan Rencana,2024-10-01,ACTIVE,39688582.22,,0.1297,0.00,0
2025-08-01,ACC0000001946,CUST0000979,LOAN,Kredit Kendaraan,2024-03-06,ACTIVE,0.00,,0.1378,-2263584.95,3
2025-08-01,ACC0000002127,CUST0001069,LOAN,Kredit Usaha,2021-05-08,ACTIVE,0.00,,0.0737,2199633.82,1
2025-08-01,ACC0000002663,CUST0001342,LOAN,Kredit Kendaraan,2024-11-22,ACTIVE,0.00,,0.0497,6527579.62,2
2025-08-01,ACC0000003053,CUST0001536,SAVINGS,Tabungan Berjangka,2022-10-19,ACTIVE,26357996.99,,0.0913,9577017.90,6
2025-08-01,ACC0000003097,CUST0001558,INVESTMENT,Reksa Dana,2024-09-10,CLOSED,0.00,,0.1028,0.00,0
2025-08-01,ACC0000003286,CUST0001656,CREDIT_CARD,Kartu Virtual,2021-08-15,ACTIVE,0.00,27691053.15,0.087,748519.86,3
2025-08-01,ACC0000003305,CUST0001664,INVESTMENT,Deposito,2021-03-16,ACTIVE,0.00,,0.0946,-256984.23,2
2025-08-01,ACC0000003454,CUST0001736,LOAN,Kredit Kendaraan,2021-09-09,ACTIVE,0.00,,0.0855,2177616.58,1
2025-08-01,ACC0000003460,CUST0001740,LOAN,KPR Rumah,2022-05-18,ACTIVE,0.00,,0.051,640911.35,2
2025-08-01,ACC0000003507,CUST0001764,INVESTMENT,Deposito,2023-04-15,ACTIVE,0.00,,0.1207,5674639.53,5
2025-08-01,ACC0000003612,CUST0001822,CREDIT_CARD,Kartu Gold,2023-10-30,ACTIVE,0.00,49231106.30,0.1308,-1462011.29,1
2025-08-01,ACC0000003719,CUST0001874,SAVINGS,Tabungan Negara Plus,2023-08-22,CLOSED,24191790.82,,0.0237,0.00,0
2025-08-01,ACC0000003936,CUST0001985,LOAN,KPR Rumah,2025-02-12,ACTIVE,0.00,,0.0797,-3410932.03,1
2025-08-01,ACC0000003991,CUST0002014,LOAN,Kredit Usaha,2023-12-19,ACTIVE,0.00,,0.0687,4118255.95,3
2025-08-01,ACC0000004554,CUST0002286,INVESTMENT,SBN Retail,2024-06-20,DORMANT,0.00,,0.1086,0.00,0
2025-08-01,ACC0000004761,CUST0002386,LOAN,Kredit Kendaraan,2024-05-06,ACTIVE,0.00,,0.0451,96076.98,1
2025-08-01,ACC0000004819,CUST0002418,SAVINGS,Tabungan Haji,2023-07-11,DORMANT,49687437.39,,0.1234,0.00,0
2025-08-01,ACC0000005090,CUST0002555,CREDIT_CARD,Kartu Classic,2021-06-04,DORMANT,0.00,41687740.26,0.0238,0.00,0
2025-08-01,ACC0000005123,CUST0002572,INVESTMENT,Obligasi,2024-08-17,ACTIVE,0.00,,0.0934,0.00,0
2025-08-01,ACC0000005166,CUST0002592,SAVINGS,Tabungan Haji,2024-12-26,ACTIVE,8930929.09,,0.1485,0.00,0
2025-08-01,ACC0000005214,CUST0002616,SAVINGS,Tabungan Haji,2023-03-24,ACTIVE,22380749.56,,0.0612,-3893337.79,1
2025-08-01,ACC0000005223,CUST0002620,SAVINGS,Tabungan Rencana,2022-12-27,CLOSED,45265359.95,,0.1433,0.00,0
2025-08-01,ACC0000005370,CUST0002695,INVESTMENT,Deposito,2021-12-03,DORMANT,0.00,,0.1141,0.00,0
2025-08-01,ACC0000005418,CUST0002719,LOAN,KTA Personal,2023-02-27,ACTIVE,0.00,,0.1085,-254340.16,2
2025-08-01,ACC0000005544,CUST0002781,INVESTMENT,Deposito,2021-08-02,ACTIVE,0.00,,0.0519,1404132.20,2
2025-08-01,ACC0000005714,CUST0002866,LOAN,KTA Personal,2025-04-17,ACTIVE,0.00,,0.0678,3673757.03,3
2025-08-01,ACC0000005740,CUST0002879,LOAN,KPR Rumah,2023-03-17,ACTIVE,0.00,,0.091,0.00,0
2025-08-01,ACC0000005931,CUST0002981,LOAN,KTA Personal,2024-08-20,SUSPENDED,0.00,,0.1157,0.00,0
2025-08-01,ACC0000006143,CUST0003086,SAVINGS,Tabungan Negara Plus,2025-01-07,ACTIVE,29205356.41,,0.1185,0.00,0
2025-08-01,ACC0000006165,CUST0003098,CREDIT_CARD,Kartu Gold,2024-07-25,CLOSED,0.00,20598480.01,0.0466,0.00,0
2025-08-01,ACC0000006196,CUST0003113,LOAN,KTA Personal,2023-09-24,ACTIVE,0.00,,0.0122,2940260.36,1
2025-08-01,ACC0000006267,CUST0003147,INVESTMENT,Deposito,2022-09-09,ACTIVE,0.00,,0.1174,-3609913.59,2
2025-08-01,ACC0000006396,CUST0003214,CREDIT_CARD,Kartu Classic,2022-02-22,SUSPENDED,0.00,6935726.62,0.1062,0.00,0
2025-08-01,ACC0000006477,CUST0003253,SAVINGS,Tabungan Negara Plus,2022-04-12,SUSPENDED,22715458.92,,0.1499,0.00,0
2025-08-01,ACC0000006616,CUST0003323,SAVINGS,Tabungan Rencana,2024-07-14,ACTIVE,20715826.76,,0.1494,0.00,0
2025-08-01,ACC0000006635,CUST0003332,INVESTMENT,Obligasi,2022-03-09,ACTIVE,0.00,,0.0948,3687411.82,2
2025-08-01,ACC0000006861,CUST0003445,LOAN,Kredit Kendaraan,2024-11-22,CLOSED,0.00,,0.1233,0.00,0
2025-08-01,ACC0000007384,CUST0003712,SAVINGS,Tabungan Berjangka,2021-05-11,DORMANT,22823761.58,,0.0579,0.00,0
2025-08-01,ACC0000007858,CUST0003949,SAVINGS,Tabungan Berjangka,2024-11-03,ACTIVE,43470566.56,,0.0145,-992100.44,2
2025-08-01,ACC0000007921,CUST0003982,CREDIT_CARD,Kartu Platinum,2024-09-23,ACTIVE,0.00,44948718.96,0.0383,1194659.31,1
2025-08-01,ACC0000000352,CUST0000177,CREDIT_CARD,Kartu Platinum,2022-08-23,ACTIVE,0.00,21203203.84,0.023,0.00,0
2025-08-01,ACC0000000456,CUST0000231,LOAN,KPR Rumah,2023-10-17,ACTIVE,0.00,,0.0247,-7286345.97,3
2025-08-01,ACC0000001104,CUST0000552,CREDIT_CARD,Kartu Classic,2024-02-01,ACTIVE,0.00,31330905.05,0.0434,4198879.16,1
2025-08-01,ACC0000001624,CUST0000818,CREDIT_CARD,Kartu Platinum,2023-01-04,ACTIVE,0.00,12771685.40,0.0666,-353339.46,3
2025-08-01,ACC0000001810,CUST0000908,CREDIT_CARD,Kartu Classic,2021-09-05,ACTIVE,0.00,28489546.39,0.0286,-4029893.96,3
2025-08-01,ACC0000002478,CUST0001244,LOAN,KTA Personal,2023-12-24,ACTIVE,0.00,,0.0313,-1956231.32,3
2025-08-01,ACC0000002571,CUST0001290,LOAN,Kredit Kendaraan,2022-04-06,ACTIVE,0.00,,0.1031,-2523944.79,1
2025-08-01,ACC0000003147,CUST0001584,SAVINGS,Tabungan Haji,2024-11-30,ACTIVE,45259424.08,,0.1071,3576593.06,1
2025-08-01,ACC0000003241,CUST0001635,LOAN,Kredit Kendaraan,2025-05-02,ACTIVE,0.00,,0.014,1791600.53,1
2025-08-01,ACC0000003546,CUST0001785,CREDIT_CARD,Kartu Gold,2024-12-23,SUSPENDED,0.00,26557952.73,0.0604,0.00,0
2025-08-01,ACC0000004412,CUST0002215,LOAN,Kredit Usaha,2022-11-25,ACTIVE,0.00,,0.0178,0.00,0
2025-08-01,ACC0000004509,CUST0002265,LOAN,KPR Rumah,2023-06-13,ACTIVE,0.00,,0.118,3992769.58,1
2025-08-01,ACC0000004964,CUST0002490,INVESTMENT,Obligasi,2024-08-19,ACTIVE,0.00,,0.1243,2186884.50,1
2025-08-01,ACC0000004996,CUST0002505,SAVINGS,Tabungan Haji,2023-03-13,SUSPENDED,14736286.51,,0.0173,0.00,0
2025-08-01,ACC0000005314,CUST0002667,CREDIT_CARD,Kartu Classic,2023-09-22,ACTIVE,0.00,35277631.40,0.1318,98673.91,2
2025-08-01,ACC0000005662,CUST0002840,INVESTMENT,Reksa Dana,2021-07-30,ACTIVE,0.00,,0.0724,-4880847.30,1
2025-08-01,ACC0000005877,CUST0002955,SAVINGS,Tabungan Negara Plus,2021-12-30,ACTIVE,29919193.69,,0.1002,0.00,0
2025-08-01,ACC0000005915,CUST0002973,INVESTMENT,Deposito,2023-04-11,DORMANT,0.00,,0.1165,0.00,0
2025-08-01,ACC0000006240,CUST0003135,CREDIT_CARD,Kartu Virtual,2025-07-14,ACTIVE,0.00,32131584.58,0.0876,0.00,0
2025-08-01,ACC0000006265,CUST0003147,SAVINGS,Tabungan Haji,2022-05-15,ACTIVE,39455766.05,,0.0546,3987467.24,2
2025-08-01,ACC0000006296,CUST0003162,SAVINGS,Tabungan Haji,2023-03-30,DORMANT,36246784.59,,0.0796,0.00,0
2025-08-01,ACC0000006387,CUST0003208,CREDIT_CARD,Kartu Virtual,2023-08-16,ACTIVE,0.00,23043845.44,0.1147,2423178.85,2
2025-08-01,ACC0000006745,CUST0003390,CREDIT_CARD,Kartu Gold,2025-04-11,ACTIVE,0.00,6617574.49,0.1314,-1883445.97,1
2025-08-01,ACC0000006824,CUST0003427,LOAN,KTA Personal,2022-04-09,ACTIVE,0.00,,0.1069,3264126.17,1
2025-08-01,ACC0000006830,CUST0003430,LOAN,KPR Rumah,2022-09-04,ACTIVE,0.00,,0.1261,3663688.35,1
2025-08-01,ACC0000006953,CUST0003496,SAVINGS,Tabungan Haji,2021-12-18,SUSPENDED,47674625.45,,0.1191,0.00,0
2025-08-01,ACC0000007514,CUST0003775,CREDIT_CARD,Kartu Classic,2023-05-13,ACTIVE,0.00,20929321.01,0.0185,0.00,0
2025-08-01,ACC0000000267,CUST0000132,LOAN,KTA Personal,2022-09-17,ACTIVE,0.00,,0.1068,6806608.07,2
2025-08-01,ACC0000000272,CUST0000135,INVESTMENT,Reksa Dana,2024-03-13,ACTIVE,0.00,,0.1397,-2541055.76,4
2025-08-01,ACC0000000340,CUST0000171,INVESTMENT,SBN Retail,2025-04-22,ACTIVE,0.00,,0.1406,3225001.14,1
2025-08-01,ACC0000000607,CUST0000305,SAVINGS,Tabungan Berjangka,2024-07-23,ACTIVE,24042313.54,,0.0528,3263848.03,1
2025-08-01,ACC0000000851,CUST0000423,LOAN,KTA Personal,2024-01-19,ACTIVE,0.00,,0.1432,0.00,0
2025-08-01,ACC0000001134,CUST0000568,CREDIT_CARD,Kartu Classic,2022-03-09,ACTIVE,0.00,45081461.99,0.0428,-357982.96,1
2025-08-01,ACC0000001194,CUST0000598,LOAN,KPR Rumah,2025-02-28,ACTIVE,0.00,,0.1039,-3782513.63,1
2025-08-01,ACC0000001473,CUST0000737,LOAN,KTA Personal,2023-06-01,ACTIVE,0.00,,0.1437,4401355.98,1
2025-08-01,ACC0000001668,CUST0000841,INVESTMENT,Reksa Dana,2025-05-20,ACTIVE,0.00,,0.0952,-4975529.66,1
2025-08-01,ACC0000001862,CUST0000937,SAVINGS,Tabungan Rencana,2024-10-31,ACTIVE,6687967.10,,0.1009,-1080656.55,2
2025-08-01,ACC0000001974,CUST0000992,SAVINGS,Tabungan Negara Plus,2022-04-07,ACTIVE,30702062.54,,0.1052,1766323.61,1
2025-08-01,ACC0000002001,CUST0001006,SAVINGS,Tabungan Berjangka,2025-03-05,CLOSED,11461466.99,,0.14,0.00,0
2025-08-01,ACC0000002619,CUST0001317,LOAN,Kredit Usaha,2021-08-19,ACTIVE,0.00,,0.0612,2309450.72,1
2025-08-01,ACC0000002726,CUST0001378,LOAN,Kredit Usaha,2025-01-28,ACTIVE,0.00,,0.1193,-58716.55,2
2025-08-01,ACC0000002762,CUST0001396,SAVINGS,Tabungan Haji,2024-03-06,ACTIVE,30148119.50,,0.1075,-2526417.42,1
2025-08-01,ACC0000002853,CUST0001441,INVESTMENT,Reksa Dana,2023-01-10,CLOSED,0.00,,0.041,0.00,0
2025-08-01,ACC0000003004,CUST0001513,LOAN,KTA Personal,2024-06-13,DORMANT,0.00,,0.0138,0.00,0
2025-08-01,ACC0000003172,CUST0001597,INVESTMENT,Deposito,2021-10-28,DORMANT,0.00,,0.1222,0.00,0
2025-08-01,ACC0000003326,CUST0001672,INVESTMENT,Obligasi,2021-05-21,ACTIVE,0.00,,0.073,-527577.97,1
2025-08-01,ACC0000003392,CUST0001706,LOAN,KTA Personal,2023-11-17,CLOSED,0.00,,0.0368,0.00,0
2025-08-01,ACC0000003615,CUST0001823,INVESTMENT,Obligasi,2021-08-31,ACTIVE,0.00,,0.1182,2513834.48,2
2025-08-01,ACC0000003846,CUST0001941,LOAN,KTA Personal,2023-12-12,ACTIVE,0.00,,0.0293,-3340918.80,1
2025-08-01,ACC0000003957,CUST0001994,CREDIT_CARD,Kartu Virtual,2024-10-13,ACTIVE,0.00,23064156.30,0.1398,0.00,0
2025-08-01,ACC0000004107,CUST0002070,CREDIT_CARD,Kartu Gold,2022-10-20,ACTIVE,0.00,19240314.82,0.0449,3428709.94,2
2025-08-01,ACC0000004184,CUST0002109,LOAN,Kredit Usaha,2023-01-18,ACTIVE,0.00,,0.1305,0.00,0
2025-08-01,ACC0000004244,CUST0002135,INVESTMENT,SBN Retail,2021-06-16,DORMANT,0.00,,0.0744,0.00,0
2025-08-01,ACC0000004572,CUST0002295,SAVINGS,Tabungan Berjangka,2023-03-26,DORMANT,46656665.92,,0.0581,0.00,0
2025-08-01,ACC0000004832,CUST0002425,SAVINGS,Tabungan Haji,2024-09-06,ACTIVE,23435005.15,,0.1383,0.00,0
2025-08-01,ACC0000004910,CUST0002463,CREDIT_CARD,Kartu Virtual,2022-03-13,CLOSED,0.00,44137842.77,0.1319,0.00,0
2025-08-01,ACC0000004936,CUST0002476,INVESTMENT,Obligasi,2024-10-29,ACTIVE,0.00,,0.0909,0.00,0
2025-08-01,ACC0000005131,CUST0002575,CREDIT_CARD,Kartu Platinum,2024-05-31,ACTIVE,0.00,13745266.21,0.0257,-576721.08,3
2025-08-01,ACC0000005172,CUST0002595,LOAN,KPR Rumah,2025-04-12,ACTIVE,0.00,,0.0564,263100.93,2
2025-08-01,ACC0000005201,CUST0002610,SAVINGS,Tabungan Berjangka,2023-08-14,ACTIVE,10953069.99,,0.0157,-6716026.37,5
2025-08-01,ACC0000005475,CUST0002747,SAVINGS,Tabungan Berjangka,2024-09-08,SUSPENDED,13127181.94,,0.0839,0.00,0
2025-08-01,ACC0000005479,CUST0002749,CREDIT_CARD,Kartu Platinum,2022-10-25,ACTIVE,0.00,16014381.24,0.0707,-8143020.47,3
2025-08-01,ACC0000006078,CUST0003054,CREDIT_CARD,Kartu Gold,2024-04-06,ACTIVE,0.00,36173226.87,0.1131,0.00,0
2025-08-01,ACC0000006306,CUST0003165,INVESTMENT,Obligasi,2023-12-15,ACTIVE,0.00,,0.1125,1482373.29,2
2025-08-01,ACC0000006695,CUST0003363,LOAN,Kredit Kendaraan,2022-08-22,ACTIVE,0.00,,0.0355,1331465.56,2
2025-08-01,ACC0000006877,CUST0003454,CREDIT_CARD,Kartu Virtual,2024-02-22,ACTIVE,0.00,35231533.80,0.098,2427344.06,1
2025-08-01,ACC0000007227,CUST0003637,INVESTMENT,Reksa Dana,2022-11-17,DORMANT,0.00,,0.0167,0.00,0
2025-08-01,ACC0000007571,CUST0003802,LOAN,Kredit Kendaraan,2022-12-15,ACTIVE,0.00,,0.0648,7668616.67,3
2025-08-01,ACC0000007592,CUST0003813,LOAN,Kredit Kendaraan,2022-08-04,ACTIVE,0.00,,0.0756,3301363.00,1
2025-08-01,ACC0000007649,CUST0003844,SAVINGS,Tabungan Rencana,2023-09-11,ACTIVE,32813238.24,,0.1297,922025.31,1
2025-08-01,ACC0000000191,CUST0000095,CREDIT_CARD,Kartu Gold,2021-08-14,SUSPENDED,0.00,22470503.36,0.0673,0.00,0
2025-08-01,ACC0000000789,CUST0000391,CREDIT_CARD,Kartu Virtual,2022-02-27,ACTIVE,0.00,48919300.13,0.0941,0.00,0
2025-08-01,ACC0000001017,CUST0000509,SAVINGS,Tabungan Haji,2022-12-31,ACTIVE,40608317.66,,0.1253,0.00,0
2025-08-01,ACC0000001203,CUST0000602,SAVINGS,Tabungan Berjangka,2022-04-27,ACTIVE,14237788.93,,0.0123,2051311.00,2
2025-08-01,ACC0000001351,CUST0000678,CREDIT_CARD,Kartu Virtual,2024-05-02,ACTIVE,0.00,11173106.81,0.1173,-3416362.69,1
2025-08-01,ACC0000001655,CUST0000834,SAVINGS,Tabungan Haji,2023-06-30,ACTIVE,19805135.73,,0.0654,-3852734.30,1
2025-08-01,ACC0000001914,CUST0000962,LOAN,Kredit Kendaraan,2022-08-09,ACTIVE,0.00,,0.0919,-986926.34,1
2025-08-01,ACC0000001937,CUST0000974,INVESTMENT,Obligasi,2024-10-27,ACTIVE,0.00,,0.068,4935578.71,4
2025-08-01,ACC0000002122,CUST0001067,CREDIT_CARD,Kartu Gold,2022-11-06,ACTIVE,0.00,18996993.88,0.0699,5689419.52,3
2025-08-01,ACC0000002339,CUST0001172,CREDIT_CARD,Kartu Classic,2024-05-22,ACTIVE,0.00,23247023.36,0.0348,-1251792.70,1
2025-08-01,ACC0000002427,CUST0001217,CREDIT_CARD,Kartu Platinum,2024-05-20,ACTIVE,0.00,42225771.03,0.0578,-5443342.02,2
2025-08-01,ACC0000002575,CUST0001292,CREDIT_CARD,Kartu Classic,2022-07-23,ACTIVE,0.00,11043097.61,0.1012,0.00,0
2025-08-01,ACC0000002979,CUST0001501,SAVINGS,Tabungan Rencana,2023-09-08,ACTIVE,5807659.77,,0.0637,342679.99,1
2025-08-01,ACC0000003050,CUST0001534,INVESTMENT,Obligasi,2024-08-24,ACTIVE,0.00,,0.0341,-1700151.79,1
2025-08-01,ACC0000003086,CUST0001553,LOAN,KPR Rumah,2023-02-19,CLOSED,0.00,,0.1145,0.00,0
2025-08-01,ACC0000003163,CUST0001593,CREDIT_CARD,Kartu Gold,2023-05-27,ACTIVE,0.00,36275361.58,0.1,4146958.12,1
2025-08-01,ACC0000003491,CUST0001756,INVESTMENT,Deposito,2021-10-29,ACTIVE,0.00,,0.1083,4085529.28,1
2025-08-01,ACC0000003643,CUST0001838,INVESTMENT,Obligasi,2021-06-21,ACTIVE,0.00,,0.1273,0.00,0
2025-08-01,ACC0000003746,CUST0001888,LOAN,KPR Rumah,2022-06-16,ACTIVE,0.00,,0.057,0.00,0
2025-08-01,ACC0000004224,CUST0002126,LOAN,KPR Rumah,2023-11-16,ACTIVE,0.00,,0.0833,-2792765.08,2
2025-08-01,ACC0000004444,CUST0002231,INVESTMENT,Reksa Dana,2021-07-28,ACTIVE,0.00,,0.0246,-2929931.81,1
2025-08-01,ACC0000004786,CUST0002399,SAVINGS,Tabungan Haji,2021-02-18,ACTIVE,652970.72,,0.0938,-1056388.05,1
2025-08-01,ACC0000005001,CUST0002508,CREDIT_CARD,Kartu Platinum,2024-08-10,ACTIVE,0.00,11083606.17,0.1121,3413318.87,5
2025-08-01,ACC0000005505,CUST0002762,LOAN,KTA Personal,2023-05-08,ACTIVE,0.00,,0.0325,-6614281.25,2
2025-08-01,ACC0000005864,CUST0002949,SAVINGS,Tabungan Haji,2024-01-12,ACTIVE,3184854.09,,0.108,5895890.95,4
2025-08-01,ACC0000005916,CUST0002974,CREDIT_CARD,Kartu Virtual,2022-11-24,ACTIVE,0.00,5278607.00,0.0651,559499.09,4
2025-08-01,ACC0000005943,CUST0002986,LOAN,Kredit Usaha,2024-06-20,DORMANT,0.00,,0.1015,0.00,0
2025-08-01,ACC0000006714,CUST0003372,CREDIT_CARD,Kartu Gold,2024-10-05,ACTIVE,0.00,36271555.62,0.1268,-990131.05,2
2025-08-01,ACC0000007005,CUST0003524,LOAN,Kredit Kendaraan,2024-08-14,ACTIVE,0.00,,0.0525,-6628877.62,3
2025-08-01,ACC0000007275,CUST0003659,LOAN,Kredit Kendaraan,2021-12-25,DORMANT,0.00,,0.0421,0.00,0
2025-08-01,ACC0000007681,CUST0003858,CREDIT_CARD,Kartu Virtual,2023-03-31,SUSPENDED,0.00,43639785.16,0.0992,0.00,0
2025-08-01,ACC0000000054,CUST0000028,CREDIT_CARD,Kartu Virtual,2024-01-17,ACTIVE,0.00,29331150.38,0.0201,0.00,0
2025-08-01,ACC0000000480,CUST0000242,CREDIT_CARD,Kartu Virtual,2023-06-21,ACTIVE,0.00,37203646.14,0.0722,-4144668.85,1
2025-08-01,ACC0000000622,CUST0000311,SAVINGS,Tabungan Haji,2024-04-26,ACTIVE,45833254.67,,0.0427,4368955.78,2
2025-08-01,ACC0000001024,CUST0000512,INVESTMENT,Reksa Dana,2023-07-19,CLOSED,0.00,,0.0156,0.00,0
2025-08-01,ACC0000001113,CUST0000556,SAVINGS,Tabungan Rencana,2021-06-03,ACTIVE,15245686.42,,0.0555,0.00,0
2025-08-01,ACC0000001694,CUST0000855,SAVINGS,Tabungan Berjangka,2023-07-24,ACTIVE,701368.21,,0.0391,-1183259.37,3
2025-08-01,ACC0000001957,CUST0000984,SAVINGS,Tabungan Rencana,2023-03-12,CLOSED,12226828.70,,0.0985,0.00,0
2025-08-01,ACC0000001966,CUST0000988,SAVINGS,Tabungan Negara Plus,2025-04-17,ACTIVE,9359133.13,,0.0137,-5343748.84,2
2025-08-01,ACC0000002623,CUST0001321,SAVINGS,Tabungan Negara Plus,2021-12-01,CLOSED,4053486.92,,0.0814,0.00,0
2025-08-01,ACC0000002738,CUST0001383,LOAN,KPR Rumah,2024-09-11,ACTIVE,0.00,,0.1264,-6903355.35,2
2025-08-01,ACC0000002858,CUST0001444,SAVINGS,Tabungan Berjangka,2021-10-03,ACTIVE,11000769.81,,0.0137,1694720.06,1
2025-08-01,ACC0000002883,CUST0001456,INVESTMENT,Reksa Dana,2024-07-23,ACTIVE,0.00,,0.1391,-1452020.56,1
2025-08-01,ACC0000002898,CUST0001463,SAVINGS,Tabungan Negara Plus,2023-05-17,ACTIVE,32070120.84,,0.0999,550040.00,1
2025-08-01,ACC0000002903,CUST0001466,LOAN,Kredit Kendaraan,2024-09-14,ACTIVE,0.00,,0.1109,392896.15,2
2025-08-01,ACC0000003157,CUST0001590,CREDIT_CARD,Kartu Virtual,2021-10-01,ACTIVE,0.00,15327814.35,0.0674,0.00,0
2025-08-01,ACC0000003400,CUST0001710,CREDIT_CARD,Kartu Virtual,2022-04-10,ACTIVE,0.00,5343041.02,0.1462,6383652.86,3
2025-08-01,ACC0000003411,CUST0001715,LOAN,Kredit Kendaraan,2023-08-16,DORMANT,0.00,,0.0294,0.00,0
2025-08-01,ACC0000003679,CUST0001856,INVESTMENT,Reksa Dana,2022-10-22,DORMANT,0.00,,0.0333,0.00,0
2025-08-01,ACC0000003686,CUST0001858,LOAN,KPR Rumah,2022-07-02,ACTIVE,0.00,,0.1111,-2251850.22,2
2025-08-01,ACC0000003795,CUST0001914,SAVINGS,Tabungan Haji,2023-06-26,ACTIVE,18035705.47,,0.1144,7423087.27,2
2025-08-01,ACC0000004604,CUST0002309,LOAN,Kredit Usaha,2021-05-13,ACTIVE,0.00,,0.0758,-2767919.97,1
2025-08-01,ACC0000004760,CUST0002386,CREDIT_CARD,Kartu Gold,2024-09-21,ACTIVE,0.00,40729196.51,0.0361,-2607760.90,3
2025-08-01,ACC0000004775,CUST0002395,SAVINGS,Tabungan Haji,2024-01-13,ACTIVE,42954855.35,,0.1118,0.00,0
2025-08-01,ACC0000004862,CUST0002438,INVESTMENT,Reksa Dana,2021-09-15,ACTIVE,0.00,,0.0274,-7314287.10,2
2025-08-01,ACC0000004907,CUST0002462,CREDIT_CARD,Kartu Virtual,2024-02-27,ACTIVE,0.00,30222697.60,0.1158,0.00,0
2025-08-01,ACC0000005053,CUST0002532,SAVINGS,Tabungan Haji,2021-07-28,ACTIVE,48114246.59,,0.1133,3924668.64,2
2025-08-01,ACC0000005541,CUST0002780,SAVINGS,Tabungan Negara Plus,2021-06-09,ACTIVE,23595529.95,,0.1198,3424540.52,2
2025-08-01,ACC0000005645,CUST0002833,CREDIT_CARD,Kartu Classic,2021-11-26,ACTIVE,0.00,34638795.75,0.084,0.00,0
2025-08-01,ACC0000005863,CUST0002948,SAVINGS,Tabungan Berjangka,2022-11-26,ACTIVE,3526604.67,,0.1364,0.00,0
2025-08-01,ACC0000005959,CUST0002994,LOAN,Kredit Kendaraan,2025-04-19,ACTIVE,0.00,,0.0815,0.00,0
2025-08-01,ACC0000006394,CUST0003213,INVESTMENT,Deposito,2023-11-14,ACTIVE,0.00,,0.018,-98949.04,1
2025-08-01,ACC0000006462,CUST0003247,CREDIT_CARD,Kartu Virtual,2024-05-24,ACTIVE,0.00,41530534.73,0.0936,1849529.16,1
2025-08-01,ACC0000006484,CUST0003257,CREDIT_CARD,Kartu Classic,2024-09-08,ACTIVE,0.00,37981930.04,0.0211,1925032.37,1
2025-08-01,ACC0000006789,CUST0003408,INVESTMENT,Obligasi,2021-10-02,ACTIVE,0.00,,0.0742,-5577157.29,3
2025-08-01,ACC0000007533,CUST0003784,CREDIT_CARD,Kartu Virtual,2021-06-29,ACTIVE,0.00,42656830.66,0.0465,3190733.88,2
2025-08-01,ACC0000007719,CUST0003880,SAVINGS,Tabungan Rencana,2024-11-14,ACTIVE,19584446.34,,0.1459,1468640.67,2
2025-08-01,ACC0000007767,CUST0003904,CREDIT_CARD,Kartu Platinum,2023-12-06,ACTIVE,0.00,41464653.61,0.1437,8334258.49,4
2025-08-01,ACC0000007828,CUST0003933,CREDIT_CARD,Kartu Platinum,2023-11-27,DORMANT,0.00,41211327.58,0.1331,0.00,0
2025-08-01,ACC0000007855,CUST0003947,LOAN,KTA Personal,2023-05-12,ACTIVE,0.00,,0.1371,3966256.47,1
2025-08-01,ACC0000007927,CUST0003984,SAVINGS,Tabungan Haji,2023-09-14,ACTIVE,19182179.65,,0.1453,4228484.44,2
2025-08-01,ACC0000000137,CUST0000069,SAVINGS,Tabungan Berjangka,2023-03-19,ACTIVE,16188433.61,,0.0108,0.00,0
2025-08-01,ACC0000000141,CUST0000071,SAVINGS,Tabungan Haji,2024-09-04,ACTIVE,11217236.58,,0.0929,-5561732.77,3
2025-08-01,ACC0000001005,CUST0000502,INVESTMENT,Deposito,2022-03-10,ACTIVE,0.00,,0.0298,1762414.81,2
2025-08-01,ACC0000001283,CUST0000646,INVESTMENT,Reksa Dana,2025-03-29,DORMANT,0.00,,0.0861,0.00,0
2025-08-01,ACC0000001512,CUST0000757,CREDIT_CARD,Kartu Classic,2022-06-16,ACTIVE,0.00,26620443.23,0.114,-4128946.31,1
2025-08-01,ACC0000001758,CUST0000886,LOAN,Kredit Usaha,2024-06-30,ACTIVE,0.00,,0.0719,0.00,0
2025-08-01,ACC0000001902,CUST0000957,CREDIT_CARD,Kartu Platinum,2021-10-11,DORMANT,0.00,9980704.74,0.0118,0.00,0
2025-08-01,ACC0000002225,CUST0001114,CREDIT_CARD,Kartu Gold,2021-06-22,ACTIVE,0.00,11279106.61,0.0587,1739023.15,4
2025-08-01,ACC0000002515,CUST0001262,LOAN,Kredit Kendaraan,2021-10-13,ACTIVE,0.00,,0.0741,4099434.74,1
2025-08-01,ACC0000002632,CUST0001327,LOAN,Kredit Kendaraan,2022-04-13,ACTIVE,0.00,,0.0101,-7162939.87,6
2025-08-01,ACC0000002852,CUST0001441,CREDIT_CARD,Kartu Gold,2023-01-24,ACTIVE,0.00,40244170.30,0.0742,0.00,0
2025-08-01,ACC0000002873,CUST0001452,SAVINGS,Tabungan Rencana,2021-09-26,ACTIVE,19457802.21,,0.1285,-7785591.43,2
2025-08-01,ACC0000003370,CUST0001694,CREDIT_CARD,Kartu Gold,2021-10-29,ACTIVE,0.00,5025723.62,0.0779,-3558534.25,2
2025-08-01,ACC0000003616,CUST0001823,CREDIT_CARD,Kartu Virtual,2021-11-11,ACTIVE,0.00,37396463.90,0.0923,-3421722.19,2
2025-08-01,ACC0000003663,CUST0001848,CREDIT_CARD,Kartu Classic,2024-09-04,ACTIVE,0.00,5241382.77,0.0284,0.00,0
2025-08-01,ACC0000003794,CUST0001913,LOAN,Kredit Usaha,2021-05-30,ACTIVE,0.00,,0.068,2422922.89,2
2025-08-01,ACC0000003907,CUST0001970,LOAN,KPR Rumah,2024-11-09,ACTIVE,0.00,,0.1273,1881995.78,2
2025-08-01,ACC0000003923,CUST0001979,LOAN,Kredit Kendaraan,2022-02-12,ACTIVE,0.00,,0.0261,-36521.60,2
2025-08-01,ACC0000003999,CUST0002018,LOAN,KPR Rumah,2021-05-29,ACTIVE,0.00,,0.0107,5439249.70,2
2025-08-01,ACC0000004135,CUST0002081,INVESTMENT,Reksa Dana,2021-08-27,ACTIVE,0.00,,0.0742,0.00,0
2025-08-01,ACC0000004187,CUST0002111,INVESTMENT,Deposito,2023-01-16,ACTIVE,0.00,,0.0267,4780662.28,1
2025-08-01,ACC0000004278,CUST0002152,SAVINGS,Tabungan Berjangka,2024-04-07,CLOSED,36536725.05,,0.0201,0.00,0
2025-08-01,ACC0000004282,CUST0002154,LOAN,Kredit Usaha,2024-04-30,ACTIVE,0.00,,0.0947,-4170610.39,1
2025-08-01,ACC0000004488,CUST0002254,INVESTMENT,Reksa Dana,2024-12-08,DORMANT,0.00,,0.0992,0.00,0
2025-08-01,ACC0000004722,CUST0002370,SAVINGS,Tabungan Negara Plus,2022-05-07,ACTIVE,17318166.21,,0.1232,-2703438.18,2
2025-08-01,ACC0000005073,CUST0002545,CREDIT_CARD,Kartu Classic,2024-07-03,ACTIVE,0.00,11943112.91,0.0351,3624040.02,1
2025-08-01,ACC0000005688,CUST0002853,CREDIT_CARD,Kartu Platinum,2023-09-28,ACTIVE,0.00,37364386.28,0.1311,3732144.08,2
2025-08-01,ACC0000005750,CUST0002886,INVESTMENT,Reksa Dana,2021-08-16,DORMANT,0.00,,0.0548,0.00,0
2025-08-01,ACC0000006195,CUST0003113,CREDIT_CARD,Kartu Classic,2023-09-24,ACTIVE,0.00,46035133.99,0.0488,7014526.75,5
2025-08-01,ACC0000006391,CUST0003212,CREDIT_CARD,Kartu Virtual,2024-11-05,ACTIVE,0.00,45239194.78,0.0861,0.00,0
2025-08-01,ACC0000006649,CUST0003339,CREDIT_CARD,Kartu Virtual,2025-03-17,ACTIVE,0.00,28087737.98,0.0221,-1746489.52,2
2025-08-01,ACC0000007379,CUST0003710,SAVINGS,Tabungan Berjangka,2022-07-07,ACTIVE,18785241.75,,0.0806,0.00,0
2025-08-01,ACC0000007427,CUST0003732,SAVINGS,Tabungan Berjangka,2021-04-12,ACTIVE,48944420.99,,0.0219,2522763.70,1
2025-08-01,ACC0000007629,CUST0003833,SAVINGS,Tabungan Berjangka,2021-11-29,ACTIVE,33743272.15,,0.0157,-93261.21,1
2025-08-01,ACC0000007673,CUST0003855,LOAN,KPR Rumah,2022-02-20,DORMANT,0.00,,0.1356,0.00,0
2025-08-01,ACC0000007760,CUST0003901,CREDIT_CARD,Kartu Gold,2024-03-31,ACTIVE,0.00,28419695.88,0.047,-2654137.53,1
2025-08-01,ACC0000007802,CUST0003922,INVESTMENT,SBN Retail,2022-12-21,ACTIVE,0.00,,0.0154,9296695.09,4
2025-08-01,ACC0000007913,CUST0003978,LOAN,Kredit Kendaraan,2024-08-05,SUSPENDED,0.00,,0.1463,0.00,0
